candidate_id,company,document_id,event_family,candidate_event_type,failure_scope,source_span,surrounding_context,source_first_expected_label,candidate_generated,candidate_family,family_routing_wrong,candidate_generation_decision,family_contract_decision,family_contract_reason,semantic_adjudication_decision,semantic_reason,final_decision,timing_label,polarity_label,third_party_label,label_ambiguity_risk,label_ambiguity_reasons,primary_failure_stage,root_cause_category,review_notes
17f3ec8c31f0689cada3b8d6,"TYSON FOODS, INC.",ee036-fresh-09-tsn,delivery_capacity_sites,site_closure,missed_supported_event,"• Operating Income (Loss) – Operating income increased primarily due to higher pork margins, improved results in our live hog operations and lapping the impacts of facility fire related costs in the third quarter of fiscal 2023, partially offset by the recognition of legal contingency accruals and plant closure and disposal costs in fiscal 2024.","The change in average sales price excludes the impact of a $45 million reduction of Sales from the recognition of legal contingency accruals in fiscal 2024. • Operating Income (Loss) – Operating income increased primarily due to higher pork margins, improved results in our live hog operations and lapping the impacts of facility fire related costs in the third quarter of fiscal 2023, partially offset by the recognition of legal contingency accruals and plant closure and disposal costs in fiscal 2024. 29 Chicken Segment Results in millions 2025 2024 Change 2025 vs.",supported,true,delivery_capacity_sites,false,surfaced_by_fresh_broad_source_locator_v1,ambiguous,capacity_or_delivery_event_not_entailed,reject,INSUFFICIENT_SUPPORT,reject,historical,negative,false,high,supported_label_conflicts_with_accepted_time;supported_label_has_historical_or_hypothetical_flag;deterministic_and_semantic_disagree,family_contract,capacity_or_delivery_event_not_entailed,"The surrounding context explicitly states ""plant closure and disposal costs in fiscal 2024,"" which directly indicates a site closure event affecting Tyson Foods (the target issuer) in fiscal 2024. This is a historical company-reported event, not a third-party or hypothetical mention."
22e4a5a0a40c043bd5e59783,"Tesla, Inc.",ee036-fresh-03-tsla,delivery_capacity_sites,capacity_expansion,missed_supported_event,"The unavailability of any component or supplier could result in production delays, idle manufacturing facilities, product design changes and loss of access to important technology and tools for producing and supporting our products, as well as impact our capacity expansion and our ability to fulfill our obligations under customer contracts.","Additionally, if our suppliers do not accurately forecast and effectively allocate production or if they are not willing to allocate sufficient production to us, or face other challenges such as insolvency, it may reduce our access to components and require us to search for new suppliers. The unavailability of any component or supplier could result in production delays, idle manufacturing facilities, product design changes and loss of access to important technology and tools for producing and supporting our products, as well as impact our capacity expansion and our ability to fulfill our obligations under customer contracts. For example, as companies, including Tesla, have made rapid advancements in AI in recent years, such innovation demands exponentially greater compute, memory, energy and thermal resources, which may prove insufficient in scale or affordability to meet our requirements.",supported,true,delivery_capacity_sites,false,surfaced_by_fresh_broad_source_locator_v1,reject,hypothetical_only,reject,HYPOTHETICAL_ONLY,reject,planned,negative,false,high,supported_label_has_historical_or_hypothetical_flag,shared_safety_rules,hypothetical_only,"The surrounding text explicitly references Tesla's ""capacity expansion"" and states that supplier unavailability ""could ... impact our capacity expansion,"" directly establishing a capacity expansion context for the issuer and a threat to it."
23a90f3e8a2f2073730f5b81,"TYSON FOODS, INC.",ee036-fresh-09-tsn,delivery_capacity_sites,site_closure,missed_supported_event;ambiguous_decision,"In fiscal 2024, our results were impacted by $182 million of plant closure and disposal charges, $174 million of legal contingency accruals and $31 million of restructuring and related charges.","In fiscal 2025, our operating income was impacted by $738 million of legal contingency accruals, $343 million of goodwill and intangible impairments, $45 million of restructuring and related charges, $41 million of charges related to a product recall and $23 million related to brand and product line discontinuations. In fiscal 2024, our results were impacted by $182 million of plant closure and disposal charges, $174 million of legal contingency accruals and $31 million of restructuring and related charges. Market Environment According to the most recently published USDA data, domestic protein production (beef, pork, chicken and turkey) decreased slightly in fiscal 2025 compared to fiscal 2024.",supported,true,delivery_capacity_sites,false,surfaced_by_fresh_broad_source_locator_v1,ambiguous,capacity_or_delivery_event_not_entailed,accept,DIRECT_CURRENT_EVENT,ambiguous,historical,negative,false,high,supported_label_conflicts_with_accepted_time;supported_label_has_historical_or_hypothetical_flag;deterministic_and_semantic_disagree,family_contract,capacity_or_delivery_event_not_entailed,"The surrounding context explicitly states a $182 million 'plant closure and disposal' charge in fiscal 2024, directly indicating a site closure event affecting the issuer."
3877bba0dd3660ccb7e9f53a,"TYSON FOODS, INC.",ee036-fresh-10-tsn,delivery_capacity_sites,site_closure,missed_supported_event,"• $6 million pretax, or $0.01 per diluted share, of plant closure and disposal income, net of charges.","• $14 million pretax, or $0.04 per diluted share, of production facility fire insurance proceeds, net of costs. • $6 million pretax, or $0.01 per diluted share, of plant closure and disposal income, net of charges. • $5 million pretax, or ($0.01) per diluted share, of brand and product line discontinuations.",supported,true,delivery_capacity_sites,false,surfaced_by_fresh_broad_source_locator_v1,ambiguous,capacity_or_delivery_event_not_entailed,reject,INSUFFICIENT_SUPPORT,reject,historical,negative,false,high,supported_label_conflicts_with_accepted_time;supported_label_has_historical_or_hypothetical_flag;deterministic_and_semantic_disagree,family_contract,capacity_or_delivery_event_not_entailed,"The surrounding text explicitly states 'plant closure and disposal income,' indicating a plant/site closure recognized by the issuer (Tyson Foods). This is a direct, issuer-level statement of a closure event and associated financial impact."
393e401dfb1dcd8423399c6e,"TYSON FOODS, INC.",ee036-fresh-09-tsn,delivery_capacity_sites,site_closure,missed_supported_event;ambiguous_decision,"60 The following table reflects our liability related to plant closures as of September 27, 2025 (in millions): Balance at September 28, 2024 Plant Closure Charges Payments Balance at September 27, 2025 Contract termination $ 98 $ 23 $ ( 49 ) $ 72 Severance and retention 5 — ( 5 ) — Total $ 103 $ 23 $ ( 54 ) $ 72 During fiscal 2024, we experienced a fire at a production facility in the Netherlands which is included in International/Other for segment presentation, and subsequently approved the sale of the facility.","Included in the results for fiscal 2023 are $ 201 million of charges that have resulted or will result in cash outflows and $ 138 million of non-cash charges. 60 The following table reflects our liability related to plant closures as of September 27, 2025 (in millions): Balance at September 28, 2024 Plant Closure Charges Payments Balance at September 27, 2025 Contract termination $ 98 $ 23 $ ( 49 ) $ 72 Severance and retention 5 — ( 5 ) — Total $ 103 $ 23 $ ( 54 ) $ 72 During fiscal 2024, we experienced a fire at a production facility in the Netherlands which is included in International/Other for segment presentation, and subsequently approved the sale of the facility. For fiscal 2024, charges totaled $ 86 million primarily related to property, plant and equipment impairments, severance costs, inventory write-offs and clean-up costs, partially offset by insurance proceeds.",supported,true,delivery_capacity_sites,false,surfaced_by_fresh_broad_source_locator_v1,ambiguous,capacity_or_delivery_event_not_entailed,accept,DIRECT_ONGOING_CONDITION,ambiguous,current,negative,false,high,deterministic_and_semantic_disagree,family_contract,capacity_or_delivery_event_not_entailed,"The filing explicitly reports liabilities related to plant closures as of Sept 27, 2025 and notes approval of the sale of a production facility after a fire, directly indicating a site closure for the company."
4a6e461cea0435aa7680bf5c,"Tesla, Inc.",ee036-fresh-03-tsla,delivery_capacity_sites,operational_disruption,missed_supported_event,"If we are unable to accurately match the timing and quantities of component purchases to our actual needs or successfully implement automation, inventory management and other systems to accommodate the increased complexity in our supply chain and parts management, we may incur unexpected production disruption, storage, transportation and write-off costs, which may harm our business and operating results.","As the scale and variants of our production increases, we will also need to accurately forecast, purchase, warehouse and transport components at high volumes to our manufacturing facilities and servicing locations internationally. If we are unable to accurately match the timing and quantities of component purchases to our actual needs or successfully implement automation, inventory management and other systems to accommodate the increased complexity in our supply chain and parts management, we may incur unexpected production disruption, storage, transportation and write-off costs, which may harm our business and operating results. We may be unable to meet our projected construction timelines, costs and production ramps at new factories, or we may experience difficulties in generating and maintaining demand for products manufactured there and related services.
If we are unable to accurately match the timing and quantities of component purchases to our actual needs or successfully implement automation, inventory management and other systems to accommodate the increased complexity in our supply chain and parts management, we may incur unexpected production disruption, storage, transportation and write-off costs, which may harm our business and operating results.",supported,true,delivery_capacity_sites,false,surfaced_by_fresh_broad_source_locator_v1,reject,hypothetical_only,reject,HYPOTHETICAL_ONLY,reject,hypothetical,negative,false,high,supported_label_conflicts_with_accepted_time;supported_label_has_historical_or_hypothetical_flag,shared_safety_rules,hypothetical_only,"The surrounding text explicitly states the company may ""incur unexpected production disruption...which may harm our business and operating results"" if it cannot match component timing/quantities or implement systems. This directly describes a potential operational disruption for the issuer (Tesla)."
4b33e1bcf743c084b0f9a6c4,"TYSON FOODS, INC.",ee036-fresh-09-tsn,delivery_capacity_sites,site_closure,missed_supported_event;ambiguous_decision,"2024 – Included the following items: • $182 million pretax, or ($0.41) per diluted share, of plant closure and disposal charges.","• $36 million pretax, or $0.12 per diluted share, of facility fire related insurance proceeds. 2024 – Included the following items: • $182 million pretax, or ($0.41) per diluted share, of plant closure and disposal charges. • $174 million pretax, or ($0.38) per diluted share, of legal contingency accruals.",supported,true,delivery_capacity_sites,false,surfaced_by_fresh_broad_source_locator_v1,ambiguous,capacity_or_delivery_event_not_entailed,ambiguous,SUBJECT_AMBIGUOUS,ambiguous,historical,negative,false,high,supported_label_conflicts_with_accepted_time;supported_label_has_historical_or_hypothetical_flag,family_contract,capacity_or_delivery_event_not_entailed,"The excerpt explicitly lists a $182 million pretax charge described as ""plant closure and disposal charges"" for 2024, directly evidencing a site closure event for the issuer."
658c8a659e5aac0ff0435e0c,"TYSON FOODS, INC.",ee036-fresh-09-tsn,delivery_capacity_sites,site_closure,missed_supported_event,• Decrease of $140 million due to plant closure and disposal charges.,• Decrease in freight and transportation costs of approximately $310 million. • Decrease of $140 million due to plant closure and disposal charges. • Decrease in hog costs of approximately $135 million in our Pork segment.,supported,true,delivery_capacity_sites,false,surfaced_by_fresh_broad_source_locator_v1,ambiguous,capacity_or_delivery_event_not_entailed,reject,INSUFFICIENT_SUPPORT,reject,historical,negative,false,high,supported_label_conflicts_with_accepted_time;supported_label_has_historical_or_hypothetical_flag;deterministic_and_semantic_disagree,family_contract,capacity_or_delivery_event_not_entailed,"The surrounding text explicitly attributes a $140M decrease to a 'plant closure and disposal charges,' directly establishing a site closure event for Tyson Foods."
7aeff8088b3c5dd4a2308cfc,"TYSON FOODS, INC.",ee036-fresh-09-tsn,delivery_capacity_sites,site_closure,missed_supported_event;ambiguous_decision,"(c) Chicken segment results for fiscal 2025 included $23 million related to brand and product line discontinuations, $23 million of plant closure and disposal charges and $9 million of restructuring and related charges.","Pork segment results for fiscal 2024 included $108 million of plant closure and disposal charges and $73 million of legal contingency accruals. (c) Chicken segment results for fiscal 2025 included $23 million related to brand and product line discontinuations, $23 million of plant closure and disposal charges and $9 million of restructuring and related charges. Chicken segment results for fiscal 2024 included a $56 million legal contingency accrual, $33 million of plant closure and disposal charges and $70 million of facility fire related insurance proceeds.",supported,true,delivery_capacity_sites,false,surfaced_by_fresh_broad_source_locator_v1,ambiguous,capacity_or_delivery_event_not_entailed,accept,DIRECT_SEGMENT_EVENT,ambiguous,historical,negative,false,high,supported_label_conflicts_with_accepted_time;supported_label_has_historical_or_hypothetical_flag;deterministic_and_semantic_disagree,family_contract,capacity_or_delivery_event_not_entailed,"The surrounding context explicitly reports ""plant closure and disposal charges"" for Tyson Foods' Chicken segment (fiscal 2025 and 2024), which directly documents site closures for the target company."
9843f58bc3287abc1582430d,JOHNSON & JOHNSON,ee036-fresh-01-jnj,delivery_capacity_sites,operational_disruption,missed_supported_event,"Product recalls have in the past, and could in the future, prompt government investigations and inspections, the shutdown of manufacturing facilities, continued product shortages and related sales declines, significant remediation costs, reputational damage, possible civil penalties and criminal prosecution.","These circumstances can also result in damage to brand image, brand equity and consumer trust in the Company’s products. Product recalls have in the past, and could in the future, prompt government investigations and inspections, the shutdown of manufacturing facilities, continued product shortages and related sales declines, significant remediation costs, reputational damage, possible civil penalties and criminal prosecution. The Company faces significant regulatory scrutiny, which imposes significant compliance costs and exposes the Company to government investigations, legal actions and penalties.",supported,true,delivery_capacity_sites,false,surfaced_by_fresh_broad_source_locator_v1,reject,historical_only,reject,HYPOTHETICAL_ONLY,reject,historical,negative,false,high,supported_label_conflicts_with_accepted_time;supported_label_has_historical_or_hypothetical_flag,shared_safety_rules,historical_only,"The filing explicitly states that product recalls have prompted (and could prompt) ""the shutdown of manufacturing facilities,"" directly establishing an operational disruption to the Company’s sites and operations."
aaeb10f77b41334e92bf75e1,"Tesla, Inc.",ee036-fresh-03-tsla,delivery_capacity_sites,new_facility,missed_supported_event;ambiguous_decision,"Moreover, we will have to establish and ramp production of our proprietary battery cells and packs at our new factories, and we additionally intend to incorporate sequential design and manufacturing changes into vehicles and energy products manufactured at each new factory.","The construction of and commencement and ramp of production at these factories are subject to a number of uncertainties inherent in all new manufacturing operations, including ongoing compliance with regulatory requirements, procurement and maintenance of construction, environmental and operational licenses and permitting, supply chain constraints, hiring, training and retention of qualified employees and the pace of bringing production equipment and processes online with the capability to manufacture high-quality units at scale. Moreover, we will have to establish and ramp production of our proprietary battery cells and packs at our new factories, and we additionally intend to incorporate sequential design and manufacturing changes into vehicles and energy products manufactured at each new factory. If we experience any issues or delays in meeting our projected timelines, costs, capital efficiency and production capacity for our new factories, expanding and managing teams to implement iterative design and production changes there, maintaining and complying with the terms of any debt financing that we obtain to fund them or generating and maintaining demand for the vehicles and energy products we manufacture there, our business, prospects, operating results and financial condition may be harmed.
Moreover, we will have to establish and ramp production of our proprietary battery cells and packs at our new factories, and we additionally intend to incorporate sequential design and manufacturing changes into vehicles and energy products manufactured at each new factory.",supported,true,delivery_capacity_sites,false,surfaced_by_fresh_broad_source_locator_v1,ambiguous,capacity_or_delivery_event_not_entailed,accept,DIRECT_PLANNED_EVENT,ambiguous,planned,positive,false,high,deterministic_and_semantic_disagree,family_contract,capacity_or_delivery_event_not_entailed,"The source text explicitly states the company will establish and ramp production ""at our new factories,"" directly indicating a planned new-facility event for the issuer (Tesla). This is a first-party statement of planned expansion rather than third-party or background."
b6cbe79c7b3ccec9fc448e6f,"TYSON FOODS, INC.",ee036-fresh-09-tsn,delivery_capacity_sites,site_closure,missed_supported_event;ambiguous_decision,"Chicken segment results for fiscal 2023 included $322 million of plant closure and disposal charges, $210 million of goodwill and intangible impairments, $156 million of legal contingency accruals, $16 million of restructuring and related charges and $11 million of facility fire related insurance proceeds.","Chicken segment results for fiscal 2024 included a $56 million legal contingency accrual, $33 million of plant closure and disposal charges and $70 million of facility fire related insurance proceeds. Chicken segment results for fiscal 2023 included $322 million of plant closure and disposal charges, $210 million of goodwill and intangible impairments, $156 million of legal contingency accruals, $16 million of restructuring and related charges and $11 million of facility fire related insurance proceeds. (d) Prepared Foods segment results for fiscal 2025 included $41 million of charges related to a product recall and a net benefit of $26 million related to restructuring and related charges, which included a gain from the sale of storage facilities net of other plan charges.",supported,true,delivery_capacity_sites,false,surfaced_by_fresh_broad_source_locator_v1,ambiguous,capacity_or_delivery_event_not_entailed,accept,DIRECT_SEGMENT_EVENT,ambiguous,historical,negative,false,high,supported_label_conflicts_with_accepted_time;supported_label_has_historical_or_hypothetical_flag;deterministic_and_semantic_disagree,family_contract,capacity_or_delivery_event_not_entailed,"The passage explicitly reports ""plant closure and disposal charges"" for Tyson's Chicken segment in fiscal 2023, directly indicating site closures (a reduction in site footprint/capacity) for the target issuer. This is a historical company-reported charge rather than a third-party event or hypothetical risk."
34fd2ee77ed6f252aa5af152,"TYSON FOODS, INC.",ee036-fresh-10-tsn,delivery_capacity_sites,site_closure,ambiguous_decision,• Decrease of $17 million due to lower plant closures and disposal charges.,"These amounts exclude offsetting impacts from related physical purchase transactions, which are included in the change in live cattle and hog costs and raw material and feed ingredient costs described herein. • Decrease of $17 million due to lower plant closures and disposal charges. • The remaining decrease in costs across all of our segments primarily driven by net impacts on average cost per pound from mix changes and lower operating costs.
• Decrease of $17 million due to lower plant closures and disposal charges.",unsupported,true,delivery_capacity_sites,false,surfaced_by_fresh_broad_source_locator_v1,ambiguous,capacity_or_delivery_event_not_entailed,ambiguous,TIMING_AMBIGUOUS,ambiguous,historical,negative,false,low,,ambiguity_handling,capacity_or_delivery_event_not_entailed,"The excerpt states a ""Decrease of $17 million due to lower plant closures and disposal charges,"" which indicates fewer (lower) plant closures and reduced charges historically. It does not assert that a site closure occurred or that the company initiated a specific closure event; therefore it does not directly establish a site_closure event for Tyson Foods."
5d39761a50bed0aee1b62efa,"TYSON FOODS, INC.",ee036-fresh-09-tsn,delivery_capacity_sites,site_closure,ambiguous_decision,"• Operating Income (Loss) – Operating loss increased due to compressed pork margins and the recognition of legal contingency accruals, partially offset by lower operating costs, improved results in our live hog operations and lapping the impacts of plant closure and disposal charges and restructuring and related charges recorded in fiscal 2024.","The change in average sales price excludes a $380 million and $45 million reduction of Sales from the recognition of legal contingency accruals recorded in fiscal 2025 and 2024, respectively. • Operating Income (Loss) – Operating loss increased due to compressed pork margins and the recognition of legal contingency accruals, partially offset by lower operating costs, improved results in our live hog operations and lapping the impacts of plant closure and disposal charges and restructuring and related charges recorded in fiscal 2024. 2023 – • Sales Volume – Sales volume increased due to improved market conditions and increased domestic availability of market-ready hogs.",unsupported,true,delivery_capacity_sites,false,surfaced_by_fresh_broad_source_locator_v1,ambiguous,capacity_or_delivery_event_not_entailed,accept,DIRECT_SEGMENT_EVENT,ambiguous,historical,negative,false,high,deterministic_and_semantic_disagree,ambiguity_handling,capacity_or_delivery_event_not_entailed,"The text refers to ""plant closure and disposal charges and restructuring and related charges recorded in fiscal 2024,"" which documents a past (historical) plant closure. The contract accepts current/ongoing/planned events; this is historical-only background and therefore does not support a current/ongoing/planned site_closure event for the issuer."
5dc4426a342ad5a1766ab77a,"TYSON FOODS, INC.",ee036-fresh-09-tsn,delivery_capacity_sites,site_closure,ambiguous_decision,"Chicken segment results for fiscal 2024 included a $56 million legal contingency accrual, $33 million of plant closure and disposal charges and $70 million of facility fire related insurance proceeds.","(c) Chicken segment results for fiscal 2025 included $23 million related to brand and product line discontinuations, $23 million of plant closure and disposal charges and $9 million of restructuring and related charges. Chicken segment results for fiscal 2024 included a $56 million legal contingency accrual, $33 million of plant closure and disposal charges and $70 million of facility fire related insurance proceeds. Chicken segment results for fiscal 2023 included $322 million of plant closure and disposal charges, $210 million of goodwill and intangible impairments, $156 million of legal contingency accruals, $16 million of restructuring and related charges and $11 million of facility fire related insurance proceeds.",unsupported,true,delivery_capacity_sites,false,surfaced_by_fresh_broad_source_locator_v1,ambiguous,capacity_or_delivery_event_not_entailed,accept,DIRECT_SEGMENT_EVENT,ambiguous,historical,negative,false,high,deterministic_and_semantic_disagree,ambiguity_handling,capacity_or_delivery_event_not_entailed,"The surrounding_context documents plant closure and disposal charges for fiscal 2025, 2024, and 2023 (historical financial results). This is historical reporting of past plant closures (plant closure and disposal charges) rather than evidence of a current/ongoing/planned site closure within the contract scope. The contract treats historical-only background as unsupported, so the candidate is unsupported."
6ee5ca0e490d50b3199f351d,"TYSON FOODS, INC.",ee036-fresh-10-tsn,delivery_capacity_sites,site_closure,ambiguous_decision,"• Segment Operating Income – Segment operating income decreased in the third quarter and first nine months of fiscal 2026 due to increased input costs and the absence of insurance proceeds from facility fire related costs and remuneration recognized from plant closure and disposal charges in fiscal 2025 , partially offse t by improved performance .","International Segment Results in millions Three Months Ended Nine Months Ended June 27, 2026 June 28, 2025 Change June 27, 2026 June 28, 2025 Change Sales $ 601 $ 557 $ 44 $ 1,760 $ 1,707 $ 53 Sales Volume Change (3.5) % (1.8) % Average Sales Price Change 11.4 % 4.9 % Segment operating income $ 48 $ 65 $ (17) $ 127 $ 154 $ (27) Segment operating margin 8.0 % 11.7 % 7.2 % 9.0 % Third quarter and nine months – Fiscal 2026 vs Fiscal 2025 • Sales – Sales increased in the third quarter and first nine months of fiscal 2026 as the increase in average sales price and impact from foreign exchange translation gains more than offset the decrease in sales volume. • Segment Operating Income – Segment operating income decreased in the third quarter and first nine months of fiscal 2026 due to increased input costs and the absence of insurance proceeds from facility fire related costs and remuneration recognized from plant closure and disposal charges in fiscal 2025 , partially offse t by improved performance . Additionally, segment operating income in the first nine months of fiscal 2026 was impacted by a legal contingency accrual recognized in the first quarter of fiscal 2026 and benefited from lower restructuring and related charges.
• Segment Operating Income – Segment operating income decreased in the third quarter and first nine months of fiscal 2026 due to increased input costs and the absence of insurance proceeds from facility fire related costs and remuneration recognized from plant closure and disposal charges in fiscal 2025 , partially offse t by improved performance .",unsupported,true,delivery_capacity_sites,false,surfaced_by_fresh_broad_source_locator_v1,ambiguous,capacity_or_delivery_event_not_entailed,accept,DIRECT_SEGMENT_EVENT,ambiguous,historical,negative,false,high,deterministic_and_semantic_disagree,ambiguity_handling,capacity_or_delivery_event_not_entailed,"The surrounding text references a prior “plant closure and disposal charges in fiscal 2025,” indicating a historical (fiscal 2025) plant closure. The contract accepts current/ongoing/planned events; this is historical background, so it does not directly establish a current/ongoing/planned site closure for the issuer."
8fa821eea759c99fcda068fe,"TYSON FOODS, INC.",ee036-fresh-09-tsn,delivery_capacity_sites,site_closure,ambiguous_decision,2024 – • Sales Volume – Sales volume decreased due to production decreases associated with a plant closure in 2024 which were partially offset by production increases at other facilities and higher average carcass weights.,"2023 Sales $ 5,781 $ 5,903 $ (122) $ 5,768 $ 135 Sales Volume Change (1.7) % 3.8 % Average Sales Price Change 5.3 % (0.7) % Operating Income (Loss) $ (199) $ (40) $ (159) $ (139) $ 99 Operating Margin (3.4) % (0.7) % (2.4) % 2025 vs. 2024 – • Sales Volume – Sales volume decreased due to production decreases associated with a plant closure in 2024 which were partially offset by production increases at other facilities and higher average carcass weights. • Average Sales Price – Average sales price increased due to increased input costs and strong demand for our pork products.",unsupported,true,delivery_capacity_sites,false,surfaced_by_fresh_broad_source_locator_v1,ambiguous,capacity_or_delivery_event_not_entailed,ambiguous,SUBJECT_AMBIGUOUS,ambiguous,historical,negative,false,low,,ambiguity_handling,capacity_or_delivery_event_not_entailed,"Surrounding context explicitly states a past plant closure: ""Sales volume decreased due to production decreases associated with a plant closure in 2024..."" This describes a historical (2024) closure as background impact. The contract's accepted_time excludes historical-only events (it allows current/ongoing/planned), so this is UNSUPPORTED despite being about the target issuer."
033bb2b85516583ad79b2e58,JOHNSON & JOHNSON,ee036-fresh-02-jnj,demand_growth,growth_language,missed_supported_event;ambiguous_decision,Innovative Medicine sales increased 8.9% as compared to the same period a year ago.,"and international Innovative Medicine segment operational sales, respectively. Innovative Medicine sales increased 8.9% as compared to the same period a year ago. International Innovative Medicine sales increased by 6.0%, including an operational increase of 3.6% and a positive currency impact of 2.4%.",supported,true,demand_growth,false,surfaced_by_fresh_broad_source_locator_v1,accept,direct_demand_change,ambiguous,SUBJECT_AMBIGUOUS,ambiguous,historical,positive,false,high,supported_label_conflicts_with_accepted_time;supported_label_has_historical_or_hypothetical_flag;deterministic_and_semantic_disagree,semantic_adjudication,SUBJECT_AMBIGUOUS,"The surrounding context explicitly states that Innovative Medicine sales increased 8.9% versus the prior-year period, which is a direct observed demand-side growth measure for the issuer."
0c18908b484b4f5131820f68,"TYSON FOODS, INC.",ee036-fresh-10-tsn,demand_growth,growth_language,missed_supported_event,• Average Sales Price – Average sales price increased in the third quarter and first nine months of fiscal 2026 due to the pass-through of increased raw material costs and sales channel mix.,"Prepared Foods Segment Results in millions Three Months Ended Nine Months Ended June 27, 2026 June 28, 2025 Change June 27, 2026 June 28, 2025 Change Sales $ 2,557 $ 2,515 $ 42 $ 7,741 $ 7,384 $ 357 Sales volume change 0.1 % 0.2 % Average sales price change 1.6 % 4.6 % Segment operating income $ 312 $ 390 $ (78) $ 982 $ 1,016 $ (34) Segment operating margin 12.2 % 15.5 % 12.7 % 13.8 % Third quarter and nine months – Fiscal 2026 vs Fiscal 2025 • Sales Volume – Sales volume increased in the third quarter and first nine months of fiscal 2026 driven by growth in retail. • Average Sales Price – Average sales price increased in the third quarter and first nine months of fiscal 2026 due to the pass-through of increased raw material costs and sales channel mix. • Segment Operating Income – Segment operating income decreased in the third quarter and first nine months of fiscal 2026 due to higher restructuring and related charges resulting from the absence of a gain on the sale of storage facilities recognized in the third quarter of fiscal 2025, higher raw material, freight and transportation costs and increased marketing, advertising and promotional spend.",supported,true,demand_growth,false,surfaced_by_fresh_broad_source_locator_v1,reject,expense_growth_is_not_demand_growth,accept,DIRECT_SEGMENT_EVENT,reject,historical,positive,false,high,supported_label_conflicts_with_accepted_time;supported_label_has_historical_or_hypothetical_flag;deterministic_and_semantic_disagree,family_contract,expense_growth_is_not_demand_growth,"The surrounding_context is a company earnings segment results section explicitly stating that average sales price increased in the third quarter and first nine months of fiscal 2026 for the Prepared Foods segment, directly supporting growth-language for the issuer."
0f3b8b9b3c9deaadc47b90e1,"TYSON FOODS, INC.",ee036-fresh-09-tsn,demand_growth,growth_language,missed_supported_event,2023 – • Sales Volume – Sales volume increased primarily due to higher average carcass weights.,"• Operating Income (Loss) – Operating loss increased in fiscal 2025 due to compressed Beef margins, goodwill and intangible impairments, legal contingency accruals and increased restructuring and related charges, partially offset by improved operational execution and lapping the impacts of plant closure and disposal charges recorded in fiscal 2024. 2023 – • Sales Volume – Sales volume increased primarily due to higher average carcass weights. • Average Sales Price – Average sales price increased due to increased input costs and increased demand.",supported,true,demand_growth,false,surfaced_by_fresh_broad_source_locator_v1,accept,direct_demand_change,reject,INSUFFICIENT_SUPPORT,reject,historical,positive,false,high,supported_label_conflicts_with_accepted_time;supported_label_has_historical_or_hypothetical_flag;deterministic_and_semantic_disagree,semantic_adjudication,INSUFFICIENT_SUPPORT,"The company's disclosure explicitly states 'Sales volume increased', which directly establishes an observed increase in a demand-side measure (sales volume) for the issuer in the provided context."
0f4ee88c03cc4afc940e7ed7,JOHNSON & JOHNSON,ee036-fresh-01-jnj,demand_growth,growth_language,missed_supported_event,The growth of XARELTO (rivaroxaban) sales was primarily driven by the impact of Medicare Part D redesign and market growth partially offset by continued share loss.,"Cardiovascular/Metabolism/Other products achieved sales were $3.8 billion, representing an increase of 6.1% as compared to the prior year. The growth of XARELTO (rivaroxaban) sales was primarily driven by the impact of Medicare Part D redesign and market growth partially offset by continued share loss. The Company maintains a policy that no end customer will be permitted direct delivery of product to a location other than the billing location.",supported,true,demand_growth,false,surfaced_by_fresh_broad_source_locator_v1,accept,direct_demand_change,provider_incomplete,provider_incomplete,provider_incomplete,historical,positive,false,high,supported_label_conflicts_with_accepted_time;supported_label_has_historical_or_hypothetical_flag,provider_execution,provider_incomplete,"The surrounding context explicitly states that XARELTO sales grew and identifies demand-side drivers (Medicare Part D redesign and market growth), directly establishing an observed demand-side growth event for the issuer. The passage is presented as past/observed (""was""), and thus is historical rather than hypothetical or third-party commentary."
1a35260c6c8e05069975e5e7,PFIZER INC,ee036-fresh-07-pfe,demand_growth,demand_growth,missed_supported_event,"as a result of strong demand following the CDC’s recommendation for ages 50-64, partially offset by worldwide lower pediatric indication sales mostly due to timing of CDC shipments in the U.S., as well as lower shipments and competitive pressure in certain international markets.","$ 4,151 $ 4,233 (2) Growth primarily driven by strong uptake of the adult indication in certain international markets, new launches of the pediatric indication in certain emerging markets, as well as strong uptake of the adult indication in the U.S. as a result of strong demand following the CDC’s recommendation for ages 50-64, partially offset by worldwide lower pediatric indication sales mostly due to timing of CDC shipments in the U.S., as well as lower shipments and competitive pressure in certain international markets. 2,342 2,178 8 7 Worldwide $ 6,494 $ 6,411 1 1 Vyndaqel family $6,380 Up 16% (operationally) U.S.",supported,true,demand_growth,false,surfaced_by_fresh_broad_source_locator_v1,ambiguous,demand_change_not_entailed,reject,WRONG_ENTITY,reject,current,positive,false,high,deterministic_and_semantic_disagree,family_contract,demand_change_not_entailed,"The surrounding context explicitly states growth was driven by ""strong uptake ... in the U.S. as a result of strong demand following the CDC’s recommendation for ages 50-64,"" directly attributing increased demand to the CDC recommendation for Pfizer."
1e52318decbcc29769186616,JOHNSON & JOHNSON,ee036-fresh-02-jnj,demand_growth,growth_language,missed_supported_event,"International Innovative Medicine sales increased by 9.6%, including an operational increase of 3.9% and a positive currency impact of 5.7%.","Innovative Medicine sales increased 9.3% as compared to the same period a year ago. International Innovative Medicine sales increased by 9.6%, including an operational increase of 3.9% and a positive currency impact of 5.7%. In the fiscal six months of 2026, the net impact of acquisitions and divestitures on the Innovative Medicine segment operational sales growth was a positive 0.9%, primarily related to CAPLYTA.
International Innovative Medicine sales increased by 9.6%, including an operational increase of 3.9% and a positive currency impact of 5.7%.",supported,true,demand_growth,false,surfaced_by_fresh_broad_source_locator_v1,accept,direct_demand_change,reject,INSUFFICIENT_SUPPORT,reject,historical,positive,false,high,supported_label_conflicts_with_accepted_time;supported_label_has_historical_or_hypothetical_flag;deterministic_and_semantic_disagree,semantic_adjudication,INSUFFICIENT_SUPPORT,"The surrounding context explicitly states that International Innovative Medicine sales ""increased by 9.6%...,"" directly establishing growth language for the issuer's Innovative Medicine segment."
2156bb5c89a81af171969992,"Tesla, Inc.",ee036-fresh-04-tsla,demand_growth,growth_language,missed_supported_event,"Cost of services and other revenue increased $1.05 billion, or 37%, in the three months ended June 30, 2026 as compared to the three months ended June 30, 2025.","Average cost per unit was relatively consistent due to unfavorable sales mix and a negative impact from the weakening of the United States dollar when compared to foreign currencies year over year, offset by favorable impacts related to warranty adjustments and tariffs. Cost of services and other revenue increased $1.05 billion, or 37%, in the three months ended June 30, 2026 as compared to the three months ended June 30, 2025. Cost of services and other revenue increased $1.92 billion, or 35%, in the six months ended June 30, 2026 as compared to the six months ended June 30, 2025.",supported,true,demand_growth,false,surfaced_by_fresh_broad_source_locator_v1,reject,expense_growth_is_not_demand_growth,reject,INSUFFICIENT_SUPPORT,reject,historical,positive,false,high,supported_label_conflicts_with_accepted_time;supported_label_has_historical_or_hypothetical_flag,family_contract,expense_growth_is_not_demand_growth,"The source text explicitly reports an increase in 'Cost of services and other revenue' of $1.05 billion (37%) for the three months ended June 30, 2026 versus the comparable prior-year period, which directly establishes observed demand-side growth language for the issuer (Tesla). This is a factual, company-reported historical increase."
220a4f9bfd4bd920b922a40e,UNION PACIFIC CORP,ee036-fresh-14-unp,demand_growth,growth_language,missed_supported_event;ambiguous_decision,"Second quarter of 2026 volume growth was attributable to a 19% increase in domestic intermodal combined with higher grain and grain products and plastics carloads, offsetting the impact of lower international intermodal carloads and coal carloads, which declined 14% and 17%, respectively, compared to the second quarter of 2025.","Freight revenues increased 12% in the second quarter of 2026 compared to the same period in 2025 as higher fuel surcharge revenues, 2% volume growth, and core pricing gains more than offset the impact of unfavorable business mix (from higher domestic intermodal carloads). Second quarter of 2026 volume growth was attributable to a 19% increase in domestic intermodal combined with higher grain and grain products and plastics carloads, offsetting the impact of lower international intermodal carloads and coal carloads, which declined 14% and 17%, respectively, compared to the second quarter of 2025. Our second quarter of 2026 key operating metrics reflect the continuation of solid operational performance and network fluidity, improving many key measures from 2025.
Second quarter of 2026 volume growth was attributable to a 19% increase in domestic intermodal combined with higher grain and grain products and plastics carloads, offsetting the impact of lower international intermodal carloads and coal carloads, which declined 14% and 17%, respectively, compared to the second quarter of 2025.",supported,true,demand_growth,false,surfaced_by_fresh_broad_source_locator_v1,accept,direct_demand_change,ambiguous,SUBJECT_AMBIGUOUS,ambiguous,historical,positive,false,high,supported_label_conflicts_with_accepted_time;supported_label_has_historical_or_hypothetical_flag;deterministic_and_semantic_disagree,semantic_adjudication,SUBJECT_AMBIGUOUS,"The surrounding_context is a company statement (Union Pacific) that explicitly reports volume growth in Q2 2026 and attributes it to a 19% increase in domestic intermodal plus higher grain/plastics carloads, directly establishing the observed demand-side growth for the target issuer."
2ce99a6465685759166212f8,JOHNSON & JOHNSON,ee036-fresh-02-jnj,demand_growth,growth_language,missed_supported_event,Pulmonary Hypertension products achieved operational sales growth of 2.2% as compared to the same period a year ago.,Growth of INVEGA SUSTENNA / XEPLION / INVEGA TRINZA / TREVICTA was primarily driven by favorable patient mix partially offset by share loss and inventory dynamics. Pulmonary Hypertension products achieved operational sales growth of 2.2% as compared to the same period a year ago. The sales growth of UPTRAVI (selexipag) was driven by market and share growth partially offset by unfavorable patient mix.,supported,true,demand_growth,false,surfaced_by_fresh_broad_source_locator_v1,accept,direct_demand_change,reject,INSUFFICIENT_SUPPORT,reject,historical,positive,false,high,supported_label_conflicts_with_accepted_time;supported_label_has_historical_or_hypothetical_flag;deterministic_and_semantic_disagree,semantic_adjudication,INSUFFICIENT_SUPPORT,"The surrounding_context explicitly reports operational sales growth of 2.2% for Pulmonary Hypertension products versus the prior-year period, directly establishing growth-language for the issuer."
132d80a5e13267db000f44ce,JOHNSON & JOHNSON,ee036-fresh-02-jnj,demand_growth,growth_language,ambiguous_decision,"In the fiscal second quarter of 2026, the net impact of acquisitions and divestitures on worldwide operational sales growth was a negative 0.1%.","Fiscal six months 2026 sales by geographic region (in billions) Fiscal six months 2026 sales by segment (in billions) Note: values may have been rounded *operational excludes the effect of translational currency Form 10-Q 31 Table of Contents For the fiscal second quarter of 2026, worldwide sales were $25.3 billion, a total increase of 6.6%, which included operational growth of 5.6% and a positive currency impact of 1.0% as compared to 2025 fiscal second quarter sales of $23.7 billion. In the fiscal second quarter of 2026, the net impact of acquisitions and divestitures on worldwide operational sales growth was a negative 0.1%. In the fiscal second quarter of 2026, the negative impact of the STELARA sales decline, due to biosimilar competition, on worldwide operational sales was approximately 4.6%.",unsupported,true,demand_growth,false,surfaced_by_fresh_broad_source_locator_v1,accept,direct_demand_change,ambiguous,SUBJECT_AMBIGUOUS,ambiguous,historical,negative,false,high,deterministic_and_semantic_disagree;candidate_event_identity_conflicts_with_polarity,ambiguity_handling,direct_demand_change,"The sentence describes the net impact of acquisitions and divestitures (a structural/M&A effect) on operational sales growth (-0.1%), not an observed demand-side measure or change in customer demand. The contract requires an observed demand-side measure/direction for SUPPORT; this statement documents non-demand-related effects on growth, so it does not meet the contract's growth_language (demand) criterion."
5f3a501f37ed63c516f56520,"TYSON FOODS, INC.",ee036-fresh-09-tsn,demand_growth,growth_language,false_positive,"Management includes assumptions about sales growth, operating margins, discount rates and valuation multiples which consider budgets, business plans, economic projections and marketplace data.","Management estimates the fair value of reporting units considering the use of various valuation techniques, with the primary technique being an income approach (discounted cash flow method). Management includes assumptions about sales growth, operating margins, discount rates and valuation multiples which consider budgets, business plans, economic projections and marketplace data. During the third quarter of fiscal 2025, the Company’s Beef reporting unit experienced lower than anticipated supply of market-ready cattle and an increased carrying value primarily associated with higher cattle costs.
Management includes assumptions about sales growth, operating margins, discount rates and valuation multiples which consider budgets, business plans, economic projections and marketplace data.",unsupported,true,demand_growth,false,surfaced_by_fresh_broad_source_locator_v1,accept,direct_demand_change,accept,DIRECT_CURRENT_EVENT,accept,unclear,unclear,false,low,,joint_contract_and_semantic,unsupported_candidate_accepted,"The text is boilerplate describing that management 'includes assumptions about sales growth...' rather than reporting an observed demand-side measure or explicitly stating growth/decline for the issuer. It does not establish a concrete demand direction, metric, or an issuer-specific growth event—just that growth is assumed in valuation modeling, so it does not directly support the proposed event under the contract."
8423b74e29865e22e3a696b2,"TYSON FOODS, INC.",ee036-fresh-10-tsn,demand_growth,growth_language,false_positive,"Chicken Segment Results in millions Three Months Ended Nine Months Ended June 27, 2026 June 28, 2025 Change June 27, 2026 June 28, 2025 Change Sales $ 4,255 $ 4,220 $ 35 $ 12,753 $ 12,426 $ 327 Sales volume change 1.0 % 2.1 % Average sales price change 2.2 % 1.3 % Segment operating income $ 389 $ 475 $ (86) $ 1,344 $ 1,302 $ 42 Segment operating margin 9.1 % 11.3 % 10.5 % 10.5 % Third quarter and nine months – Fiscal 2026 vs Fiscal 2025 • Sales Volume - Sales volume increased in the third quarter and first nine months of fiscal 2026 primarily due to increased domestic producti on.","Additionally, the increase in segment operating income in the third quarter and first nine months of fiscal 2026 benefited from increased sales volume, partially offset by increased operating costs. Chicken Segment Results in millions Three Months Ended Nine Months Ended June 27, 2026 June 28, 2025 Change June 27, 2026 June 28, 2025 Change Sales $ 4,255 $ 4,220 $ 35 $ 12,753 $ 12,426 $ 327 Sales volume change 1.0 % 2.1 % Average sales price change 2.2 % 1.3 % Segment operating income $ 389 $ 475 $ (86) $ 1,344 $ 1,302 $ 42 Segment operating margin 9.1 % 11.3 % 10.5 % 10.5 % Third quarter and nine months – Fiscal 2026 vs Fiscal 2025 • Sales Volume - Sales volume increased in the third quarter and first nine months of fiscal 2026 primarily due to increased domestic producti on. • Average Sales Price - Average sales price increased in the third quarter and first nine months of fiscal 2026 primarily due to mix.
Chicken Segment Results in millions Three Months Ended Nine Months Ended June 27, 2026 June 28, 2025 Change June 27, 2026 June 28, 2025 Change Sales $ 4,255 $ 4,220 $ 35 $ 12,753 $ 12,426 $ 327 Sales volume change 1.0 % 2.1 % Average sales price change 2.2 % 1.3 % Segment operating income $ 389 $ 475 $ (86) $ 1,344 $ 1,302 $ 42 Segment operating margin 9.1 % 11.3 % 10.5 % 10.5 % Third quarter and nine months – Fiscal 2026 vs Fiscal 2025 • Sales Volume - Sales volume increased in the third quarter and first nine months of fiscal 2026 primarily due to increased domestic producti on.",unsupported,true,demand_growth,false,surfaced_by_fresh_broad_source_locator_v1,accept,direct_demand_change,accept,DIRECT_SEGMENT_EVENT,accept,historical,positive,false,low,,joint_contract_and_semantic,historical_event_accepted,"The source does report higher sales volume (e.g., ""Sales volume increased in the third quarter and first nine months of fiscal 2026 primarily due to increased domestic production""), but it explicitly attributes the increase to increased domestic production (a supply-side cause). The contract requires an observed demand-side measure/direction. Because the statement ties the volume increase to production rather than demand, it does not directly establish demand-side growth for the target issuer and thus is unsupported under the family contract criteria."
99bf10746617a5cfa26bc92d,"Tesla, Inc.",ee036-fresh-03-tsla,demand_growth,growth_language,false_positive,"Automotive regulatory credits revenue decreased $770 million, or 28%, in the year ended December 31, 2025 as compared to the year ended December 31, 2024.","2025 compared to 2024 Automotive sales revenue decreased $6.66 billion, or 9%, in the year ended December 31, 2025 as compared to the year ended December 31, 2024, due a decrease of approximately 8% in cash deliveries and a lower average selling price per unit driven by sales mix and higher customer incentives such as attractive financing options. Automotive regulatory credits revenue decreased $770 million, or 28%, in the year ended December 31, 2025 as compared to the year ended December 31, 2024. Fluctuations in automotive regulatory credits are impacted by our supply of credits, subject to changes in regulation, production and sales.",unsupported,true,demand_growth,false,surfaced_by_fresh_broad_source_locator_v1,accept,direct_demand_change,accept,DIRECT_SEGMENT_EVENT,accept,historical,negative,false,high,candidate_event_identity_conflicts_with_polarity,joint_contract_and_semantic,historical_event_accepted,"The candidate is labeled as 'growth_language' but the provided span explicitly states a decline: ""Automotive regulatory credits revenue decreased $770 million, or 28%, in the year ended December 31, 2025 as compared to the year ended December 31, 2024."" This is a historical negative result and not language indicating growth or demand strength. While surrounding text mentions weaker automotive sales and deliveries, the candidate_span itself documents a decrease (wrong polarity/object for the proposed event)."
9f2628d98a27b87f15de19b4,"TYSON FOODS, INC.",ee036-fresh-10-tsn,demand_growth,growth_language,ambiguous_decision,Sales Price – Average sales price increased,Sales Price – Average sales price increased,ambiguous,true,demand_growth,false,surfaced_by_fresh_broad_source_locator_v1,accept,direct_demand_change,ambiguous,SUBJECT_AMBIGUOUS,ambiguous,unclear,unclear,false,high,source_first_label_is_ambiguous;deterministic_and_semantic_disagree,ambiguity_handling,direct_demand_change,"The real-source fragment lacks enough context to establish subject, actuality and timing."
139a13241eff015e22f5ae0c,JOHNSON & JOHNSON,ee036-fresh-01-jnj,demand_growth,growth_language,ambiguous_decision,sales was primarily driven by the impact of Medicare Part D redesign and market growth,sales was primarily driven by the impact of Medicare Part D redesign and market growth,ambiguous,true,demand_growth,false,surfaced_by_fresh_broad_source_locator_v1,accept,direct_demand_change,ambiguous,SUBJECT_AMBIGUOUS,ambiguous,unclear,unclear,false,high,source_first_label_is_ambiguous;deterministic_and_semantic_disagree,ambiguity_handling,direct_demand_change,"The real-source fragment lacks enough context to establish subject, actuality and timing."
0a40df8498af159cf0e6af7d,TARGET CORP,ee036-fresh-11-tgt,leadership_change_execution,transformation,missed_supported_event;ambiguous_decision,"Beginning in 2025, we began a company-wide business transformation effort to increase speed and agility across the organization in support of our strategic priorities.","Our business transformation initiatives may not achieve their intended objectives, which could adversely affect our competitive position, results of operations, and financial condition. Beginning in 2025, we began a company-wide business transformation effort to increase speed and agility across the organization in support of our strategic priorities. This initiative is intended to simplify cross-functional ways of working, increase role clarity, leverage technology (including artificial intelligence) and data to enhance decision-making, and reduce costs.",supported,true,leadership_change_execution,false,surfaced_by_fresh_broad_source_locator_v1,ambiguous,change_execution_event_not_entailed,accept,DIRECT_ONGOING_CONDITION,ambiguous,ongoing,positive,false,high,supported_label_has_historical_or_hypothetical_flag;deterministic_and_semantic_disagree,family_contract,change_execution_event_not_entailed,"The filing explicitly states the issuer 'began a company-wide business transformation effort' beginning in 2025, which directly establishes an issuer-level transformation."
22b2a038c66c3c66abf914a8,TARGET CORP,ee036-fresh-12-tgt,leadership_change_execution,transformation,missed_supported_event;ambiguous_decision,"(e) For the trailing twelve months ended May 2, 2026, includes the impact of business transformation costs incurred within the trailing twelve-month period, which decreased after-tax ROIC by 0.6 percentage points.","(d) Average based on the invested capital at the end of the current period and the invested capital at the end of the comparable prior period. (e) For the trailing twelve months ended May 2, 2026, includes the impact of business transformation costs incurred within the trailing twelve-month period, which decreased after-tax ROIC by 0.6 percentage points. For the trailing twelve months ended May 3, 2025, includes the impact of after-tax net gains on interchange fee settlements, which increased after-tax ROIC by 1.4 percentage points.
(e) For the trailing twelve months ended May 2, 2026, includes the impact of business transformation costs incurred within the trailing twelve-month period, which decreased after-tax ROIC by 0.6 percentage points.",supported,true,leadership_change_execution,false,surfaced_by_fresh_broad_source_locator_v1,ambiguous,change_execution_event_not_entailed,ambiguous,SUBJECT_AMBIGUOUS,ambiguous,historical,negative,false,high,supported_label_conflicts_with_accepted_time;supported_label_has_historical_or_hypothetical_flag,family_contract,change_execution_event_not_entailed,"The surrounding context explicitly states that business transformation costs incurred in the trailing twelve months ended May 2, 2026 decreased after-tax ROIC by 0.6 percentage points, directly evidencing a transformation-related event for the issuer."
234bb871e6fe33b43ec49a9e,TARGET CORP,ee036-fresh-11-tgt,leadership_change_execution,transformation,missed_supported_event,"In addition, the execution of our business transformation efforts has resulted, and may continue to result, in additional costs, including impairment of long-lived assets and costs associated with exiting certain activities or terminating commercial relationships.","We cannot assure that we will achieve all of the intended benefits of this initiative, including anticipated efficiencies, cost savings, or operational improvements, or that such benefits will be realized within expected timeframes. In addition, the execution of our business transformation efforts has resulted, and may continue to result, in additional costs, including impairment of long-lived assets and costs associated with exiting certain activities or terminating commercial relationships. For example, in 2025, we recognized costs and charges related to reductions in our workforce, facility exits, and the termination of a commercial partnership.",supported,true,leadership_change_execution,false,surfaced_by_fresh_broad_source_locator_v1,accept,direct_change_execution_event,reject,INSUFFICIENT_SUPPORT,reject,ongoing,negative,false,high,supported_label_has_historical_or_hypothetical_flag;deterministic_and_semantic_disagree,semantic_adjudication,INSUFFICIENT_SUPPORT,"The surrounding context explicitly states the issuer's ""business transformation efforts has resulted, and may continue to result, in additional costs"" and provides a 2025 example of recognized costs (workforce reductions, facility exits, termination of a commercial partnership), directly establishing an ongoing transformation with negative cost impacts for the target company."
3a86089546c20ca49e2368d5,TARGET CORP,ee036-fresh-11-tgt,leadership_change_execution,transformation,missed_supported_event,"TARGET CORPORATION 2025 Form 10-K 32 MANAGEMENT'S DISCUSSION AND ANALYSIS Table of Contents RECONCILIATION OF NON-GAAP FINANCIAL MEASURES Index to Financial Statements Adjustments Affecting Comparability 2025 2024 2023 SG&A Expenses Operating Income SG&A Expenses Operating Income SG&A Expenses Operating Income (dollars in millions) Dollars Rate (a) Dollars Rate (a) Dollars Rate (a) Dollars Rate (a) Dollars Rate (a) Dollars Rate (a) Reported, GAAP measure $ 21,535 20.6 % $ 5,117 4.9 % $21,969 20.6 % $5,566 5.2 % $21,462 20.0 % $5,707 5.3 % Adjustments affecting comparability Business transformation costs (b) $ (250) (0.2) % $ 250 0.2 % $ — — % $ — — % $ — — % $ — — % Interchange fee settlements (c) 593 0.6 (593) (0.6) — — — — — — — — Adjusted, Non-GAAP measure $ 21,877 20.9 % $ 4,775 4.6 % $21,969 20.6 % $5,566 5.2 % $21,462 20.0 % $5,707 5.3 % Note: Amounts may not foot due to rounding.","(c) Note 6 to the Financial Statements provides additional information. TARGET CORPORATION 2025 Form 10-K 32 MANAGEMENT'S DISCUSSION AND ANALYSIS Table of Contents RECONCILIATION OF NON-GAAP FINANCIAL MEASURES Index to Financial Statements Adjustments Affecting Comparability 2025 2024 2023 SG&A Expenses Operating Income SG&A Expenses Operating Income SG&A Expenses Operating Income (dollars in millions) Dollars Rate (a) Dollars Rate (a) Dollars Rate (a) Dollars Rate (a) Dollars Rate (a) Dollars Rate (a) Reported, GAAP measure $ 21,535 20.6 % $ 5,117 4.9 % $21,969 20.6 % $5,566 5.2 % $21,462 20.0 % $5,707 5.3 % Adjustments affecting comparability Business transformation costs (b) $ (250) (0.2) % $ 250 0.2 % $ — — % $ — — % $ — — % $ — — % Interchange fee settlements (c) 593 0.6 (593) (0.6) — — — — — — — — Adjusted, Non-GAAP measure $ 21,877 20.9 % $ 4,775 4.6 % $21,969 20.6 % $5,566 5.2 % $21,462 20.0 % $5,707 5.3 % Note: Amounts may not foot due to rounding. (a) Rates are calculated by dividing the applicable amount by Net Sales.",supported,true,leadership_change_execution,false,surfaced_by_fresh_broad_source_locator_v1,reject,negated_event,accept,DIRECT_CURRENT_EVENT,reject,ongoing,neutral,false,high,deterministic_and_semantic_disagree,shared_safety_rules,negated_event,"The company's 2025 Form 10-K explicitly lists 'Business transformation costs' as an adjustment affecting comparability for 2025, evidencing an issuer-level transformation program."
4fb2db5dec73e9e937fec95e,TARGET CORP,ee036-fresh-11-tgt,leadership_change_execution,transformation,missed_supported_event;ambiguous_decision,"(b) For 2025, includes $ 250 million related to business transformation costs described in Note 7 and $ 593 million of pretax net gains related to settlements of credit card interchange fee litigation matters described in Note 6 .","Business Segment Results (millions) 2025 2024 2023 Net sales $ 104,780 $ 106,566 $ 107,412 Cost of sales Merchandising cost of sales (a) 67,980 68,884 70,652 Supply chain and digital fulfillment costs (a) 7,531 7,618 7,176 Total cost of sales 75,511 76,502 77,828 SG&A expenses (b) 21,535 21,969 21,462 Depreciation and amortization (exclusive of depreciation included in cost of sales) 2,617 2,529 2,415 Operating income 5,117 5,566 5,707 Net interest expense 445 411 502 Net other income ( 95 ) ( 106 ) ( 92 ) Earnings before income taxes 4,767 5,261 5,297 Provision for income taxes 1,062 1,170 1,159 Net earnings $ 3,705 $ 4,091 $ 4,138 (a) Note 3 provides a description of Merchandising Cost of Sales and Supply Chain and Digital Fulfillment Costs. (b) For 2025, includes $ 250 million related to business transformation costs described in Note 7 and $ 593 million of pretax net gains related to settlements of credit card interchange fee litigation matters described in Note 6 . Subsequent Event On February 20, 2026, the U.S.",supported,true,leadership_change_execution,false,surfaced_by_fresh_broad_source_locator_v1,ambiguous,change_execution_event_not_entailed,accept,DIRECT_SEGMENT_EVENT,ambiguous,historical,negative,false,high,supported_label_conflicts_with_accepted_time;supported_label_has_historical_or_hypothetical_flag;deterministic_and_semantic_disagree,family_contract,change_execution_event_not_entailed,"The surrounding_context explicitly states that the 2025 results “includes $ 250 million related to business transformation costs described in Note 7,” which directly establishes a transformation event (business transformation costs) for the issuer in the supplied contract text. This is a factual/ historical reporting of 2025 financials for the target company, not third-party or hypothetical information."
59b66016e3ccdee0f3037213,TARGET CORP,ee036-fresh-12-tgt,leadership_change_execution,transformation,missed_supported_event;ambiguous_decision,"We incurred costs and charges related to our business transformation initiatives in 2025, including a reduction in our headquarters workforce.","Business Transformation Initiatives In 2025, we announced a multi-year initiative to transform various aspects of our business—including our organizational structure, processes, and technology—to enable greater agility and optimize the use of the Company's assets. We incurred costs and charges related to our business transformation initiatives in 2025, including a reduction in our headquarters workforce. Refer to Note 7 to the Financial Statements in our Form 10-K for the fiscal year ended January 31, 2026, for additional information.",supported,true,leadership_change_execution,false,surfaced_by_fresh_broad_source_locator_v1,ambiguous,change_execution_event_not_entailed,accept,DIRECT_CURRENT_EVENT,ambiguous,ongoing,negative,false,high,supported_label_has_historical_or_hypothetical_flag;deterministic_and_semantic_disagree,family_contract,change_execution_event_not_entailed,"The surrounding context explicitly states the issuer announced a multi-year business transformation initiative and that ""We incurred costs and charges related to our business transformation initiatives in 2025, including a reduction in our headquarters workforce."" This directly establishes a transformation (issuer-level change) and indicates it was active in 2025 as part of a multi-year program (ongoing). The event pertains to the target issuer (not a third party)."
5a02ec711cb7f20f67e8c89c,TARGET CORP,ee036-fresh-12-tgt,leadership_change_execution,transformation,missed_supported_event;ambiguous_decision,"Business Transformation Initiatives In 2025, we announced a multi-year initiative to transform various aspects of our business—including our organizational structure, processes, and technology—to enable greater agility and optimize the use of the Company's assets.","TARGET CORPORATION Q1 2026 Form 10-Q 14 MANAGEMENT'S DISCUSSION AND ANALYSIS Table of Contents FINANCIAL SUMMARY Index to Notes The collective interaction of tariffs, IEEPA refunds, sourcing strategies, pricing actions, consumer response and behaviors, and other factors could materially impact our sales, results of operations, and financial condition in future periods. Business Transformation Initiatives In 2025, we announced a multi-year initiative to transform various aspects of our business—including our organizational structure, processes, and technology—to enable greater agility and optimize the use of the Company's assets. We incurred costs and charges related to our business transformation initiatives in 2025, including a reduction in our headquarters workforce.",supported,true,leadership_change_execution,false,surfaced_by_fresh_broad_source_locator_v1,ambiguous,change_execution_event_not_entailed,accept,DIRECT_PLANNED_EVENT,ambiguous,ongoing,neutral,false,high,supported_label_has_historical_or_hypothetical_flag;deterministic_and_semantic_disagree,family_contract,change_execution_event_not_entailed,"The filing explicitly states the issuer ""announced a multi-year initiative to transform various aspects of our business"" and notes costs and workforce reduction related to the company's business transformation initiatives, directly establishing an issuer-level transformation program."
5be42aa60cc64c198bfa0178,TARGET CORP,ee036-fresh-11-tgt,leadership_change_execution,transformation,missed_supported_event;ambiguous_decision,"Business Transformation Costs In May 2025, we announced a multi-year initiative to transform various aspects of our business—including our organizational structure, processes, and technology—to enable greater agility and optimize the use of the Company's assets.","As a result of these lump-sum settlements, we recorded gains within SG&A Expenses of $ 593 million, net of legal fees. Business Transformation Costs In May 2025, we announced a multi-year initiative to transform various aspects of our business—including our organizational structure, processes, and technology—to enable greater agility and optimize the use of the Company's assets. Costs incurred in connection with our business transformation initiative include the following: • Severance and Related Costs — During 2025, we recognized $ 129 million of severance and related costs within SG&A, primarily related to our headquarters workforce reduction.",supported,true,leadership_change_execution,false,surfaced_by_fresh_broad_source_locator_v1,ambiguous,change_execution_event_not_entailed,accept,DIRECT_PLANNED_EVENT,ambiguous,ongoing,neutral,false,high,supported_label_has_historical_or_hypothetical_flag;deterministic_and_semantic_disagree,family_contract,change_execution_event_not_entailed,"The surrounding context contains a direct statement that the company announced a multi-year business transformation initiative (May 2025), which matches the proposed transformation event for the issuer."
740245f5ea725faf100cd9d7,TARGET CORP,ee036-fresh-11-tgt,leadership_change_execution,transformation,missed_supported_event;ambiguous_decision,"Costs incurred in connection with our business transformation initiative include the following: • Severance and Related Costs — During 2025, we recognized $ 129 million of severance and related costs within SG&A, primarily related to our headquarters workforce reduction.","Business Transformation Costs In May 2025, we announced a multi-year initiative to transform various aspects of our business—including our organizational structure, processes, and technology—to enable greater agility and optimize the use of the Company's assets. Costs incurred in connection with our business transformation initiative include the following: • Severance and Related Costs — During 2025, we recognized $ 129 million of severance and related costs within SG&A, primarily related to our headquarters workforce reduction. The majority has been paid as of January 31, 2026.",supported,true,leadership_change_execution,false,surfaced_by_fresh_broad_source_locator_v1,ambiguous,change_execution_event_not_entailed,accept,DIRECT_CURRENT_EVENT,ambiguous,ongoing,negative,false,high,deterministic_and_semantic_disagree,family_contract,change_execution_event_not_entailed,"The surrounding context explicitly states the issuer announced a multi-year business transformation initiative and reports severance costs recognized in 2025 tied to that initiative, directly establishing an issuer-level transformation event."
a342b430c73cc9b32ed2fc5a,TARGET CORP,ee036-fresh-12-tgt,leadership_change_execution,transformation,missed_supported_event;ambiguous_decision,"The principal forward-looking statements in this report include statements regarding: our future financial and operational performance, changes in the consumer landscape, evolution in tariffs and global trade policy, the availability, timing, and amount of any tariff refunds, the impacts of business transformation efforts, the adequacy of and costs associated with our sources of liquidity, the funding of debt maturities, the execution of our share repurchase program, our expected capital expenditures and new lease commitments, the expected compliance with debt covenants, the expected impact of new accounting pronouncements, our intentions regarding future dividends, the expected return on plan assets, the expected outcome of, and adequacy of our reserves for, claims, litigation, and the resolution of tax matters, and changes in our assumptions and expectations.","These statements are typically accompanied by the words ""anticipate,"" ""believe,"" ""could,"" “expect,” “may,” “might,” “seek,” ""will,"" “would,” or similar words. The principal forward-looking statements in this report include statements regarding: our future financial and operational performance, changes in the consumer landscape, evolution in tariffs and global trade policy, the availability, timing, and amount of any tariff refunds, the impacts of business transformation efforts, the adequacy of and costs associated with our sources of liquidity, the funding of debt maturities, the execution of our share repurchase program, our expected capital expenditures and new lease commitments, the expected compliance with debt covenants, the expected impact of new accounting pronouncements, our intentions regarding future dividends, the expected return on plan assets, the expected outcome of, and adequacy of our reserves for, claims, litigation, and the resolution of tax matters, and changes in our assumptions and expectations. All such forward-looking statements are intended to enjoy the protection of the safe harbor for forward-looking statements contained in the Private Securities Litigation Reform Act of 1995, as amended.
The principal forward-looking statements in this report include statements regarding: our future financial and operational performance, changes in the consumer landscape, evolution in tariffs and global trade policy, the availability, timing, and amount of any tariff refunds, the impacts of business transformation efforts, the adequacy of and costs associated with our sources of liquidity, the funding of debt maturities, the execution of our share repurchase program, our expected capital expenditures and new lease commitments, the expected compliance with debt covenants, the expected impact of new accounting pronouncements, our intentions regarding future dividends, the expected return on plan assets, the expected outcome of, and adequacy of our reserves for, claims, litigation, and the resolution of tax matters, and changes in our assumptions and expectations.",supported,true,leadership_change_execution,false,surfaced_by_fresh_broad_source_locator_v1,ambiguous,change_execution_event_not_entailed,accept,DIRECT_PLANNED_EVENT,ambiguous,planned,neutral,false,high,supported_label_has_historical_or_hypothetical_flag;deterministic_and_semantic_disagree,family_contract,change_execution_event_not_entailed,"The issuer's own filing explicitly lists “the impacts of business transformation efforts” among its principal forward-looking statements, directly indicating a transformation initiative by the company."
a52fc4bcde6b963a66e90aac,TARGET CORP,ee036-fresh-11-tgt,leadership_change_execution,transformation,missed_supported_event;ambiguous_decision,"TARGET CORPORATION 2025 Form 10-K 27 MANAGEMENT'S DISCUSSION AND ANALYSIS Table of Contents EXECUTIVE OVERVIEW & FINANCIAL SUMMARY Index to Financial Statements Business Transformation Initiatives In 2025, we announced a multi-year initiative to transform various aspects of our business—including our organizational structure, processes, and technology—to enable greater agility and optimize the use of the Company's assets.","The collective interaction of tariffs, sourcing strategies, pricing actions, consumer response and behaviors, and other factors, could materially impact our sales and results of operations in future periods. TARGET CORPORATION 2025 Form 10-K 27 MANAGEMENT'S DISCUSSION AND ANALYSIS Table of Contents EXECUTIVE OVERVIEW & FINANCIAL SUMMARY Index to Financial Statements Business Transformation Initiatives In 2025, we announced a multi-year initiative to transform various aspects of our business—including our organizational structure, processes, and technology—to enable greater agility and optimize the use of the Company's assets. We incurred costs and charges related to our business transformation initiatives in 2025, including a reduction in our headquarters workforce.",supported,true,leadership_change_execution,false,surfaced_by_fresh_broad_source_locator_v1,ambiguous,change_execution_event_not_entailed,accept,DIRECT_PLANNED_EVENT,ambiguous,ongoing,neutral,false,high,supported_label_has_historical_or_hypothetical_flag;deterministic_and_semantic_disagree,family_contract,change_execution_event_not_entailed,"The surrounding context explicitly states that the company announced a multi-year business transformation initiative in 2025 and that costs were incurred related to these initiatives, directly establishing an issuer-level transformation event."
35d4f43d8140b7c54fc3164d,JOHNSON & JOHNSON,ee036-fresh-01-jnj,leadership_change_execution,leadership_change,false_positive,"Schmid was appointed Executive Vice President, Worldwide Chairman, MedTech and a member of the Executive Committee in 2023.","2025 Annual Report 19 Tim Schmid, 56 Member, Executive Committee; Executive Vice President, Worldwide Chairman, MedTech Mr. Schmid was appointed Executive Vice President, Worldwide Chairman, MedTech and a member of the Executive Committee in 2023. He joined the Company in 1993 and has served in leadership positions throughout Johnson & Johnson MedTech, including Chief Strategic Customer Officer and President of Ethicon, and most recently served as Company Group Chairman MedTech Asia Pacific from 2018-2023.",unsupported,true,leadership_change_execution,false,surfaced_by_fresh_broad_source_locator_v1,accept,direct_change_execution_event,accept,DIRECT_CURRENT_EVENT,accept,historical,positive,false,low,,joint_contract_and_semantic,historical_event_accepted,"The surrounding_context explicitly states the appointment occurred in 2023, which is historical/background information. The contract only accepts current/ongoing/planned events; therefore this historical leadership appointment is unsupported under the contract (i.e., historical-only background)."
62f241f8ed637609ddb1f1fe,JOHNSON & JOHNSON,ee036-fresh-01-jnj,leadership_change_execution,leadership_change,ambiguous_decision,"Duato was appointed to the Executive Committee in 2016 when he was named Executive Vice President, Worldwide Chairman, Pharmaceuticals and subsequently served as Vice Chairman of the Executive Committee.","Duato became Chairman of the Board of Directors in 2023 subsequent to his appointments as Chief Executive Officer and Director in 2022. Duato was appointed to the Executive Committee in 2016 when he was named Executive Vice President, Worldwide Chairman, Pharmaceuticals and subsequently served as Vice Chairman of the Executive Committee. Duato first joined the Company in 1989 with Janssen-Farmaceutica S.A.",unsupported,true,leadership_change_execution,false,surfaced_by_fresh_broad_source_locator_v1,accept,direct_change_execution_event,ambiguous,SUBJECT_AMBIGUOUS,ambiguous,historical,neutral,false,high,deterministic_and_semantic_disagree,ambiguity_handling,direct_change_execution_event,"The surrounding_context documents a past appointment (2016) and subsequent historical roles for Duato. The contract's accepted_time restricts events to current/ongoing/planned; this is historical-only background, which per instructions should be labeled UNSUPPORTED."
63cc7b09a317bd7e2a4aa45a,"TYSON FOODS, INC.",ee036-fresh-09-tsn,leadership_change_execution,leadership_change,false_positive,"Lori Bondar was appointed Senior Vice President and Chief Accounting Officer in December 2023, after serving as Senior Vice President, Finance and Accounting since her initial employment with the Company in September 2023.","Tyson was initially employed by the Company in 1973. Lori Bondar was appointed Senior Vice President and Chief Accounting Officer in December 2023, after serving as Senior Vice President, Finance and Accounting since her initial employment with the Company in September 2023. Bondar was employed by Avery Dennison Corporation from 2008 to 2023 prior to joining the Company.",unsupported,true,leadership_change_execution,false,surfaced_by_fresh_broad_source_locator_v1,accept,direct_change_execution_event,accept,DIRECT_CURRENT_EVENT,accept,historical,neutral,false,low,,joint_contract_and_semantic,historical_event_accepted,"The surrounding_context directly states the appointment (Lori Bondar was appointed Senior Vice President and Chief Accounting Officer in December 2023), which makes this a historical leadership change. The contract's accepted_time list permits only current/ongoing/planned events; historical-only background is explicitly listed as UNSUPPORTED. Therefore the candidate is unsupported under the supplied contract."
653104d86cf5b764f6e078d8,JOHNSON & JOHNSON,ee036-fresh-01-jnj,leadership_change_execution,leadership_change,false_positive,"Wolk was appointed Executive Vice President, Chief Financial Officer and a member of the Executive Committee in 2018.","Wolk, 59 Member, Executive Committee; Executive Vice President, Chief Financial Officer Mr. Wolk was appointed Executive Vice President, Chief Financial Officer and a member of the Executive Committee in 2018. He first joined the Company in 1998 as Finance Manager, Business Development for Ortho-McNeil, a subsidiary of the Company.",unsupported,true,leadership_change_execution,false,surfaced_by_fresh_broad_source_locator_v1,accept,direct_change_execution_event,accept,DIRECT_CURRENT_EVENT,accept,historical,neutral,false,low,,joint_contract_and_semantic,historical_event_accepted,"The surrounding context documents an appointment in 2018 (historical background). The contract's accepted_time list includes only current, ongoing, or planned events — it explicitly excludes historical-only items. Although this is a direct leadership appointment for the issuer (not a third party), the event is historical and therefore does not meet the contract timing requirements."
a4edfe4a3b836bb995614f6a,"TYSON FOODS, INC.",ee036-fresh-09-tsn,leadership_change_execution,leadership_change,ambiguous_decision,Donnie King was appointed President and Chief Executive Officer in June 2021 after serving as Chief Operating Officer since February 2021 and Group President Poultry since September 2020.,"Hanson was employed by John Deere prior to joining the Company. Donnie King was appointed President and Chief Executive Officer in June 2021 after serving as Chief Operating Officer since February 2021 and Group President Poultry since September 2020. King served as Chief Administration Officer from February 2019 to September 2020 in addition to the role of Group President, International from January 2019 to February 2020.",unsupported,true,leadership_change_execution,false,surfaced_by_fresh_broad_source_locator_v1,accept,direct_change_execution_event,ambiguous,SUBJECT_AMBIGUOUS,ambiguous,historical,neutral,false,high,deterministic_and_semantic_disagree,ambiguity_handling,direct_change_execution_event,"The surrounding text clearly documents a past appointment (Donnie King appointed President and CEO in June 2021). The contract only accepts current/ongoing/planned events; this is a historical leadership change and therefore does not meet the contract's temporal acceptance criteria. The passage refers to ""the Company"" and describes internal roles, so this is not a third‑party event but it remains historical."
b905e01f44de9dad9d24fbc4,JOHNSON & JOHNSON,ee036-fresh-01-jnj,leadership_change_execution,leadership_change,ambiguous_decision,"Mulholland was appointed Executive Vice President, Chief Human Resources Officer and appointed to the Executive Committee in 2024.","Kristen Mulholland, 59 Member, Executive Committee; Executive Vice President, Chief Human Resources Officer Ms. Mulholland was appointed Executive Vice President, Chief Human Resources Officer and appointed to the Executive Committee in 2024. She joined the company in 2005 and has held HR leadership positions across the full breadth of the company including MedTech, Innovative Medicines, our Corporate Functions and Corporate HR Services including Performance and Development and most recently, Global Total Rewards.",unsupported,true,leadership_change_execution,false,surfaced_by_fresh_broad_source_locator_v1,accept,direct_change_execution_event,ambiguous,SUBJECT_AMBIGUOUS,ambiguous,historical,neutral,false,high,deterministic_and_semantic_disagree,ambiguity_handling,direct_change_execution_event,"The surrounding_context directly states the appointment occurred in 2024, which makes this a historical leadership appointment. The contract's accepted_time includes only current, ongoing, or planned events (no historical-only events). Therefore, while the source establishes the appointment factually, it does not meet the contract's temporal acceptance and must be labeled UNSUPPORTED as historical-only background."
ca77550a3cf8cf1124ca6115,JOHNSON & JOHNSON,ee036-fresh-01-jnj,leadership_change_execution,leadership_change,false_positive,"Broadhurst was named Executive Vice President, Global Corporate Affairs and appointed to the Executive Committee in 2022.","Vanessa Broadhurst, 57 Member, Executive Committee; Executive Vice President, Global Corporate Affairs Ms. Broadhurst was named Executive Vice President, Global Corporate Affairs and appointed to the Executive Committee in 2022. Broadhurst rejoined the Company in 2017 and was appointed Company Group Chairman, Global Commercial Strategy Organization in 2018.",unsupported,true,leadership_change_execution,false,surfaced_by_fresh_broad_source_locator_v1,accept,direct_change_execution_event,accept,DIRECT_CURRENT_EVENT,accept,historical,neutral,false,low,,joint_contract_and_semantic,historical_event_accepted,"The cited text documents an appointment that occurred in 2022 (historical background). The contract accepts only current/ongoing/planned events; therefore this historical leadership appointment does not meet the contract's temporal requirement and is unsupported. The item is not a third-party event and pertains to the issuer, but its timing disqualifies it."
d70de120aae23a1b5dfb7daf,JOHNSON & JOHNSON,ee036-fresh-01-jnj,leadership_change_execution,leadership_change,ambiguous_decision,"Forminard was appointed Executive Vice President, Chief Legal Officer and a member of the Executive Committee in 2022.","Elizabeth Forminard, 55 Member, Executive Committee; Executive Vice President, Chief Legal Officer Ms. Forminard was appointed Executive Vice President, Chief Legal Officer and a member of the Executive Committee in 2022. Forminard joined the Company in 2006, serving in roles of increasing responsibility including General Counsel Medical Devices & Diagnostics, General Counsel Consumer Group & Supply Chain, Worldwide Vice President Corporate Governance, and in her immediate past role as General Counsel Pharmaceuticals.",unsupported,true,leadership_change_execution,false,surfaced_by_fresh_broad_source_locator_v1,accept,direct_change_execution_event,ambiguous,SUBJECT_AMBIGUOUS,ambiguous,historical,neutral,false,high,deterministic_and_semantic_disagree,ambiguity_handling,direct_change_execution_event,"The provided source text explicitly states the appointment occurred in 2022 (a historical appointment). The contract's accepted_time list permits only current, ongoing, or planned events, so this historical-only leadership appointment does not meet the contract temporal requirements. The item is an internal leadership change for the issuer (not a third-party event), but because it is historical-only it is unsupported under the supplied contract criteria."
f1ac12aefc1147271ebf8bd3,JOHNSON & JOHNSON,ee036-fresh-01-jnj,leadership_change_execution,leadership_change,false_positive,"Taubert was appointed Executive Vice President, Worldwide Chairman, Innovative Medicine and a member of the Executive Committee in 2018.","Taubert, 62 Member, Executive Committee; Executive Vice President, Worldwide Chairman, Innovative Medicine Ms. Taubert was appointed Executive Vice President, Worldwide Chairman, Innovative Medicine and a member of the Executive Committee in 2018. She joined the Company in 2005 as Worldwide Vice President and held several executive positions of increasing responsibility in the Pharmaceuticals sector, including Company Group Chairman, North America, and Company Group Chairman, The Americas from 2012-2018.",unsupported,true,leadership_change_execution,false,surfaced_by_fresh_broad_source_locator_v1,accept,direct_change_execution_event,accept,DIRECT_CURRENT_EVENT,accept,historical,neutral,false,low,,joint_contract_and_semantic,historical_event_accepted,"The surrounding_context explicitly states the appointment occurred in 2018, which is historical background. The contract only accepts events that are current, ongoing, or planned; therefore this historical leadership appointment does not meet the contract timing requirement and is unsupported."
f6ece0b794ec952def7a3333,TARGET CORP,ee036-fresh-11-tgt,leadership_change_execution,transformation,ambiguous_decision,"We may incur additional business transformation costs and charges in future periods, which may adversely affect our results of operations and financial condition; however, we cannot reasonably estimate the amount of such costs and charges at this time.","Note 7 to the Financial Statements provides additional information. We may incur additional business transformation costs and charges in future periods, which may adversely affect our results of operations and financial condition; however, we cannot reasonably estimate the amount of such costs and charges at this time. Financial Summary Fiscal 2025 included the following notable items: • GAAP diluted earnings per share were $8.13 and Adjusted EPS 1 were $7.57.",unsupported,true,leadership_change_execution,false,surfaced_by_fresh_broad_source_locator_v1,ambiguous,change_execution_event_not_entailed,accept,DIRECT_PLANNED_EVENT,ambiguous,planned,negative,false,high,deterministic_and_semantic_disagree,ambiguity_handling,change_execution_event_not_entailed,"The excerpt is speculative risk-language stating the company 'may incur additional business transformation costs...in future periods' and that the amount cannot be reasonably estimated. This is a hypothetical disclosure of potential costs, not a direct statement that a transformation programme or specific transformation event is occurring. Per the annotation rules, hypothetical risk disclosures are UNSUPPORTED for establishing a concrete issuer change programme."
dd8ba49d6d6c18ab5fe6bd94,JOHNSON & JOHNSON,ee036-fresh-01-jnj,leadership_change_execution,leadership_change,ambiguous_decision,appointed to the Executive Committee in 2016 when he was named Executive Vice President,appointed to the Executive Committee in 2016 when he was named Executive Vice President,ambiguous,true,leadership_change_execution,false,surfaced_by_fresh_broad_source_locator_v1,accept,direct_change_execution_event,ambiguous,SUBJECT_AMBIGUOUS,ambiguous,unclear,unclear,false,high,source_first_label_is_ambiguous;deterministic_and_semantic_disagree,ambiguity_handling,direct_change_execution_event,"The real-source fragment lacks enough context to establish subject, actuality and timing."
233f6dbc148450aa797827d2,"Tesla, Inc.",ee036-fresh-04-tsla,quality_regulatory,safety_issue,missed_supported_event;ambiguous_decision,District Court for the Southern District of Florida reached a verdict in a product liability trial relating to certain allegations regarding the use of our Autopilot technology in a 2019 accident that resulted in a fatality and injuries.,"We are unable to reasonably estimate the possible loss or range of loss, if any, associated with these claims, unless noted. District Court for the Southern District of Florida reached a verdict in a product liability trial relating to certain allegations regarding the use of our Autopilot technology in a 2019 accident that resulted in a fatality and injuries. The jury awarded $ 129 million in total compensatory damages, finding the driver 67 % at fault and the Company 33 % at fault.",supported,true,quality_regulatory,false,surfaced_by_fresh_broad_source_locator_v1,ambiguous,quality_or_regulatory_event_not_entailed,accept,DIRECT_CURRENT_EVENT,ambiguous,historical,negative,false,high,supported_label_conflicts_with_accepted_time;supported_label_has_historical_or_hypothetical_flag;deterministic_and_semantic_disagree,family_contract,quality_or_regulatory_event_not_entailed,The surrounding context states a court verdict in a product liability trial concerning Tesla's Autopilot tied to a fatal 2019 accident and notes a jury award of $129 million and partial company fault. This directly establishes an adverse safety/product-liability event affecting the company (not a third party).
3669b41005c0b59e2627e89b,"Tesla, Inc.",ee036-fresh-03-tsla,quality_regulatory,quality_failure,missed_supported_event;ambiguous_decision,"These lawsuits include proposed class actions and other consumer claims that allege, among other things, purported defects and misrepresentations related to our products and services.","89 Other Litigation Related to Our Products and Services We are also subject to various lawsuits that seek monetary and other injunctive relief. These lawsuits include proposed class actions and other consumer claims that allege, among other things, purported defects and misrepresentations related to our products and services. For example, on September 14, 2022, a proposed class action was filed against Tesla, Inc.",supported,true,quality_regulatory,false,surfaced_by_fresh_broad_source_locator_v1,ambiguous,quality_or_regulatory_event_not_entailed,accept,DIRECT_ONGOING_CONDITION,ambiguous,ongoing,negative,false,high,deterministic_and_semantic_disagree,family_contract,quality_or_regulatory_event_not_entailed,"The surrounding context explicitly states that lawsuits against Tesla include claims alleging purported defects in Tesla products, which directly supports a quality_failure event for the issuer."
6911af8e8bfdc323ac7698b5,"TYSON FOODS, INC.",ee036-fresh-09-tsn,quality_regulatory,recall,missed_supported_event;ambiguous_decision,"(d) Prepared Foods segment results for fiscal 2025 included $41 million of charges related to a product recall and a net benefit of $26 million related to restructuring and related charges, which included a gain from the sale of storage facilities net of other plan charges.","Chicken segment results for fiscal 2023 included $322 million of plant closure and disposal charges, $210 million of goodwill and intangible impairments, $156 million of legal contingency accruals, $16 million of restructuring and related charges and $11 million of facility fire related insurance proceeds. (d) Prepared Foods segment results for fiscal 2025 included $41 million of charges related to a product recall and a net benefit of $26 million related to restructuring and related charges, which included a gain from the sale of storage facilities net of other plan charges. Prepared Foods segment results for fiscal 2024 included $24 million of restructuring and related charges.",supported,true,quality_regulatory,false,surfaced_by_fresh_broad_source_locator_v1,ambiguous,quality_or_regulatory_event_not_entailed,accept,DIRECT_SEGMENT_EVENT,ambiguous,historical,negative,false,high,supported_label_conflicts_with_accepted_time;supported_label_has_historical_or_hypothetical_flag;deterministic_and_semantic_disagree,family_contract,quality_or_regulatory_event_not_entailed,"The filing text explicitly states the Prepared Foods segment 'included $41 million of charges related to a product recall' for fiscal 2025, directly documenting a recall-related charge for the issuer."
6e33515afd85bacd48f6c59a,JOHNSON & JOHNSON,ee036-fresh-01-jnj,quality_regulatory,compliance_breach,missed_supported_event;ambiguous_decision,The complaint alleges that Janssen violated the federal False Claims Act and state law when providing pricing information for ZYTIGA to the government in connection with direct sales and reimbursement programs.,"In December 2018, Janssen Biotech, Inc., Janssen Oncology, Inc., Janssen Research & Development, LLC, and Johnson & Johnson (collectively, Janssen) were served with a qui tam complaint on behalf of the United States, certain states, and the District of Columbia. The complaint alleges that Janssen violated the federal False Claims Act and state law when providing pricing information for ZYTIGA to the government in connection with direct sales and reimbursement programs. At this time, the federal and state governments have declined to intervene.",supported,true,quality_regulatory,false,surfaced_by_fresh_broad_source_locator_v1,ambiguous,quality_or_regulatory_event_not_entailed,accept,DIRECT_CURRENT_EVENT,ambiguous,historical,negative,false,high,supported_label_conflicts_with_accepted_time;supported_label_has_historical_or_hypothetical_flag;deterministic_and_semantic_disagree,family_contract,quality_or_regulatory_event_not_entailed,"The source states that Janssen (including Johnson & Johnson) was served with a qui tam complaint alleging violations of the federal False Claims Act and state law, which directly documents an alleged compliance breach involving the issuer/subsidiary."
6f8b41789121ce06ebea6662,"Tesla, Inc.",ee036-fresh-03-tsla,quality_regulatory,compliance_breach,missed_supported_event,Recalls for our vehicles have resulted from various hardware and software-related safety or non-compliance investigations.,"As a manufacturing company, we must manage the risk of product recalls with respect to our products. Recalls for our vehicles have resulted from various hardware and software-related safety or non-compliance investigations. In addition to recalls initiated by us for various causes, testing of or investigations into our products by government regulators or industry groups may compel us to initiate product recalls or may result in negative public perceptions about the safety of our products, even if we disagree with the defect determination or have data that contradicts it.",supported,true,quality_regulatory,false,surfaced_by_fresh_broad_source_locator_v1,ambiguous,quality_or_regulatory_event_not_entailed,reject,GENERIC_RISK,reject,historical,negative,false,high,supported_label_conflicts_with_accepted_time;supported_label_has_historical_or_hypothetical_flag;deterministic_and_semantic_disagree,family_contract,quality_or_regulatory_event_not_entailed,"The surrounding_context explicitly states that recalls ""have resulted from ... non-compliance investigations,"" directly establishing that Tesla experienced compliance-related issues leading to recalls (a company statement, not third-party speculation). This is a historical admission of compliance problems."
6f8c92d210e804b27de4f8c3,"TYSON FOODS, INC.",ee036-fresh-10-tsn,quality_regulatory,regulatory_intervention,missed_supported_event;ambiguous_decision,"In October 2022, we reached an agreement to settle all claims with the Washington Attorney General, and the court entered a consent decree on October 24, 2022.","We are cooperating with various state governmental agencies and officials, including the Offices of the Attorneys General for Florida and Louisiana, investigating or otherwise seeking information, testimony and/or documents, regarding the conduct alleged in the Broiler Antitrust Civil Litigation and related matters. In October 2022, we reached an agreement to settle all claims with the Washington Attorney General, and the court entered a consent decree on October 24, 2022. On February 16, 2024, the Company and the State of Alaska filed a stipulation and proposed consent decree reflecting a settlement of the claims against the Company asserted by the Office of the Attorney General of Alaska.",supported,true,quality_regulatory,false,surfaced_by_fresh_broad_source_locator_v1,ambiguous,quality_or_regulatory_event_not_entailed,accept,DIRECT_CURRENT_EVENT,ambiguous,historical,negative,false,high,supported_label_conflicts_with_accepted_time;supported_label_has_historical_or_hypothetical_flag;deterministic_and_semantic_disagree,family_contract,quality_or_regulatory_event_not_entailed,"The surrounding_context states the company 'reached an agreement to settle all claims with the Washington Attorney General, and the court entered a consent decree'—a direct regulatory settlement/consent decree involving the company, which constitutes a regulatory intervention. The timing referenced (October 2022) is historical."
865e047712d8235f4bd707b5,"Tesla, Inc.",ee036-fresh-03-tsla,quality_regulatory,safety_issue,missed_supported_event;ambiguous_decision,District Court for the Southern District of Florida reached a verdict in a product liability trial relating to certain allegations regarding the use of our Autopilot technology in a 2019 accident that resulted in a fatality and injuries.,"We are unable to reasonably estimate the possible loss or range of loss, if any, associated with these claims, unless noted. District Court for the Southern District of Florida reached a verdict in a product liability trial relating to certain allegations regarding the use of our Autopilot technology in a 2019 accident that resulted in a fatality and injuries. The jury awarded $ 129 million in total compensatory damages, finding the driver 67 % at fault and the Company 33 % at fault.",supported,true,quality_regulatory,false,surfaced_by_fresh_broad_source_locator_v1,ambiguous,quality_or_regulatory_event_not_entailed,accept,DIRECT_CURRENT_EVENT,ambiguous,historical,negative,false,high,supported_label_conflicts_with_accepted_time;supported_label_has_historical_or_hypothetical_flag;deterministic_and_semantic_disagree,family_contract,quality_or_regulatory_event_not_entailed,"The company statement explicitly reports a court verdict in a product liability trial alleging Autopilot-related harm in a 2019 accident (fatality and injuries) and notes a $129M jury award, directly establishing an adverse safety-related legal event affecting Tesla."
aaec666ab33f115e0445e4e6,"TYSON FOODS, INC.",ee036-fresh-09-tsn,quality_regulatory,regulatory_intervention,missed_supported_event;ambiguous_decision,"In October 2022, we reached an agreement to settle all claims with the Washington Attorney General, and the court entered a consent decree on October 24, 2022.","We are cooperating with various state governmental agencies and officials, including the Offices of the Attorneys General for Florida and Louisiana, investigating or otherwise seeking information, testimony and/or documents, regarding the conduct alleged in the Broiler Antitrust Civil Litigation and related matters. In October 2022, we reached an agreement to settle all claims with the Washington Attorney General, and the court entered a consent decree on October 24, 2022. On February 16, 2024, the Company and the State of Alaska filed a stipulation and proposed consent decree reflecting a settlement of the claims against the Company asserted by the Office of the Attorney General of Alaska.",supported,true,quality_regulatory,false,surfaced_by_fresh_broad_source_locator_v1,ambiguous,quality_or_regulatory_event_not_entailed,accept,DIRECT_ONGOING_CONDITION,ambiguous,historical,negative,false,high,supported_label_conflicts_with_accepted_time;supported_label_has_historical_or_hypothetical_flag;deterministic_and_semantic_disagree,family_contract,quality_or_regulatory_event_not_entailed,"The surrounding context explicitly states the company reached a settlement with the Washington Attorney General and a court entered a consent decree on Oct 24, 2022, which constitutes a regulatory intervention affecting the company."
b0690d13d5d1e23caea47c3c,UNION PACIFIC CORP,ee036-fresh-13-unp,quality_regulatory,remediation_programme,missed_supported_event;ambiguous_decision,"Additionally, in 2025, certain management employees participated in a tabletop exercise to simulate a response to a cybersecurity incident, and the teams incorporated the findings of this exercise into our Business Sustainment Plans The Internal Cybersecurity Team has robust processes and redundancies in place designed with the objective of deterring, detecting, mitigating, and responding to potential cybersecurity threats, which includes a vulnerability assessment, prioritization, and remediation program.","The IRP applies to the Company’s extended computing environment, including electronic information resources that are owned or used by the Company and are routinely relied on to support our operations. Additionally, in 2025, certain management employees participated in a tabletop exercise to simulate a response to a cybersecurity incident, and the teams incorporated the findings of this exercise into our Business Sustainment Plans The Internal Cybersecurity Team has robust processes and redundancies in place designed with the objective of deterring, detecting, mitigating, and responding to potential cybersecurity threats, which includes a vulnerability assessment, prioritization, and remediation program. The Internal Cybersecurity Team also performs regular system penetration testing to validate our security controls and assess our infrastructure and applications.",supported,true,quality_regulatory,false,surfaced_by_fresh_broad_source_locator_v1,ambiguous,quality_or_regulatory_event_not_entailed,accept,DIRECT_ONGOING_CONDITION,ambiguous,ongoing,neutral,false,high,deterministic_and_semantic_disagree,family_contract,quality_or_regulatory_event_not_entailed,"The surrounding_context explicitly states the Company’s Internal Cybersecurity Team ""includes ... remediation program,"" directly establishing a remediation programme implemented by the company (target entity = the Company/UNION PACIFIC CORP). This is not third-party, not hypothetical, and describes an ongoing internal remediation capability."
b46d8a6690aeea261d1438ae,"TYSON FOODS, INC.",ee036-fresh-09-tsn,quality_regulatory,regulatory_intervention,missed_supported_event;ambiguous_decision,"On February 16, 2024, the Company and the State of Alaska filed a stipulation and proposed consent decree reflecting a settlement of the claims against the Company asserted by the Office of the Attorney General of Alaska.","In October 2022, we reached an agreement to settle all claims with the Washington Attorney General, and the court entered a consent decree on October 24, 2022. On February 16, 2024, the Company and the State of Alaska filed a stipulation and proposed consent decree reflecting a settlement of the claims against the Company asserted by the Office of the Attorney General of Alaska. The court approved this settlement on April 24, 2024.",supported,true,quality_regulatory,false,surfaced_by_fresh_broad_source_locator_v1,ambiguous,quality_or_regulatory_event_not_entailed,accept,DIRECT_CURRENT_EVENT,ambiguous,historical,negative,false,high,supported_label_conflicts_with_accepted_time;supported_label_has_historical_or_hypothetical_flag;deterministic_and_semantic_disagree,family_contract,quality_or_regulatory_event_not_entailed,"The surrounding context documents a filed stipulation and proposed consent decree and subsequent court approval of a settlement of claims by the Office of the Attorney General of Alaska against the Company, which is a direct regulatory enforcement/intervention event involving the issuer."
bcb91ae72fbe01bfb6e4226c,"TYSON FOODS, INC.",ee036-fresh-09-tsn,quality_regulatory,recall,missed_supported_event;ambiguous_decision,"In fiscal 2025, our operating income was impacted by $738 million of legal contingency accruals, $343 million of goodwill and intangible impairments, $45 million of restructuring and related charges, $41 million of charges related to a product recall and $23 million related to brand and product line discontinuations.","We reported operating income of $1,098 million in fiscal 2025 as compared to an operating income of $1,409 million in fiscal 2024, as we experienced lower operating income in our Beef and Pork segments, partially offset by higher operating income in our Chicken and Prepared Foods segments and International/Other. In fiscal 2025, our operating income was impacted by $738 million of legal contingency accruals, $343 million of goodwill and intangible impairments, $45 million of restructuring and related charges, $41 million of charges related to a product recall and $23 million related to brand and product line discontinuations. In fiscal 2024, our results were impacted by $182 million of plant closure and disposal charges, $174 million of legal contingency accruals and $31 million of restructuring and related charges.",supported,true,quality_regulatory,false,surfaced_by_fresh_broad_source_locator_v1,ambiguous,quality_or_regulatory_event_not_entailed,accept,DIRECT_CURRENT_EVENT,ambiguous,historical,negative,false,high,supported_label_conflicts_with_accepted_time;supported_label_has_historical_or_hypothetical_flag;deterministic_and_semantic_disagree,family_contract,quality_or_regulatory_event_not_entailed,"The filing explicitly states the company incurred ""$41 million of charges related to a product recall"" in fiscal 2025, directly establishing a recall event for Tyson Foods. This is described as a historical fiscal-2025 impact (not hypothetical)."
be2de2281a71d94267c427d8,"TYSON FOODS, INC.",ee036-fresh-09-tsn,quality_regulatory,recall,missed_supported_event;ambiguous_decision,"• Operating Income – Operating income increased primarily due to higher average sales price, improved operational execution and lower selling, general and administrative costs, partially offset by increased raw material costs and charges related to a product recall.","• Average Sales Price – Average sales price increased primarily due to the pass through of increased raw material costs. • Operating Income – Operating income increased primarily due to higher average sales price, improved operational execution and lower selling, general and administrative costs, partially offset by increased raw material costs and charges related to a product recall. Additionally, fiscal 2025 benefited from net gains recognized from restructuring and related charges, which included a gain from the sale of storage facilities.",supported,true,quality_regulatory,false,surfaced_by_fresh_broad_source_locator_v1,ambiguous,quality_or_regulatory_event_not_entailed,accept,DIRECT_CURRENT_EVENT,ambiguous,historical,negative,false,high,supported_label_conflicts_with_accepted_time;supported_label_has_historical_or_hypothetical_flag;deterministic_and_semantic_disagree,family_contract,quality_or_regulatory_event_not_entailed,"The surrounding context explicitly states ""charges related to a product recall,"" which directly indicates Tyson Foods incurred costs from a product recall affecting the issuer. The item is described in a fiscal 2025 results context, so this is a historical occurrence rather than hypothetical or third-party. The language implies an adverse recall event and associated financial impact."
057dce0de6e55af603734deb,"TYSON FOODS, INC.",ee036-fresh-10-tsn,restructuring_cost_action,restructuring,missed_supported_event;ambiguous_decision,"• $195 million pretax, or ($0.41) per diluted share, of restructuring and related charges.","Nine months – Fiscal 2026 – Net income attributable to Tyson included the following items: • $269 million pretax, or ($0.57) per diluted share, of legal contingency accruals. • $195 million pretax, or ($0.41) per diluted share, of restructuring and related charges. • $73 million pretax, or ($0.21) per diluted share, related to the executive leadership transition charges (non-tax deductible).",supported,true,restructuring_cost_action,false,surfaced_by_fresh_broad_source_locator_v1,ambiguous,action_identity_not_entailed,accept,DIRECT_CURRENT_EVENT,ambiguous,historical,negative,false,high,supported_label_conflicts_with_accepted_time;supported_label_has_historical_or_hypothetical_flag;deterministic_and_semantic_disagree,family_contract,action_identity_not_entailed,"The provided excerpt from Tyson's fiscal nine-month results explicitly lists a $195 million pretax charge described as ""restructuring and related charges,"" directly establishing a restructuring event for the issuer during the reported period."
176a54b59dc8681d16edfa22,"TYSON FOODS, INC.",ee036-fresh-09-tsn,restructuring_cost_action,restructuring,missed_supported_event,"Operating income was also impacted by reduced legal contingency accruals partially offset by increased costs related to brand and product line discontinuations, restructuring and related charges and lapping of facility fire related insurance proceeds recognized in fiscal 2024 associated with a production facility fire in the fourth quarter of fiscal 2021.","• Operating Income (Loss) – Operating income increased primarily due to improved operational execution, improved volumes and $340 million of net decreases in feed ingredient costs which was partially offset by increased marketing, advertising and promotion expenses. Operating income was also impacted by reduced legal contingency accruals partially offset by increased costs related to brand and product line discontinuations, restructuring and related charges and lapping of facility fire related insurance proceeds recognized in fiscal 2024 associated with a production facility fire in the fourth quarter of fiscal 2021. 2023 – • Sales Volume – Sales volume decreased primarily due to reduced domestic production.",supported,true,restructuring_cost_action,false,surfaced_by_fresh_broad_source_locator_v1,accept,direct_or_indirect_target_action,provider_incomplete,provider_incomplete,provider_incomplete,historical,negative,false,high,supported_label_conflicts_with_accepted_time;supported_label_has_historical_or_hypothetical_flag,provider_execution,provider_incomplete,"The issuer (Tyson Foods) explicitly reports ""restructuring and related charges"" as contributing to operating income impacts recognized in fiscal 2024, directly establishing a restructuring event for the target company; this is a past (historical) charge with negative impact on income."
1d3488674422b4322e59b806,JOHNSON & JOHNSON,ee036-fresh-01-jnj,restructuring_cost_action,restructuring,missed_supported_event;ambiguous_decision,Total project costs of approximately $0.6 billion have been recorded since the restructuring was announced and the program was completed in the fiscal fourth quarter of 2024.,"The pre-tax restructuring expense was $479 million in the fiscal year 2023, of which $449 million was recorded in Restructuring and $30 million was recorded in Cost of products sold on the Consolidated Statement of Earnings included the termination of partnered and non-partnered program costs and asset impairments. Total project costs of approximately $0.6 billion have been recorded since the restructuring was announced and the program was completed in the fiscal fourth quarter of 2024. See Note 20 to the Consolidated Financial Statements for additional details related to the restructuring programs.",supported,true,restructuring_cost_action,false,surfaced_by_fresh_broad_source_locator_v1,accept,direct_or_indirect_target_action,ambiguous,SUBJECT_AMBIGUOUS,ambiguous,historical,positive,false,high,supported_label_conflicts_with_accepted_time;supported_label_has_historical_or_hypothetical_flag;deterministic_and_semantic_disagree,semantic_adjudication,SUBJECT_AMBIGUOUS,"The surrounding context explicitly states a restructuring was announced and completed in fiscal Q4 2024 and records $0.6 billion of project costs, directly establishing an issuer restructuring event for Johnson & Johnson."
1f9e85ea8260d886bbb1dfb8,"TYSON FOODS, INC.",ee036-fresh-09-tsn,restructuring_cost_action,restructuring,missed_supported_event,"• Operating Income – Operating income increased primarily due to lower raw materials costs, freight costs, marketing, advertising and promotion expenses and restructuring and related charges.","• Average Sales Price – Average sales price decreased primarily due to sales mix. • Operating Income – Operating income increased primarily due to lower raw materials costs, freight costs, marketing, advertising and promotion expenses and restructuring and related charges. 30 International/Other Results in millions 2025 2024 Change 2025 vs.
• Operating Income – Operating income increased primarily due to lower raw materials costs, freight costs, marketing, advertising and promotion expenses and restructuring and related charges.",supported,true,restructuring_cost_action,false,surfaced_by_fresh_broad_source_locator_v1,ambiguous,action_identity_not_entailed,reject,INSUFFICIENT_SUPPORT,reject,historical,positive,false,high,supported_label_conflicts_with_accepted_time;supported_label_has_historical_or_hypothetical_flag;deterministic_and_semantic_disagree,family_contract,action_identity_not_entailed,"The company report explicitly cites ""restructuring and related charges"" as a primary factor affecting operating income, directly indicating an issuer restructuring action impacting results for the reported period."
20ece7834e8b2dc5b5fc6c7f,PFIZER INC,ee036-fresh-07-pfe,restructuring_cost_action,cost_reduction,missed_supported_event;ambiguous_decision,"Key Activities The following summarizes costs and credits for acquisitions and cost-reduction/productivity initiatives: Year Ended December 31, (MILLIONS) 2025 2024 2023 Restructuring charges/(credits): Employee terminations $ 684 $ 1,152 $ 1,622 Asset impairments 349 432 227 Exit costs 59 403 119 Restructuring charges/(credits) (a) 1,092 1,987 1,968 Transaction costs (b) 118 5 190 Integration costs and other (c) 340 427 785 Restructuring charges and certain acquisition-related costs 1,550 2,419 2,943 Net periodic benefit costs/(credits) recorded in Other (income)/deductions––net ( 78 ) 7 ( 7 ) Inventory write-offs––recorded in Cost of sales 33 — — Additional depreciation––asset restructuring recorded in our consolidated statements of operations as follows (d) : Cost of sales 38 14 31 Selling, informational and administrative expenses — 5 1 Research and development expenses 1 — — Total additional depreciation––asset restructuring 38 19 32 Implementation costs recorded in our consolidated statements of operations as follows (e) : Cost of sales 116 120 67 Selling, informational and administrative expenses 116 90 289 Research and development expenses 189 84 101 Total implementation costs 421 294 457 Total costs associated with acquisitions and cost-reduction/productivity initiatives $ 1,965 $ 2,738 $ 3,426 (a) Primarily represents cost-reduction initiatives.","These costs were recorded primarily through 2025, with cash outlays expected primarily through 2026. Key Activities The following summarizes costs and credits for acquisitions and cost-reduction/productivity initiatives: Year Ended December 31, (MILLIONS) 2025 2024 2023 Restructuring charges/(credits): Employee terminations $ 684 $ 1,152 $ 1,622 Asset impairments 349 432 227 Exit costs 59 403 119 Restructuring charges/(credits) (a) 1,092 1,987 1,968 Transaction costs (b) 118 5 190 Integration costs and other (c) 340 427 785 Restructuring charges and certain acquisition-related costs 1,550 2,419 2,943 Net periodic benefit costs/(credits) recorded in Other (income)/deductions––net ( 78 ) 7 ( 7 ) Inventory write-offs––recorded in Cost of sales 33 — — Additional depreciation––asset restructuring recorded in our consolidated statements of operations as follows (d) : Cost of sales 38 14 31 Selling, informational and administrative expenses — 5 1 Research and development expenses 1 — — Total additional depreciation––asset restructuring 38 19 32 Implementation costs recorded in our consolidated statements of operations as follows (e) : Cost of sales 116 120 67 Selling, informational and administrative expenses 116 90 289 Research and development expenses 189 84 101 Total implementation costs 421 294 457 Total costs associated with acquisitions and cost-reduction/productivity initiatives $ 1,965 $ 2,738 $ 3,426 (a) Primarily represents cost-reduction initiatives. Amounts associated with our Biopharma segment: (i) charges of $ 691 million for 2025 (including charges of $ 920 million for our Realigning our Cost Base Program and credits of $ 288 million for our Manufacturing Optimization Program), (ii) charges of $ 1.8 billion for 2024 (including charges of $ 1.2 billion our Manufacturing Optimization Program and charges of $ 571 million for our Realigning our Cost Base Program) and (iii) charges of $ 1.5 billion for 2023 (including charges of $ 1.4 billion for our Realigning our Cost Base Program and charges of $ 3 million for our Transforming to a More Focused Company program, that we have substantially completed).",supported,true,restructuring_cost_action,false,surfaced_by_fresh_broad_source_locator_v1,ambiguous,action_identity_not_entailed,accept,DIRECT_SEGMENT_EVENT,ambiguous,ongoing,positive,false,high,supported_label_has_historical_or_hypothetical_flag;deterministic_and_semantic_disagree,family_contract,action_identity_not_entailed,"The surrounding_context explicitly reports amounts for 'cost-reduction/productivity initiatives' and notes that these amounts 'Primarily represents cost-reduction initiatives,' showing Pfizer recorded and is implementing cost-reduction actions (with cash outlays expected through 2026). This directly establishes the issuer-level cost-reduction event."
25b72471db91a7c7de2f77b0,PFIZER INC,ee036-fresh-08-pfe,restructuring_cost_action,cost_reduction,missed_supported_event;ambiguous_decision,"With the additional anticipated savings, we now expect total net cost savings of approximately $6.7 billion from the program through 2029.","We previously announced that this program remains on track to deliver anticipated net cost savings of approximately $5.7 billion through 2026 ($5.1 billion achieved through 2025, and the remaining anticipated savings of $600 million, which are expected to be achieved by the end of 2026). With the additional anticipated savings, we now expect total net cost savings of approximately $6.7 billion from the program through 2029. In addition, we have also achieved cost savings of approximately $500 million from our pipeline focus and optimization initiatives including the expansion of our digital capabilities, with the savings expected to be reinvested in R&D programs by the end of 2026.
With the additional anticipated savings, we now expect total net cost savings of approximately $6.7 billion from the program through 2029.",supported,true,restructuring_cost_action,false,surfaced_by_fresh_broad_source_locator_v1,ambiguous,action_identity_not_entailed,ambiguous,SUBJECT_AMBIGUOUS,ambiguous,ongoing,positive,false,high,supported_label_has_historical_or_hypothetical_flag,family_contract,action_identity_not_entailed,"The surrounding_context is an issuer statement (Pfizer) explicitly stating an expected net cost savings amount from the program through 2029, directly establishing a cost-reduction event for the company."
25d5f94ef1315dd31e407464,PFIZER INC,ee036-fresh-07-pfe,restructuring_cost_action,restructuring,missed_supported_event,"• In connection with acquisition activity, we typically incur costs associated with executing the transactions, integrating the acquired operations (which may include expenditures for consulting and the integration of systems and processes), and restructuring the combined company (which may include charges related to employees, assets and activities that will not continue in the combined company); and • In connection with our cost-reduction/productivity initiatives, we typically incur costs and charges for site closings and other facility rationalization actions, workforce reductions and the expansion of shared services, including the development of global systems, and digital enablement.","Restructuring Charges and Other Costs Associated with Acquisitions and Cost-Reduction/Productivity Initiatives We incur restructuring charges in connection with acquisitions when we implement plans to restructure and integrate the acquired operations or in connection with our cost-reduction and productivity initiatives. • In connection with acquisition activity, we typically incur costs associated with executing the transactions, integrating the acquired operations (which may include expenditures for consulting and the integration of systems and processes), and restructuring the combined company (which may include charges related to employees, assets and activities that will not continue in the combined company); and • In connection with our cost-reduction/productivity initiatives, we typically incur costs and charges for site closings and other facility rationalization actions, workforce reductions and the expansion of shared services, including the development of global systems, and digital enablement. Included in Restructuring charges and certain acquisition-related costs are all restructuring charges, as well as certain other costs associated with acquiring and integrating an acquired company.",supported,true,restructuring_cost_action,false,surfaced_by_fresh_broad_source_locator_v1,reject,negated_event,reject,GENERIC_RISK,reject,ongoing,negative,false,low,,shared_safety_rules,negated_event,"The issuer text explicitly states the company ""We incur restructuring charges... in connection with acquisitions"" and in connection with ""cost-reduction and productivity initiatives,"" directly establishing that the issuer undertakes restructuring actions and incurs related charges. This is an issuer (not third-party) statement describing ongoing operational actions."
294acbf6330d09e04b013795,PFIZER INC,ee036-fresh-08-pfe,restructuring_cost_action,restructuring,missed_supported_event;ambiguous_decision,Restructuring Charges and Other Costs Associated with Acquisitions and Cost-Reduction/Productivity Initiatives A.,"Royalties on net sales will be recorded as Cost of sales when the related product sales occur. Restructuring Charges and Other Costs Associated with Acquisitions and Cost-Reduction/Productivity Initiatives A. Realigning Our Cost Base Program In the fourth quarter of 2023, we announced that we launched a multi-year, enterprise-wide cost realignment program that aims to realign our costs with our longer-term revenue expectations.",supported,true,restructuring_cost_action,false,surfaced_by_fresh_broad_source_locator_v1,ambiguous,action_identity_not_entailed,ambiguous,SUBJECT_AMBIGUOUS,ambiguous,ongoing,positive,false,high,supported_label_has_historical_or_hypothetical_flag,family_contract,action_identity_not_entailed,"The surrounding text is from the issuer (’we’) and explicitly states they ""launched a multi-year, enterprise-wide cost realignment program,"" which is a company-led restructuring/cost-reduction initiative matching the contract event types (restructuring, cost_reduction, efficiency_programme). The quoted exact_support_span appears verbatim in the provided context and directly supports the proposed event for the issuer."
3ffbebfb26ec9cd08272ffc4,PFIZER INC,ee036-fresh-08-pfe,restructuring_cost_action,restructuring,missed_supported_event;ambiguous_decision,"common shareholders––diluted GAAP Reported $ 6,624 $ 6,446 $ 1,692 $ 5,877 $ 1.03 Amortization of intangible assets — — — 2,421 Acquisition-related items (449) (1) (39) 620 Discontinued operations — — — (25) Certain significant items: Restructuring charges/credits and implementation costs and additional depreciation—asset restructuring (d) (53) (20) — 670 Certain asset impairments (e) — — (317) 317 Gains/losses on equity securities — — (295) 295 Actuarial valuation and other pension and postretirement plan gains/losses — — 68 (68) Other (f) (26) (20) (678) 730 Income tax provision—non-GAAP items (1,167) Non-GAAP Adjusted $ 6,096 $ 6,404 $ 431 $ 9,671 $ 1.69 (a) Items that reconcile GAAP Reported to non-GAAP Adjusted balances are shown pre-tax.","common shareholders (a), (b) Earnings/(loss) per common share attributable to Pfizer Inc. common shareholders––diluted GAAP Reported $ 6,624 $ 6,446 $ 1,692 $ 5,877 $ 1.03 Amortization of intangible assets — — — 2,421 Acquisition-related items (449) (1) (39) 620 Discontinued operations — — — (25) Certain significant items: Restructuring charges/credits and implementation costs and additional depreciation—asset restructuring (d) (53) (20) — 670 Certain asset impairments (e) — — (317) 317 Gains/losses on equity securities — — (295) 295 Actuarial valuation and other pension and postretirement plan gains/losses — — 68 (68) Other (f) (26) (20) (678) 730 Income tax provision—non-GAAP items (1,167) Non-GAAP Adjusted $ 6,096 $ 6,404 $ 431 $ 9,671 $ 1.69 (a) Items that reconcile GAAP Reported to non-GAAP Adjusted balances are shown pre-tax. Our effective tax rates for GAAP Reported income/(loss) from continuing operations were: 62.4% and 2.1% for the three and six months ended June 28, 2026, respectively, and 4.6% and (0.8)% for the three and six months ended June 29, 2025, respectively.",supported,true,restructuring_cost_action,false,surfaced_by_fresh_broad_source_locator_v1,ambiguous,accounting_reference_without_action,accept,DIRECT_CURRENT_EVENT,ambiguous,historical,negative,false,high,supported_label_conflicts_with_accepted_time;supported_label_has_historical_or_hypothetical_flag;deterministic_and_semantic_disagree,family_contract,accounting_reference_without_action,"The issuer's financial disclosure line item explicitly lists ""Restructuring charges/credits and implementation costs and additional depreciation—asset restructuring"" with period amounts, directly indicating a restructuring event recorded by Pfizer in the reported periods. This is a company (issuer) item in the GAAP/non‑GAAP reconciliation, not a third‑party action."
43f50d37d3049471d11bd42c,JOHNSON & JOHNSON,ee036-fresh-01-jnj,restructuring_cost_action,restructuring,missed_supported_event;ambiguous_decision,"MedTech segment income before tax includes: • Acquired in-process research and development expense of $ 0.4 billion related to the Laminar acquisition in 2023 • A restructuring related charge of $ 0.3 billion • Acquisition and integration related costs of $ 0.2 billion primarily related to the acquisition of Abiomed • A Medical Device Regulation charge of $ 0.3 billion • Income from litigation settlements of $ 0.1 billion (6) General corporate includes cash, cash equivalents, marketable securities and other corporate assets.","• An intangible asset impairment charge of approximately $ 0.2 billion related to market dynamics associated with a non-strategic asset (M710) acquired as part of the acquisition of Momenta Pharmaceuticals in 2020. MedTech segment income before tax includes: • Acquired in-process research and development expense of $ 0.4 billion related to the Laminar acquisition in 2023 • A restructuring related charge of $ 0.3 billion • Acquisition and integration related costs of $ 0.2 billion primarily related to the acquisition of Abiomed • A Medical Device Regulation charge of $ 0.3 billion • Income from litigation settlements of $ 0.1 billion (6) General corporate includes cash, cash equivalents, marketable securities and other corporate assets. (7) Long-lived assets include property, plant and equipment, net for fiscal years 2025, and 2024 of $ 23,169 and $ 20,518 , respectively, and intangible assets and goodwill, net for fiscal years 2025 and 2024 of $ 99,175 and $ 81,818 , respectively.",supported,true,restructuring_cost_action,false,surfaced_by_fresh_broad_source_locator_v1,ambiguous,action_identity_not_entailed,ambiguous,SUBJECT_AMBIGUOUS,ambiguous,historical,negative,false,high,supported_label_conflicts_with_accepted_time;supported_label_has_historical_or_hypothetical_flag,family_contract,action_identity_not_entailed,"The surrounding_context explicitly lists a restructuring-related charge for the MedTech segment: ""• A restructuring related charge of $ 0.3 billion"", directly establishing the restructuring event for Johnson & Johnson."
257bda0ea77432bd918f6dcb,JOHNSON & JOHNSON,ee036-fresh-02-jnj,restructuring_cost_action,restructuring,ambiguous_decision,Included $ 29 million in Restructuring on the Consolidated Statement of Earnings in the fiscal second quarter and fiscal six months of 2025.,"Included $ 61 million in Restructuring, $ 24 million in Cost of products sold and $ 29 million in Other (Income)/Expense on the Consolidated Statement of Earnings in the fiscal six months of 2026. Included $ 29 million in Restructuring on the Consolidated Statement of Earnings in the fiscal second quarter and fiscal six months of 2025. (3) Included $ 3 million in Restructuring, $ 13 million in Cost of products sold and $ 1 million in Other (Income)/Expense on the Consolidated Statement of Earnings in the fiscal second quarter of 2026.",unsupported,true,restructuring_cost_action,false,surfaced_by_fresh_broad_source_locator_v1,ambiguous,action_identity_not_entailed,ambiguous,SUBJECT_AMBIGUOUS,ambiguous,historical,negative,false,low,,ambiguity_handling,action_identity_not_entailed,"The excerpt documents a past accounting entry: “Included $ 29 million in Restructuring on the Consolidated Statement of Earnings in the fiscal second quarter and fiscal six months of 2025.” The contract accepts only current/ongoing/planned issuer interventions; this is a historical (2025) item, so it does not satisfy the contract criteria."
3169c00230bc4260648450f7,PFIZER INC,ee036-fresh-07-pfe,restructuring_cost_action,restructuring,ambiguous_decision,"For 2024, the total acquisition-related items of $1.9 billion included reconciling amounts for Restructuring charges and certain acquisition-related costs of $514 million , mainly composed of $427 million of integration costs and other charges.","(c) For 2025, the total acquisition-related items of $1.3 billion include reconciling amounts for Restructuring charges and certain acquisition-related costs of $488 million, mainly composed of $340 million of integration costs and other charges. For 2024, the total acquisition-related items of $1.9 billion included reconciling amounts for Restructuring charges and certain acquisition-related costs of $514 million , mainly composed of $427 million of integration costs and other charges. For 2023, the total acquisition-related items of $1.9 billion included reconciling amounts for Restructuring charges and certain acquisition-related costs of $1.2 billion , mainly composed of $785 million of integration costs and other charges, $190 million of transaction costs and $125 million of employee termination-related charges.",unsupported,true,restructuring_cost_action,false,surfaced_by_fresh_broad_source_locator_v1,ambiguous,action_identity_not_entailed,ambiguous,SUBJECT_AMBIGUOUS,ambiguous,historical,negative,false,low,,ambiguity_handling,action_identity_not_entailed,"The text explicitly refers to ""Restructuring charges"" for 2024 (historical reporting of charges), which is historical-only background. The supplied contract accepts current/ongoing/planned timing; therefore this historical 2024 disclosure does not satisfy the contract requirement. The passage does not describe a new or ongoing issuer action within the accepted time window."
358e7f1c89b62ca8112906c4,"Tesla, Inc.",ee036-fresh-03-tsla,restructuring_cost_action,restructuring,false_positive,"In the second quarter of 2024, we initiated and substantially completed certain restructuring actions to reduce costs and improve efficiency.","As a result, we recognized $ 390 million of expenses, within our automotive segment, related to charges for supercomputer assets, contract terminations and employee terminations. In the second quarter of 2024, we initiated and substantially completed certain restructuring actions to reduce costs and improve efficiency. As a result, we recognized $ 583 million of employee termination expenses in Restructuring and other in our consolidated income statement.",unsupported,true,restructuring_cost_action,false,surfaced_by_fresh_broad_source_locator_v1,accept,direct_or_indirect_target_action,accept,DIRECT_SEGMENT_EVENT,accept,historical,positive,false,low,,joint_contract_and_semantic,historical_event_accepted,"The surrounding_context directly quotes the issuer stating: ""In the second quarter of 2024, we initiated and substantially completed certain restructuring actions to reduce costs and improve efficiency."" That establishes an issuer-led restructuring (not a third‑party event). However, the supplied contract accepts only current/ongoing/planned timing, whereas this event is clearly historical (Q2 2024). Because the timing does not match the contract's accepted_time constraints, the annotation is classified as UNSUPPORTED."
6788deb8ee2807a804bccd3e,JOHNSON & JOHNSON,ee036-fresh-01-jnj,restructuring_cost_action,restructuring,ambiguous_decision,"Following the 2021 Corporate Restructuring, Debtor and the Company attempted to achieve a full and comprehensive resolution of the Talc-Related Liabilities.","The Debtor received certain of Old JJCI’s assets and became solely responsible for the talc-related liabilities of Old JJCI, including all liabilities related in any way to injury or damage, or alleged injury or damage, sustained or incurred in the purchase or use of, or exposure to, talc, including talc 2025 Annual Report 95 contained in any product, or to the risk of, or responsibility for, any such damage or injury, except for any liabilities for which the exclusive remedy is provided under a workers’ compensation statute or act (the Talc-Related Liabilities). Following the 2021 Corporate Restructuring, Debtor and the Company attempted to achieve a full and comprehensive resolution of the Talc-Related Liabilities. Debtor filed voluntary petitions for Bankruptcy pursuant to Chapter 11 of the Bankruptcy Code in October 2021 and again in April 2023; both petitions were dismissed.",unsupported,true,restructuring_cost_action,false,surfaced_by_fresh_broad_source_locator_v1,ambiguous,action_identity_not_entailed,ambiguous,SUBJECT_AMBIGUOUS,ambiguous,historical,neutral,false,low,,ambiguity_handling,action_identity_not_entailed,The text describes a past event: 'Following the 2021 Corporate Restructuring...' which is historical background. The contract requires current/ongoing/planned issuer interventions; a historical restructuring is explicitly listed as unsupported (historical-only background).
0efde2ded423353f98c39a42,AMAZON COM INC,ee036-fresh-05-amzn,restructuring_cost_action,restructuring,ambiguous_decision,restructure,restructure,ambiguous,true,restructuring_cost_action,false,surfaced_by_fresh_broad_source_locator_v1,ambiguous,action_identity_not_entailed,ambiguous,SOURCE_FRAGMENT_AMBIGUOUS,ambiguous,unclear,unclear,false,high,source_first_label_is_ambiguous,ambiguity_handling,action_identity_not_entailed,"The real-source fragment lacks enough context to establish subject, actuality and timing."
06cd055fb374dbfb13b0f406,TARGET CORP,ee036-fresh-11-tgt,supply_chain_resilience,supply_chain_constraint,missed_supported_event,"There have been, and may continue to be, changes in the legal or regulatory environment (including as a result of executive orders) affecting many areas related to our business, including merchandise costs and availability, customs and trade policy (including the impacts of our first sale declaration program), workforce availability, transport costs and capacity, information security, cybersecurity, and data privacy, supply chain requirements, product safety, product quality, payment methods, environmental, social, and governance matters (including sustainability, belonging, and diversity, equity, and inclusion), and climate and emissions disclosure.","If, as a result of judicial decisions or legislation, Shipt is required to treat its network of independent contractors as employees, we may experience higher digital fulfillment costs, which could adversely affect our results of operations and financial condition. There have been, and may continue to be, changes in the legal or regulatory environment (including as a result of executive orders) affecting many areas related to our business, including merchandise costs and availability, customs and trade policy (including the impacts of our first sale declaration program), workforce availability, transport costs and capacity, information security, cybersecurity, and data privacy, supply chain requirements, product safety, product quality, payment methods, environmental, social, and governance matters (including sustainability, belonging, and diversity, equity, and inclusion), and climate and emissions disclosure. Changes in the environment may occur rapidly.",supported,true,supply_chain_resilience,false,surfaced_by_fresh_broad_source_locator_v1,ambiguous,supply_condition_not_entailed,reject,GENERIC_RISK,reject,ongoing,negative,false,high,supported_label_has_historical_or_hypothetical_flag;deterministic_and_semantic_disagree,family_contract,supply_condition_not_entailed,"The sentence explicitly states regulatory changes have affected and may continue to affect areas including merchandise costs and availability and ""supply chain requirements,"" directly indicating a supply-chain constraint risk to the issuer's operations."
0a38da263b3f3318f4692997,"Tesla, Inc.",ee036-fresh-03-tsla,supply_chain_resilience,supply_chain_constraint,missed_supported_event,There have been and may continue to be significant supply chain attacks.,"We also rely on service providers, and similar incidents relating to their information technology systems could also have a material adverse effect on our business. There have been and may continue to be significant supply chain attacks. Our service providers, including our workforce management software provider, have been subject to ransomware and other security incidents, and we cannot guarantee that our or our service providers’ systems have not been breached or that they do not contain exploitable defects, bugs, or vulnerabilities that could result in a security incident, or other disruption to, our or our service providers’ systems.",supported,true,supply_chain_resilience,false,surfaced_by_fresh_broad_source_locator_v1,ambiguous,supply_condition_not_entailed,reject,THIRD_PARTY_ONLY,reject,ongoing,negative,true,high,supported_label_has_historical_or_hypothetical_flag;deterministic_and_semantic_disagree,family_contract,supply_condition_not_entailed,"The filing states that significant supply chain attacks have occurred and 'may continue to be' and explicitly links service provider incidents to potential material adverse effects on the company's business, directly establishing a supply-chain-related constraint on Tesla's operations."
0e15b2ee12a15cbd1256d055,JOHNSON & JOHNSON,ee036-fresh-01-jnj,supply_chain_resilience,supply_chain_constraint,missed_supported_event,"The Company has in the past, and may in the future, face unanticipated interruptions and delays in manufacturing through its internal or external supply chain.","The Company’s subsidiaries operate 63 manufacturing facilities as well as sourcing from thousands of suppliers around the world. The Company has in the past, and may in the future, face unanticipated interruptions and delays in manufacturing through its internal or external supply chain. Manufacturing disruptions can occur for many reasons including regulatory action, production quality deviations or safety issues, labor disputes, labor shortages, site-specific incidents (such as fires), natural disasters such as hurricanes and other severe weather events, raw material shortages, lack of available inspectors, political unrest, terrorist attacks and epidemics or pandemics.",supported,true,supply_chain_resilience,false,surfaced_by_fresh_broad_source_locator_v1,reject,historical_only,accept,DIRECT_ONGOING_CONDITION,reject,ongoing,negative,false,high,supported_label_has_historical_or_hypothetical_flag;deterministic_and_semantic_disagree,shared_safety_rules,historical_only,"The surrounding_context explicitly states the Company has experienced and may experience interruptions and delays in manufacturing through its internal or external supply chain, directly establishing a supply_chain_constraint affecting the issuer."
0fb92d19f577089b337174f3,"Tesla, Inc.",ee036-fresh-03-tsla,supply_chain_resilience,supply_chain_constraint,missed_supported_event,"For example, changes to fiscal and trade policy with respect to tariffs, export controls and other restrictions may impact our global supply chain cost structure and availability, affecting not only vehicle production, but also facility expansions.","These plans are subject to uncertainties inherent in establishing and ramping manufacturing operations, which may be exacerbated by new product and manufacturing technologies we introduce, the number of concurrent international projects, any industry-wide component constraints, labor shortages and any future impact from events outside of our control. For example, changes to fiscal and trade policy with respect to tariffs, export controls and other restrictions may impact our global supply chain cost structure and availability, affecting not only vehicle production, but also facility expansions. Moreover, we have set ambitious technological targets with our plans for battery cells as well as for iterative manufacturing and design improvements for our vehicles.",supported,true,supply_chain_resilience,false,surfaced_by_fresh_broad_source_locator_v1,reject,negated_event,reject,GENERIC_RISK,reject,hypothetical,negative,false,high,supported_label_conflicts_with_accepted_time;supported_label_has_historical_or_hypothetical_flag,shared_safety_rules,negated_event,"The issuer explicitly states that changes in fiscal/trade policy ""may impact our global supply chain cost structure and availability, affecting not only vehicle production, but also facility expansions,"" which directly describes a supply-chain constraint affecting the company’s operations."
156cb14e4935bb46438630d1,AMAZON COM INC,ee036-fresh-05-amzn,supply_chain_resilience,supply_chain_constraint,missed_supported_event,"In addition, violations by our suppliers or other vendors of applicable laws, regulations, contractual terms, intellectual property rights of others, or our Supply Chain Standards, as well as products or practices regarded as unethical, unsafe, or hazardous, could expose us to claims, damage our reputation, limit our growth, and negatively affect our operating results.","Constraints on the availability of these products could adversely affect our ability to develop and operate artificial intelligence technologies, products, or services. In addition, violations by our suppliers or other vendors of applicable laws, regulations, contractual terms, intellectual property rights of others, or our Supply Chain Standards, as well as products or practices regarded as unethical, unsafe, or hazardous, could expose us to claims, damage our reputation, limit our growth, and negatively affect our operating results. Our Commercial Agreements, Strategic Alliances, and Other Business Relationships Expose Us to Risks We provide physical, e-commerce, and omnichannel retail, cloud services, and other services to businesses through commercial agreements, strategic alliances, and business relationships.",supported,true,supply_chain_resilience,false,surfaced_by_fresh_broad_source_locator_v1,reject,hypothetical_only,accept,DIRECT_ONGOING_CONDITION,reject,ongoing,negative,false,high,supported_label_has_historical_or_hypothetical_flag;deterministic_and_semantic_disagree,shared_safety_rules,hypothetical_only,"The surrounding context explicitly states that constraints on product availability could adversely affect the company's ability to develop and operate its technologies, directly establishing a supply-chain availability constraint that would affect the issuer's operations."
1cb22648af7ff8498d94f9a6,PFIZER INC,ee036-fresh-07-pfe,supply_chain_resilience,supply_chain_constraint,missed_supported_event,Our supply chain is subject to these same transitional and physical risks and would likely pass along any increased costs to us.,"Physical risks to our operations include water stress and drought; flooding and storm surge; wildfires; extreme temperatures and storms, which could impact pharmaceutical production, increase costs, or disrupt supply chains of medicines for patients. Our supply chain is subject to these same transitional and physical risks and would likely pass along any increased costs to us. In June 2022, Pfizer established our fourth consecutive GHG reduction goal with new near- and long-term targets to achieve the Science Based Target Initiative’s voluntary Net-Zero Standard by 2040.",supported,true,supply_chain_resilience,false,surfaced_by_fresh_broad_source_locator_v1,ambiguous,supply_condition_not_entailed,reject,GENERIC_RISK,reject,ongoing,negative,false,high,deterministic_and_semantic_disagree,family_contract,supply_condition_not_entailed,"The quoted sentence explicitly states Pfizer's supply chain is subject to transitional and physical risks and would likely pass increased costs to Pfizer, directly establishing an ongoing supply chain constraint affecting the company."
202b96e8feec3da4ded79892,JOHNSON & JOHNSON,ee036-fresh-01-jnj,supply_chain_resilience,supply_chain_constraint,missed_supported_event,"Global tensions, conflict and/or war among any of the countries in which we conduct business or distribute our products may result in foreign currency volatility, decreased demand for our products in affected countries, and challenges to our global supply chain related to increased costs of materials and other inputs for our products and suppliers.","As described above, the Company has extensive operations and business activity throughout the world. Global tensions, conflict and/or war among any of the countries in which we conduct business or distribute our products may result in foreign currency volatility, decreased demand for our products in affected countries, and challenges to our global supply chain related to increased costs of materials and other inputs for our products and suppliers. Most recently, we have experienced, and expect to continue to experience, impacts to the Company's business resulting from the Russia-Ukraine war, conflict in the Middle East as well as increasing tensions between the U.S.",supported,true,supply_chain_resilience,false,surfaced_by_fresh_broad_source_locator_v1,accept,direct_supply_condition,reject,GENERIC_RISK,reject,ongoing,negative,false,high,deterministic_and_semantic_disagree,semantic_adjudication,GENERIC_RISK,"The surrounding_context explicitly states the company may face ""challenges to our global supply chain related to increased costs of materials and other inputs for our products and suppliers,"" directly establishing a supply-chain constraint affecting the issuer. It also notes recent and continuing impacts (e.g., Russia-Ukraine war), supporting an ongoing effect on the target company."
2fa76c7186dad8f40e223b9a,"Tesla, Inc.",ee036-fresh-04-tsla,supply_chain_resilience,supply_chain_constraint,missed_supported_event;ambiguous_decision,"At the same time, periods of heightened levels of capital expenditures due to capital-intensive projects and other potential variables such as rising material prices and increases in supply chain and labor expenses resulting from changes in global trade conditions and labor availability, will necessitate additional funding beyond our operating cash flow.","We have and will continue to utilize such cash flows, among other things, to invest in autonomy and robotics, further vertically integrate our supply chain, expand our product roadmap and provide financing options to our customers. At the same time, periods of heightened levels of capital expenditures due to capital-intensive projects and other potential variables such as rising material prices and increases in supply chain and labor expenses resulting from changes in global trade conditions and labor availability, will necessitate additional funding beyond our operating cash flow. 30 Table of Contents Critical Accounting Policies and Estimates For a description of our critical accounting policies and estimates, refer to Part II, Item 7, Critical Accounting Policies and Estimates in our Annual Report on Form 10-K for the year ended December 31, 2025.",supported,true,supply_chain_resilience,false,surfaced_by_fresh_broad_source_locator_v1,ambiguous,supply_condition_not_entailed,accept,DIRECT_PLANNED_EVENT,ambiguous,ongoing,negative,false,high,supported_label_has_historical_or_hypothetical_flag;deterministic_and_semantic_disagree,family_contract,supply_condition_not_entailed,"The company text explicitly cites ""increases in supply chain and labor expenses resulting from changes in global trade conditions and labor availability"" that ""will necessitate additional funding beyond our operating cash flow,"" directly describing a supply-chain-related constraint affecting the issuer's operations and financing needs."
37e38132ca1050ee61c2fb1d,JOHNSON & JOHNSON,ee036-fresh-01-jnj,supply_chain_resilience,supply_chain_constraint,missed_supported_event,"While the Company has robust business continuity plans in place across our global supply chain network designed to help mitigate the impact of health crises, these efforts may not completely prevent our business from being adversely affected in the event of a health crisis.","Impacts to the Company have included and may include adverse impacts to results of operations and financial condition, including lower sales and reduced customer demand and usage of certain of our products. While the Company has robust business continuity plans in place across our global supply chain network designed to help mitigate the impact of health crises, these efforts may not completely prevent our business from being adversely affected in the event of a health crisis. Health crises could adversely impact the Company’s operations, including, among other things, our manufacturing operations, supply chain, third-party suppliers, sales and marketing, and clinical trial operations.",supported,true,supply_chain_resilience,false,surfaced_by_fresh_broad_source_locator_v1,reject,negated_event,reject,HYPOTHETICAL_ONLY,reject,hypothetical,negative,false,high,supported_label_conflicts_with_accepted_time;supported_label_has_historical_or_hypothetical_flag,shared_safety_rules,negated_event,"The source explicitly states that health crises ""could adversely impact"" the Company’s operations and specifically names the company's ""supply chain,"" directly supporting a supply_chain_constraint affecting the issuer. The language is prospective/conditional (could/may), so it's treated as hypothetical/current risk rather than a purely historical event."
45d57a566ae30ced9145d2d8,PFIZER INC,ee036-fresh-07-pfe,supply_chain_resilience,supply_chain_constraint,missed_supported_event,"Related risks and challenges for our business include, among others: uncertainty regarding the severity and duration of a pandemic; impacts to business operations; decreased demand for certain of our products; increased costs of doing business; manufacturing disruptions and delays; supply chain disruptions and shortages, including challenges related to reliance on third-party suppliers resulting in reduced availability of materials or components used in the development, manufacturing, distribution or administration of our products; evolving macroeconomic factors and conditions, including general economic uncertainty, unemployment rates and recessionary pressures; changes in labor markets, including challenges related to our human capital and talent development; unknown consequences on our business performance and initiatives stemming from the substantial investment of time and other resources to any potential pandemic response; increased difficulty and uncertainty regarding predicting or estimating future performance; pace of post-pandemic recovery, disruption and volatility within the financial or credit markets; and our financial performance in general.","PANDEMICS Pandemics, such as the COVID-19 pandemic, have impacted and may in the future impact our business, operations and financial condition and results. Related risks and challenges for our business include, among others: uncertainty regarding the severity and duration of a pandemic; impacts to business operations; decreased demand for certain of our products; increased costs of doing business; manufacturing disruptions and delays; supply chain disruptions and shortages, including challenges related to reliance on third-party suppliers resulting in reduced availability of materials or components used in the development, manufacturing, distribution or administration of our products; evolving macroeconomic factors and conditions, including general economic uncertainty, unemployment rates and recessionary pressures; changes in labor markets, including challenges related to our human capital and talent development; unknown consequences on our business performance and initiatives stemming from the substantial investment of time and other resources to any potential pandemic response; increased difficulty and uncertainty regarding predicting or estimating future performance; pace of post-pandemic recovery, disruption and volatility within the financial or credit markets; and our financial performance in general. 2025 Form 10-K 24 RESPONSIBLE BUSINESS PRACTICES Pfizer is subject to transitional and physical risks related to climate change.
Related risks and challenges for our business include, among others: uncertainty regarding the severity and duration of a pandemic; impacts to business operations; decreased demand for certain of our products; increased costs of doing business; manufacturing disruptions and delays; supply chain disruptions and shortages, including challenges related to reliance on third-party suppliers resulting in reduced availability of materials or components used in the development, manufacturing, distribution or administration of our products; evolving macroeconomic factors and conditions, including general economic uncertainty, unemployment rates and recessionary pressures; changes in labor markets, including challenges related to our human capital and talent development; unknown consequences on our business performance and initiatives stemming from the substantial investment of time and other resources to any potential pandemic response",supported,true,supply_chain_resilience,false,surfaced_by_fresh_broad_source_locator_v1,ambiguous,supply_condition_not_entailed,reject,GENERIC_RISK,reject,ongoing,negative,false,high,deterministic_and_semantic_disagree,family_contract,supply_condition_not_entailed,"The surrounding_context explicitly states Pfizer experiences “supply chain disruptions and shortages” that reduce availability of materials/components for development, manufacturing, distribution or administration of its products, directly establishing a supply-chain constraint affecting the issuer."
4df974cd3b8cecc97613f14e,AMAZON COM INC,ee036-fresh-05-amzn,supply_chain_resilience,supplier_insolvency,missed_supported_event,"Decisions by our current suppliers to limit or stop selling or licensing merchandise, content, components, or services to us on acceptable terms, or delay delivery, including as a result of one or more supplier bankruptcies due to poor economic conditions, natural or human-caused disasters (including public health crises), geopolitical events, labor and trade disputes, or for other reasons, may result in our being unable to procure alternatives from other suppliers in a timely and efficient manner and on acceptable terms, or at all.","We do not have long-term arrangements with most of our suppliers to guarantee availability of merchandise, content, components, or services, particular payment terms, or the extension of credit limits. Decisions by our current suppliers to limit or stop selling or licensing merchandise, content, components, or services to us on acceptable terms, or delay delivery, including as a result of one or more supplier bankruptcies due to poor economic conditions, natural or human-caused disasters (including public health crises), geopolitical events, labor and trade disputes, or for other reasons, may result in our being unable to procure alternatives from other suppliers in a timely and efficient manner and on acceptable terms, or at all. For example, we rely on a limited group of suppliers for semiconductor products, including products related to artificial intelligence infrastructure such as graphics processing units.",supported,true,supply_chain_resilience,false,surfaced_by_fresh_broad_source_locator_v1,ambiguous,supply_condition_not_entailed,reject,GENERIC_RISK,reject,hypothetical,negative,false,high,supported_label_conflicts_with_accepted_time;supported_label_has_historical_or_hypothetical_flag;deterministic_and_semantic_disagree,family_contract,supply_condition_not_entailed,"The filing explicitly states that supplier bankruptcies (insolvency) could cause suppliers to stop or limit sales to the company, resulting in inability to procure alternatives — directly describing supplier insolvency risk affecting the issuer."
0288977ee43e360dc9a64e59,TARGET CORP,ee036-fresh-11-tgt,workforce,redundancy,missed_supported_event;ambiguous_decision,"Costs incurred in connection with our business transformation initiative include the following: • Severance and Related Costs — During 2025, we recognized $ 129 million of severance and related costs within SG&A, primarily related to our headquarters workforce reduction.","Business Transformation Costs In May 2025, we announced a multi-year initiative to transform various aspects of our business—including our organizational structure, processes, and technology—to enable greater agility and optimize the use of the Company's assets. Costs incurred in connection with our business transformation initiative include the following: • Severance and Related Costs — During 2025, we recognized $ 129 million of severance and related costs within SG&A, primarily related to our headquarters workforce reduction. The majority has been paid as of January 31, 2026.",supported,true,workforce,false,surfaced_by_fresh_broad_source_locator_v1,ambiguous,workforce_event_not_entailed,accept,DIRECT_CURRENT_EVENT,ambiguous,historical,negative,false,high,supported_label_conflicts_with_accepted_time;supported_label_has_historical_or_hypothetical_flag;deterministic_and_semantic_disagree,family_contract,workforce_event_not_entailed,"The surrounding context explicitly states the issuer recognized $129 million of severance and related costs 'primarily related to our headquarters workforce reduction' during 2025, directly documenting a company workforce reduction (redundancy) event."
032f474adaef5eee0f5944df,"Tesla, Inc.",ee036-fresh-03-tsla,workforce,hiring,missed_supported_event;ambiguous_decision,"Nevada Tax Incentives In connection with the construction of Gigafactory Nevada, we entered into agreements in 2014 with the State of Nevada and Storey County in Nevada that provide abatements for specified taxes, discounts to the base tariff energy rates and transferable tax credits of up to $ 195 million in consideration of capital investment and hiring targets that were met at Gigafactory Nevada.","For the years ended December 31, 2025, 2024 and 2023, the impact from our IRA incentive was primarily a reduction of our costs of revenue in our consolidated statements of operations as discussed above in Cost of Revenues. Nevada Tax Incentives In connection with the construction of Gigafactory Nevada, we entered into agreements in 2014 with the State of Nevada and Storey County in Nevada that provide abatements for specified taxes, discounts to the base tariff energy rates and transferable tax credits of up to $ 195 million in consideration of capital investment and hiring targets that were met at Gigafactory Nevada. Gigafactory Texas Tax Incentives In connection with the construction of Gigafactory Texas, we entered into a 20-year agreement in 2020 with Travis County in Texas pursuant to which we would receive grant funding equal to 70 - 80 % of property taxes paid by us to Travis County and a separate 10-year agreement in 2020 with the Del Valle Independent School District in Texas pursuant to which a portion of the taxable value of our property would be capped at a specified amount, in each case subject to our meeting certain minimum economic development metrics through our construction and operations at Gigafactory Texas.",supported,true,workforce,false,surfaced_by_fresh_broad_source_locator_v1,ambiguous,workforce_event_not_entailed,accept,DIRECT_SEGMENT_EVENT,ambiguous,historical,positive,false,high,supported_label_conflicts_with_accepted_time;supported_label_has_historical_or_hypothetical_flag;deterministic_and_semantic_disagree,family_contract,workforce_event_not_entailed,"The surrounding text explicitly states the tax incentives were provided in consideration of capital investment and hiring targets ""that were met at Gigafactory Nevada,"" directly establishing that the issuer met hiring targets (a hiring/expansion event) for the specified facility."
05111930cda7cc4f07778db1,"TYSON FOODS, INC.",ee036-fresh-09-tsn,workforce,redundancy,missed_supported_event;ambiguous_decision,"59 2022 Program The Company approved a restructuring program in fiscal 2022 (the ""2022 Program""), to improve business performance, increase collaboration, enhance team member agility, enable faster decision-making and reduce redundancies.","The following table reflects pretax (income) expense related to the network optimization plan during fiscal 2025 (in millions): Beef Pork Chicken Prepared Foods International/Other Total Cost of Sales: Severance and related costs $ 6 $ — $ 8 $ 2 $ 2 $ 18 Accelerated depreciation 38 — 1 — — 39 Asset write-offs 3 — 33 34 12 82 Contract and lease terminations 1 — 3 7 — 11 Gain on sale of storage facilities — — ( 38 ) ( 69 ) — ( 107 ) Total Cost of Sales $ 48 $ — $ 7 $ ( 26 ) $ 14 $ 43 Selling, General and Administrative: Severance and related costs — — 2 — — 2 Total Selling, General and Administrative $ — $ — $ 2 $ — $ — $ 2 Total $ 48 $ — $ 9 $ ( 26 ) $ 14 $ 45 As of September 27, 2025, there was $ 34 million of network optimization plan liability, net of $ 19 million of payments during fiscal 2025 in addition to a receivable of $ 43 million for the deferred purchase price from the sale of storage facilities, which is expected to be received in fiscal 2026. 59 2022 Program The Company approved a restructuring program in fiscal 2022 (the ""2022 Program""), to improve business performance, increase collaboration, enhance team member agility, enable faster decision-making and reduce redundancies. In conjunction with the 2022 Program, the Company relocated all its corporate team members from its former Chicago, Downers Grove and Dakota Dunes area corporate locations to its world headquarters in Springdale, Arkansas.",supported,true,workforce,false,surfaced_by_fresh_broad_source_locator_v1,ambiguous,workforce_event_not_entailed,accept,DIRECT_PLANNED_EVENT,ambiguous,ongoing,negative,false,high,deterministic_and_semantic_disagree,family_contract,workforce_event_not_entailed,"The filing explicitly states the Company approved a restructuring program “to ... reduce redundancies,” and related severance costs and network optimization liabilities appear in the fiscal 2025 tables, directly evidencing issuer workforce reduction actions."
058e6d61f6040378e604bb0e,"TYSON FOODS, INC.",ee036-fresh-09-tsn,workforce,redundancy,missed_supported_event;ambiguous_decision,"For fiscal 2024, charges totaled $ 86 million primarily related to property, plant and equipment impairments, severance costs, inventory write-offs and clean-up costs, partially offset by insurance proceeds.","60 The following table reflects our liability related to plant closures as of September 27, 2025 (in millions): Balance at September 28, 2024 Plant Closure Charges Payments Balance at September 27, 2025 Contract termination $ 98 $ 23 $ ( 49 ) $ 72 Severance and retention 5 — ( 5 ) — Total $ 103 $ 23 $ ( 54 ) $ 72 During fiscal 2024, we experienced a fire at a production facility in the Netherlands which is included in International/Other for segment presentation, and subsequently approved the sale of the facility. For fiscal 2024, charges totaled $ 86 million primarily related to property, plant and equipment impairments, severance costs, inventory write-offs and clean-up costs, partially offset by insurance proceeds. The net charges are reflected in the Consolidated Statements of Income in Cost of Sales and, for fiscal 2024, included $ 31 million of charges that have resulted or will result in cash outflows and $ 64 million of non-cash charges, offset by $ 9 million of insurance proceeds.",supported,true,workforce,false,surfaced_by_fresh_broad_source_locator_v1,ambiguous,workforce_event_not_entailed,accept,DIRECT_CURRENT_EVENT,ambiguous,historical,negative,false,high,supported_label_conflicts_with_accepted_time;supported_label_has_historical_or_hypothetical_flag;deterministic_and_semantic_disagree,family_contract,workforce_event_not_entailed,"The surrounding text explicitly ties fiscal 2024 charges to ""severance costs"" and plant closure liabilities, indicating workforce reductions (redundancy) at the issuer."
0e5dffedff8c3c40e1755df1,AMAZON COM INC,ee036-fresh-05-amzn,workforce,redundancy,missed_supported_event;ambiguous_decision,"Operating income for 2025 includes charges of $2.5 billion we recorded in Q3 2025 related to the settlement of a lawsuit with the FTC and $2.7 billion, of which $1.8 billion was recorded in Q3 2025, of estimated severance costs primarily related to planned role eliminations.","Operating Income Operating income by segment is as follows (in millions): Year Ended December 31, 2024 2025 Operating Income North America $ 24,967 $ 29,619 International 3,792 4,750 AWS 39,834 45,606 Consolidated $ 68,593 $ 79,975 Operating income was $68.6 billion and $80.0 billion for 2024 and 2025. Operating income for 2025 includes charges of $2.5 billion we recorded in Q3 2025 related to the settlement of a lawsuit with the FTC and $2.7 billion, of which $1.8 billion was recorded in Q3 2025, of estimated severance costs primarily related to planned role eliminations. We believe that operating income is a more meaningful measure than gross profit and gross margin due to the diversity of our product categories and services.",supported,true,workforce,false,surfaced_by_fresh_broad_source_locator_v1,ambiguous,workforce_event_not_entailed,accept,DIRECT_PLANNED_EVENT,ambiguous,planned,negative,false,high,supported_label_has_historical_or_hypothetical_flag;deterministic_and_semantic_disagree,family_contract,workforce_event_not_entailed,"The issuer (Amazon) discloses $2.7 billion of estimated severance costs ""primarily related to planned role eliminations,"" directly indicating a workforce redundancy/contraction event planned by the company."
1a02fa6aa3aaf44f3bb265c3,PFIZER INC,ee036-fresh-07-pfe,workforce,redundancy,missed_supported_event;ambiguous_decision,"The first phase of this program is primarily focused on operational efficiencies, and we expect costs for this first phase to total approximately $ 1.4 billion, primarily representing cash expenditures for severance and implementation costs, all of which is associated with our Biopharma segment.","Manufacturing Optimization Program In the second quarter of 2024, we announced that we launched a multi-year, multi-phased program to reduce our costs of goods sold, which includes operational efficiencies, network structure changes, and product portfolio enhancements. The first phase of this program is primarily focused on operational efficiencies, and we expect costs for this first phase to total approximately $ 1.4 billion, primarily representing cash expenditures for severance and implementation costs, all of which is associated with our Biopharma segment. From the start of this program through December 31, 2025, we incurred costs of $ 1.1 billion (including $ 875 million of restructuring charges).",supported,true,workforce,false,surfaced_by_fresh_broad_source_locator_v1,ambiguous,workforce_event_not_entailed,accept,DIRECT_PLANNED_EVENT,ambiguous,ongoing,negative,false,high,supported_label_has_historical_or_hypothetical_flag;deterministic_and_semantic_disagree,family_contract,workforce_event_not_entailed,"The filing explicitly states costs tied to severance and restructuring charges for a multi‑year cost‑reduction program at Pfizer’s Biopharma segment, directly evidencing redundancies/workforce reductions."
20588dd1e1036c4dc49a218c,PFIZER INC,ee036-fresh-08-pfe,workforce,redundancy,missed_supported_event;ambiguous_decision,"AND SUBSIDIARY COMPANIES NOTES TO CONDENSED CONSOLIDATED FINANCIAL STATEMENTS (UNAUDITED) expenditures for digital enablement, implementation and severance of which $ 800 million is associated with our Biopharma segment.","We expect one-time costs to achieve the additional savings to be incurred through 2029 and to total approximately $ 2.0 billion, primarily representing cash 11 PFIZER INC. AND SUBSIDIARY COMPANIES NOTES TO CONDENSED CONSOLIDATED FINANCIAL STATEMENTS (UNAUDITED) expenditures for digital enablement, implementation and severance of which $ 800 million is associated with our Biopharma segment. Additionally, in connection with our efforts to simplify the structure and sharpen the focus of our R&D organization, in the first quarter of 2025, we expanded this program after having identified additional opportunities to drive improvements in productivity and operational efficiencies through enhanced digital enablement, including automation and AI, and simplification of business processes.",supported,true,workforce,false,surfaced_by_fresh_broad_source_locator_v1,ambiguous,workforce_event_not_entailed,accept,DIRECT_SEGMENT_EVENT,ambiguous,ongoing,negative,false,high,deterministic_and_semantic_disagree,family_contract,workforce_event_not_entailed,"The surrounding text explicitly states expenditures include severance of which $800 million is associated with Pfizer’s Biopharma segment, indicating issuer-level redundancy costs and an expanded program (Q1 2025) with costs through 2029 — supporting an ongoing workforce reduction."
263aa8cda84f51fe9c5739f0,"TYSON FOODS, INC.",ee036-fresh-10-tsn,workforce,redundancy,missed_supported_event;ambiguous_decision,"In connection with these transitions, we recognized charges of $ 73 million during the three and nine months ended June 27, 2026, consisting of $ 41 million of one-time cash payments and $ 32 million of severance and related charges.","Executive Leadership Transition During the third quarter of fiscal 2026, we announced certain executive leadership changes, including the transition of our Chief Executive Officer and Chief Operating Officer from their respective roles, the appointment of their successors and the execution of a new employment agreement with the Chairman of our Board of Directors. In connection with these transitions, we recognized charges of $ 73 million during the three and nine months ended June 27, 2026, consisting of $ 41 million of one-time cash payments and $ 32 million of severance and related charges. These charges were recognized as corporate expenses within Selling, General and Administrative in our Consolidated Condensed Statements of Income.",supported,true,workforce,false,surfaced_by_fresh_broad_source_locator_v1,ambiguous,workforce_event_not_entailed,accept,DIRECT_CURRENT_EVENT,ambiguous,historical,negative,false,high,supported_label_conflicts_with_accepted_time;supported_label_has_historical_or_hypothetical_flag;deterministic_and_semantic_disagree,family_contract,workforce_event_not_entailed,"The surrounding context states the issuer (Tyson Foods) recognized $32 million of severance and related charges in connection with executive leadership transitions, which directly indicates workforce reductions/redundancies at the company. This is a reported (historical) issuer workforce action."
26c0ad8d832eb7f87e9d2a6d,"TYSON FOODS, INC.",ee036-fresh-09-tsn,workforce,labour_constraint,missed_supported_event,"Labor shortages and increased turnover rates within our team members have led to and could in the future lead to increased costs, such as increased overtime to meet demand and increased wage rates to attract and retain employees and could negatively affect our ability to efficiently operate our production facilities or otherwise operate at full capacity.","LABOR & EMPLOYMENT RISK FACTORS Labor shortages and increased turnover or increases in employee and employee-related costs could have adverse effects on our profitability. Labor shortages and increased turnover rates within our team members have led to and could in the future lead to increased costs, such as increased overtime to meet demand and increased wage rates to attract and retain employees and could negatively affect our ability to efficiently operate our production facilities or otherwise operate at full capacity. An overall or prolonged labor shortage, lack of skilled labor, increased turnover or labor inflation could have an adverse impact on our operations, results of operations, liquidity or cash flows.
Labor shortages and increased turnover rates within our team members have led to and could in the future lead to increased costs, such as increased overtime to meet demand and increased wage rates to attract and retain employees and could negatively affect our ability to efficiently operate our production facilities or otherwise operate at full capacity.",supported,true,workforce,false,surfaced_by_fresh_broad_source_locator_v1,reject,hypothetical_only,accept,DIRECT_ONGOING_CONDITION,reject,ongoing,negative,false,high,supported_label_has_historical_or_hypothetical_flag;deterministic_and_semantic_disagree,shared_safety_rules,hypothetical_only,"The surrounding context explicitly states the issuer has experienced labor shortages and increased turnover that 'have led to and could in the future lead to increased costs' and could 'negatively affect our ability to efficiently operate our production facilities,' directly establishing an issuer labour constraint."
2e81dfd88a6f78529f84d3a5,PFIZER INC,ee036-fresh-07-pfe,workforce,redundancy,missed_supported_event;ambiguous_decision,"For 2025 and 2024, Employee terminations include revisions of estimates of previously recorded accruals for severance benefits, driven in large part by higher-than-expected voluntary attrition.","Amounts associated with our Biopharma segment: (i) charges of $ 691 million for 2025 (including charges of $ 920 million for our Realigning our Cost Base Program and credits of $ 288 million for our Manufacturing Optimization Program), (ii) charges of $ 1.8 billion for 2024 (including charges of $ 1.2 billion our Manufacturing Optimization Program and charges of $ 571 million for our Realigning our Cost Base Program) and (iii) charges of $ 1.5 billion for 2023 (including charges of $ 1.4 billion for our Realigning our Cost Base Program and charges of $ 3 million for our Transforming to a More Focused Company program, that we have substantially completed). For 2025 and 2024, Employee terminations include revisions of estimates of previously recorded accruals for severance benefits, driven in large part by higher-than-expected voluntary attrition. (b) Represents external costs for banking, legal, accounting and other similar services.",supported,true,workforce,false,surfaced_by_fresh_broad_source_locator_v1,ambiguous,workforce_event_not_entailed,accept,DIRECT_SEGMENT_EVENT,ambiguous,historical,negative,false,high,supported_label_conflicts_with_accepted_time;supported_label_has_historical_or_hypothetical_flag;deterministic_and_semantic_disagree,family_contract,workforce_event_not_entailed,"The surrounding context explicitly states 'Employee terminations' for 2025 and 2024 and describes severance accrual revisions, directly documenting workforce reductions (redundancy) at the issuer."
31173c8c2f778106f050fd4f,"TYSON FOODS, INC.",ee036-fresh-09-tsn,workforce,redundancy,missed_supported_event;ambiguous_decision,"The charges primarily included the closure of two facilities in the Prepared Foods segment, a non-harvesting facility closure in the Beef segment, asset write-offs in the Chicken and Prepared Foods segments and International/Other as well as severance and related costs and contract and lease termination costs.","In fiscal 2025, we recognized charges of $45 million related to the network optimization plan, which included a gain of $107 million from the sale of storage facilities. The charges primarily included the closure of two facilities in the Prepared Foods segment, a non-harvesting facility closure in the Beef segment, asset write-offs in the Chicken and Prepared Foods segments and International/Other as well as severance and related costs and contract and lease termination costs. For additional description refer to Part II, Item 8, Notes to the Consolidated Financial Statements, Note 7: Restructuring and Related Charges.",supported,true,workforce,false,surfaced_by_fresh_broad_source_locator_v1,ambiguous,workforce_event_not_entailed,ambiguous,SUBJECT_AMBIGUOUS,ambiguous,historical,negative,false,high,supported_label_conflicts_with_accepted_time;supported_label_has_historical_or_hypothetical_flag,family_contract,workforce_event_not_entailed,"Fiscal 2025 charges recognized by Tyson Foods explicitly include facility closures and ""severance and related costs,"" which directly indicates workforce reductions/redundancies at the issuer."
34f13a48da0a64711b0c7282,"Tesla, Inc.",ee036-fresh-03-tsla,workforce,skills_investment,missed_supported_event;ambiguous_decision,"To defend, detect and respond to cybersecurity incidents, we, among other things: conduct proactive privacy and cybersecurity reviews of systems and applications, audit applicable data policies, perform penetration testing using external third-party tools and techniques to test security controls, operate a bug bounty program to encourage proactive vulnerability reporting, conduct employee training, monitor emerging laws and regulations related to data protection and information security (including our consumer products) and implement appropriate changes.","Cybersecurity risks related to our business, technical operations, privacy and compliance issues are identified and addressed through a multi-faceted approach including third party assessments, internal IT Audit, IT security, governance, risk and compliance reviews. To defend, detect and respond to cybersecurity incidents, we, among other things: conduct proactive privacy and cybersecurity reviews of systems and applications, audit applicable data policies, perform penetration testing using external third-party tools and techniques to test security controls, operate a bug bounty program to encourage proactive vulnerability reporting, conduct employee training, monitor emerging laws and regulations related to data protection and information security (including our consumer products) and implement appropriate changes. We have implemented incident response and breach management processes which have four overarching and interconnected stages: 1) preparation for a cybersecurity incident, 2) detection and analysis of a security incident, 3) containment, eradication and recovery, and 4) post-incident analysis.",supported,true,workforce,false,surfaced_by_fresh_broad_source_locator_v1,ambiguous,workforce_event_not_entailed,ambiguous,SUBJECT_AMBIGUOUS,ambiguous,ongoing,positive,false,low,,family_contract,workforce_event_not_entailed,"The surrounding_context explicitly states the issuer 'conduct employee training' as part of its cybersecurity practices, which directly constitutes a skills investment by the company."
48c435aaba42526445962142,"TYSON FOODS, INC.",ee036-fresh-09-tsn,workforce,redundancy,ambiguous_decision,"The charges primarily included the closure of two facilities in the Prepared Foods segment, a non-harvesting facility closure in the Beef segment, and asset write-offs in the Chicken and Prepared Foods segments and International/Other, as well as severance and related costs and contract and lease termination costs.","In fiscal 2025, we recognized net charges of $ 45 million related to the network optimization plan, which included a gain of $ 107 million from the sale of storage facilities. The charges primarily included the closure of two facilities in the Prepared Foods segment, a non-harvesting facility closure in the Beef segment, and asset write-offs in the Chicken and Prepared Foods segments and International/Other, as well as severance and related costs and contract and lease termination costs. Additionally, in fiscal 2025, we executed various long-term cold storage service agreements and sold multiple Tyson-owned and operated storage facilities which primarily support our Chicken and Prepared Foods segments.",unsupported,true,workforce,false,surfaced_by_fresh_broad_source_locator_v1,ambiguous,workforce_event_not_entailed,accept,DIRECT_SEGMENT_EVENT,ambiguous,historical,negative,false,high,deterministic_and_semantic_disagree,ambiguity_handling,workforce_event_not_entailed,"The surrounding_context explicitly describes facility closures and ""severance and related costs"" (evidence of redundancies) but refers to charges ""In fiscal 2025"" (historical). The contract accepts current/ongoing/planned times only, and the event here is historical background, so it does not meet the contract's accepted_time requirement. Therefore UNSUPPORTED."
7456e7e78d4d98edb4c1ac9a,UNION PACIFIC CORP,ee036-fresh-13-unp,workforce,redundancy,ambiguous_decision,"Additionally, in 2025, certain management employees participated in a tabletop exercise to simulate a response to a cybersecurity incident, and the teams incorporated the findings of this exercise into our Business Sustainment Plans The Internal Cybersecurity Team has robust processes and redundancies in place designed with the objective of deterring, detecting, mitigating, and responding to potential cybersecurity threats, which includes a vulnerability assessment, prioritization, and remediation program.","The IRP applies to the Company’s extended computing environment, including electronic information resources that are owned or used by the Company and are routinely relied on to support our operations. Additionally, in 2025, certain management employees participated in a tabletop exercise to simulate a response to a cybersecurity incident, and the teams incorporated the findings of this exercise into our Business Sustainment Plans The Internal Cybersecurity Team has robust processes and redundancies in place designed with the objective of deterring, detecting, mitigating, and responding to potential cybersecurity threats, which includes a vulnerability assessment, prioritization, and remediation program. The Internal Cybersecurity Team also performs regular system penetration testing to validate our security controls and assess our infrastructure and applications.
Additionally, in 2025, certain management employees participated in a tabletop exercise to simulate a response to a cybersecurity incident, and the teams incorporated the findings of this exercise into our Business Sustainment Plans The Internal Cybersecurity Team has robust processes and redundancies in place designed with the objective of deterring, detecting, mitigating, and responding to potential cybersecurity threats, which includes a vulnerability assessment, prioritization, and remediation program.",unsupported,true,workforce,false,surfaced_by_fresh_broad_source_locator_v1,ambiguous,workforce_event_not_entailed,accept,DIRECT_ONGOING_CONDITION,ambiguous,historical,neutral,false,high,deterministic_and_semantic_disagree,ambiguity_handling,workforce_event_not_entailed,"The passage describes cybersecurity exercises and process/system ""redundancies"" and notes management participation in a tabletop exercise, but it does not describe any workforce action (no redundancies/layoffs, hiring, workforce reduction, or labour constraints). The mention of ""redundancies"" refers to technical/process resiliency, not employee workforce changes, so it does not support the proposed issuer workforce event."
6509c0ea199591a44588a556,AMAZON COM INC,ee036-fresh-05-amzn,workforce,redundancy,ambiguous_decision,severance,severance,ambiguous,true,workforce,false,surfaced_by_fresh_broad_source_locator_v1,ambiguous,workforce_event_not_entailed,ambiguous,SOURCE_FRAGMENT_AMBIGUOUS,ambiguous,unclear,unclear,false,high,source_first_label_is_ambiguous,ambiguity_handling,workforce_event_not_entailed,"The real-source fragment lacks enough context to establish subject, actuality and timing."
