gold_id,company,ticker,document_id,metric_type,value,unit,currency,scale,sign,reporting_period,period_start,period_role,accounting_basis,exact_evidence_span,page_or_section,reviewer,review_timestamp,notes,ambiguity_flag
gold-ee02-aapl-0000320193-23-000106-capex,Apple Inc.,AAPL,ee02-aapl-0000320193-23-000106,capex,10959,million,USD,6,1,2023-09-30,2022-09-25,current_fy,statutory,"<ix:nonFraction unitRef=""usd"" contextRef=""c-1"" decimals=""-6"" name=""us-gaap:PaymentsToAcquirePropertyPlantAndEquipment"" format=""ixt:num-dot-decimal"" scale=""6"" id=""f-310"">10,959</ix:nonFraction>",iXBRL context c-1,codex-independent-source-review,2026-08-15T17:30:00+00:00,Verified from consolidated dimension-free PaymentsToAcquirePropertyPlantAndEquipment iXBRL fact before benchmark extraction,false
gold-ee02-aapl-0000320193-23-000106-inventory,Apple Inc.,AAPL,ee02-aapl-0000320193-23-000106,inventory,6331,million,USD,6,1,2023-09-30,,current_instant,statutory,"<ix:nonFraction unitRef=""usd"" contextRef=""c-22"" decimals=""-6"" name=""us-gaap:InventoryNet"" format=""ixt:num-dot-decimal"" scale=""6"" id=""f-158"">6,331</ix:nonFraction>",iXBRL context c-22,codex-independent-source-review,2026-08-15T17:30:00+00:00,Verified from consolidated dimension-free InventoryNet iXBRL fact before benchmark extraction,false
gold-ee02-aapl-0000320193-23-000106-operating_cash_flow,Apple Inc.,AAPL,ee02-aapl-0000320193-23-000106,operating_cash_flow,110543,million,USD,6,1,2023-09-30,2022-09-25,current_fy,statutory,"<ix:nonFraction unitRef=""usd"" contextRef=""c-1"" decimals=""-6"" name=""us-gaap:NetCashProvidedByUsedInOperatingActivities"" format=""ixt:num-dot-decimal"" scale=""6"" id=""f-298"">110,543</ix:nonFraction>",iXBRL context c-1,codex-independent-source-review,2026-08-15T17:30:00+00:00,Verified from consolidated dimension-free NetCashProvidedByUsedInOperatingActivities iXBRL fact before benchmark extraction,false
gold-ee02-aapl-0000320193-23-000106-operating_profit,Apple Inc.,AAPL,ee02-aapl-0000320193-23-000106,operating_profit,114301,million,USD,6,1,2023-09-30,2022-09-25,current_fy,statutory,"<ix:nonFraction unitRef=""usd"" contextRef=""c-1"" decimals=""-6"" name=""us-gaap:OperatingIncomeLoss"" format=""ixt:num-dot-decimal"" scale=""6"" id=""f-93"">114,301</ix:nonFraction>",iXBRL context c-1,codex-independent-source-review,2026-08-15T17:30:00+00:00,Verified from consolidated dimension-free OperatingIncomeLoss iXBRL fact before benchmark extraction,false
gold-ee02-aapl-0000320193-23-000106-receivables,Apple Inc.,AAPL,ee02-aapl-0000320193-23-000106,receivables,29508,million,USD,6,1,2023-09-30,,current_instant,statutory,"<ix:nonFraction unitRef=""usd"" contextRef=""c-22"" decimals=""-6"" name=""us-gaap:AccountsReceivableNetCurrent"" format=""ixt:num-dot-decimal"" scale=""6"" id=""f-154"">29,508</ix:nonFraction>",iXBRL context c-22,codex-independent-source-review,2026-08-15T17:30:00+00:00,Verified from consolidated dimension-free AccountsReceivableNetCurrent iXBRL fact before benchmark extraction,false
gold-ee02-aapl-0000320193-23-000106-revenue,Apple Inc.,AAPL,ee02-aapl-0000320193-23-000106,revenue,383285,million,USD,6,1,2023-09-30,2022-09-25,current_fy,statutory,"<ix:nonFraction unitRef=""usd"" contextRef=""c-1"" decimals=""-6"" name=""us-gaap:RevenueFromContractWithCustomerExcludingAssessedTax"" format=""ixt:num-dot-decimal"" scale=""6"" id=""f-69"">383,285</ix:nonFraction>",iXBRL context c-1,codex-independent-source-review,2026-08-15T17:30:00+00:00,Verified from consolidated dimension-free RevenueFromContractWithCustomerExcludingAssessedTax iXBRL fact before benchmark extraction,false
gold-ee02-aapl-0000320193-24-000081-capex,Apple Inc.,AAPL,ee02-aapl-0000320193-24-000081,capex,6539,million,USD,6,1,2024-06-29,2023-10-01,current_ytd,statutory,"<ix:nonFraction unitRef=""usd"" contextRef=""c-1"" decimals=""-6"" name=""us-gaap:PaymentsToAcquirePropertyPlantAndEquipment"" format=""ixt:num-dot-decimal"" scale=""6"" id=""f-332"">6,539</ix:nonFraction>",iXBRL context c-1,codex-independent-source-review,2026-08-15T17:30:00+00:00,Verified from consolidated dimension-free PaymentsToAcquirePropertyPlantAndEquipment iXBRL fact before benchmark extraction,false
gold-ee02-aapl-0000320193-24-000081-inventory,Apple Inc.,AAPL,ee02-aapl-0000320193-24-000081,inventory,6165,million,USD,6,1,2024-06-29,,current_instant,statutory,"<ix:nonFraction unitRef=""usd"" contextRef=""c-23"" decimals=""-6"" name=""us-gaap:InventoryNet"" format=""ixt:num-dot-decimal"" scale=""6"" id=""f-178"">6,165</ix:nonFraction>",iXBRL context c-23,codex-independent-source-review,2026-08-15T17:30:00+00:00,Verified from consolidated dimension-free InventoryNet iXBRL fact before benchmark extraction,false
gold-ee02-aapl-0000320193-24-000081-operating_cash_flow,Apple Inc.,AAPL,ee02-aapl-0000320193-24-000081,operating_cash_flow,91443,million,USD,6,1,2024-06-29,2023-10-01,current_ytd,statutory,"<ix:nonFraction unitRef=""usd"" contextRef=""c-1"" decimals=""-6"" name=""us-gaap:NetCashProvidedByUsedInOperatingActivities"" format=""ixt:num-dot-decimal"" scale=""6"" id=""f-324"">91,443</ix:nonFraction>",iXBRL context c-1,codex-independent-source-review,2026-08-15T17:30:00+00:00,Verified from consolidated dimension-free NetCashProvidedByUsedInOperatingActivities iXBRL fact before benchmark extraction,false
gold-ee02-aapl-0000320193-24-000081-operating_profit,Apple Inc.,AAPL,ee02-aapl-0000320193-24-000081,operating_profit,93625,million,USD,6,1,2024-06-29,2023-10-01,current_ytd,statutory,"<ix:nonFraction unitRef=""usd"" contextRef=""c-1"" decimals=""-6"" name=""us-gaap:OperatingIncomeLoss"" format=""ixt:num-dot-decimal"" scale=""6"" id=""f-96"">93,625</ix:nonFraction>",iXBRL context c-1,codex-independent-source-review,2026-08-15T17:30:00+00:00,Verified from consolidated dimension-free OperatingIncomeLoss iXBRL fact before benchmark extraction,false
gold-ee02-aapl-0000320193-24-000081-receivables,Apple Inc.,AAPL,ee02-aapl-0000320193-24-000081,receivables,22795,million,USD,6,1,2024-06-29,,current_instant,statutory,"<ix:nonFraction unitRef=""usd"" contextRef=""c-23"" decimals=""-6"" name=""us-gaap:AccountsReceivableNetCurrent"" format=""ixt:num-dot-decimal"" scale=""6"" id=""f-174"">22,795</ix:nonFraction>",iXBRL context c-23,codex-independent-source-review,2026-08-15T17:30:00+00:00,Verified from consolidated dimension-free AccountsReceivableNetCurrent iXBRL fact before benchmark extraction,false
gold-ee02-aapl-0000320193-24-000081-revenue,Apple Inc.,AAPL,ee02-aapl-0000320193-24-000081,revenue,296105,million,USD,6,1,2024-06-29,2023-10-01,current_ytd,statutory,"<ix:nonFraction unitRef=""usd"" contextRef=""c-1"" decimals=""-6"" name=""us-gaap:RevenueFromContractWithCustomerExcludingAssessedTax"" format=""ixt:num-dot-decimal"" scale=""6"" id=""f-64"">296,105</ix:nonFraction>",iXBRL context c-1,codex-independent-source-review,2026-08-15T17:30:00+00:00,Verified from consolidated dimension-free RevenueFromContractWithCustomerExcludingAssessedTax iXBRL fact before benchmark extraction,false
gold-ee02-aapl-0000320193-24-000123-capex,Apple Inc.,AAPL,ee02-aapl-0000320193-24-000123,capex,9447,million,USD,6,1,2024-09-28,2023-10-01,current_fy,statutory,"<ix:nonFraction unitRef=""usd"" contextRef=""c-1"" decimals=""-6"" name=""us-gaap:PaymentsToAcquirePropertyPlantAndEquipment"" format=""ixt:num-dot-decimal"" scale=""6"" id=""f-307"">9,447</ix:nonFraction>",iXBRL context c-1,codex-independent-source-review,2026-08-15T17:30:00+00:00,Verified from consolidated dimension-free PaymentsToAcquirePropertyPlantAndEquipment iXBRL fact before benchmark extraction,false
gold-ee02-aapl-0000320193-24-000123-inventory,Apple Inc.,AAPL,ee02-aapl-0000320193-24-000123,inventory,7286,million,USD,6,1,2024-09-28,,current_instant,statutory,"<ix:nonFraction unitRef=""usd"" contextRef=""c-21"" decimals=""-6"" name=""us-gaap:InventoryNet"" format=""ixt:num-dot-decimal"" scale=""6"" id=""f-155"">7,286</ix:nonFraction>",iXBRL context c-21,codex-independent-source-review,2026-08-15T17:30:00+00:00,Verified from consolidated dimension-free InventoryNet iXBRL fact before benchmark extraction,false
gold-ee02-aapl-0000320193-24-000123-operating_cash_flow,Apple Inc.,AAPL,ee02-aapl-0000320193-24-000123,operating_cash_flow,118254,million,USD,6,1,2024-09-28,2023-10-01,current_fy,statutory,"<ix:nonFraction unitRef=""usd"" contextRef=""c-1"" decimals=""-6"" name=""us-gaap:NetCashProvidedByUsedInOperatingActivities"" format=""ixt:num-dot-decimal"" scale=""6"" id=""f-295"">118,254</ix:nonFraction>",iXBRL context c-1,codex-independent-source-review,2026-08-15T17:30:00+00:00,Verified from consolidated dimension-free NetCashProvidedByUsedInOperatingActivities iXBRL fact before benchmark extraction,false
gold-ee02-aapl-0000320193-24-000123-operating_profit,Apple Inc.,AAPL,ee02-aapl-0000320193-24-000123,operating_profit,123216,million,USD,6,1,2024-09-28,2023-10-01,current_fy,statutory,"<ix:nonFraction unitRef=""usd"" contextRef=""c-1"" decimals=""-6"" name=""us-gaap:OperatingIncomeLoss"" format=""ixt:num-dot-decimal"" scale=""6"" id=""f-90"">123,216</ix:nonFraction>",iXBRL context c-1,codex-independent-source-review,2026-08-15T17:30:00+00:00,Verified from consolidated dimension-free OperatingIncomeLoss iXBRL fact before benchmark extraction,false
gold-ee02-aapl-0000320193-24-000123-receivables,Apple Inc.,AAPL,ee02-aapl-0000320193-24-000123,receivables,33410,million,USD,6,1,2024-09-28,,current_instant,statutory,"<ix:nonFraction unitRef=""usd"" contextRef=""c-21"" decimals=""-6"" name=""us-gaap:AccountsReceivableNetCurrent"" format=""ixt:num-dot-decimal"" scale=""6"" id=""f-151"">33,410</ix:nonFraction>",iXBRL context c-21,codex-independent-source-review,2026-08-15T17:30:00+00:00,Verified from consolidated dimension-free AccountsReceivableNetCurrent iXBRL fact before benchmark extraction,false
gold-ee02-aapl-0000320193-24-000123-revenue,Apple Inc.,AAPL,ee02-aapl-0000320193-24-000123,revenue,391035,million,USD,6,1,2024-09-28,2023-10-01,current_fy,statutory,"<ix:nonFraction unitRef=""usd"" contextRef=""c-1"" decimals=""-6"" name=""us-gaap:RevenueFromContractWithCustomerExcludingAssessedTax"" format=""ixt:num-dot-decimal"" scale=""6"" id=""f-66"">391,035</ix:nonFraction>",iXBRL context c-1,codex-independent-source-review,2026-08-15T17:30:00+00:00,Verified from consolidated dimension-free RevenueFromContractWithCustomerExcludingAssessedTax iXBRL fact before benchmark extraction,false
gold-ee02-alb-0000915913-23-000039-capex,ALBEMARLE CORP,ALB,ee02-alb-0000915913-23-000039,capex,1261.646,million,USD,3,1,2022-12-31,2022-01-01,current_fy,statutory,"<ix:nonFraction unitRef=""usd"" contextRef=""i04fd0c8fd1794526b072a4668c32f28a_D20220101-20221231"" decimals=""-3"" name=""us-gaap:PaymentsToAcquirePropertyPlantAndEquipment"" format=""ixt:num-dot-decimal"" scale=""3"" id=""id3VybDovL2RvY3MudjEvZG9jOmJlODUxZTNjYzI5ZjRlOGU5MzQ3NGYxYTg4OWIwMmYzL3NlYzpiZTg1MWUzY2MyOWY0ZThlOTM0NzRmMWE4ODliMDJmM18xMDAvZnJhZzo3Mzc5NjI0NWIyZTM0MzcyYTE0OTBmOTE3NmVmMzY5Mi90YWJsZToxOTk5NTkzMjIzZDE0ODk5YjA1YmNiYjRiYWI5ZWFmNC90YWJsZXJhbmdlOjE5OTk1OTMyMjNkMTQ4OTliMDViY2JiNGJhYjllYWY0XzMyLTEtMS0xLTgyMzIz_f6aa195a-0b1b-4ae8-9a34-e575baf57313"">1,261,646</ix:nonFraction>",iXBRL context i04fd0c8fd1794526b072a4668c32f28a_D20220101-20221231,codex-independent-source-review,2026-08-15T17:30:00+00:00,Verified from consolidated dimension-free PaymentsToAcquirePropertyPlantAndEquipment iXBRL fact before benchmark extraction,false
gold-ee02-alb-0000915913-23-000039-inventory,ALBEMARLE CORP,ALB,ee02-alb-0000915913-23-000039,inventory,2076.031,million,USD,3,1,2022-12-31,,current_instant,statutory,"<ix:nonFraction unitRef=""usd"" contextRef=""i0b13c59d63cd4fe3b083113aedaa3cd7_I20221231"" decimals=""-3"" name=""us-gaap:InventoryNet"" format=""ixt:num-dot-decimal"" scale=""3"" id=""id3VybDovL2RvY3MudjEvZG9jOmJlODUxZTNjYzI5ZjRlOGU5MzQ3NGYxYTg4OWIwMmYzL3NlYzpiZTg1MWUzY2MyOWY0ZThlOTM0NzRmMWE4ODliMDJmM185NC9mcmFnOmM3NWQwZDU5ZGEwYzQ4MzhhOTgzNWM2M2I4MTkwNmM1L3RhYmxlOjI3NTk1YmMxODM5NzRmMTc5NTY3Y2MyNjc0YzNhZGViL3RhYmxlcmFuZ2U6Mjc1OTViYzE4Mzk3NGYxNzk1NjdjYzI2NzRjM2FkZWJfNy0xLTEtMS04MjMyMw_7a052a87-911f-4a81-85c2-fe9700703f9f"">2,076,031</ix:nonFraction>",iXBRL context i0b13c59d63cd4fe3b083113aedaa3cd7_I20221231,codex-independent-source-review,2026-08-15T17:30:00+00:00,Verified from consolidated dimension-free InventoryNet iXBRL fact before benchmark extraction,false
gold-ee02-alb-0000915913-23-000039-operating_cash_flow,ALBEMARLE CORP,ALB,ee02-alb-0000915913-23-000039,operating_cash_flow,1907.849,million,USD,3,1,2022-12-31,2022-01-01,current_fy,statutory,"<ix:nonFraction unitRef=""usd"" contextRef=""i04fd0c8fd1794526b072a4668c32f28a_D20220101-20221231"" decimals=""-3"" name=""us-gaap:NetCashProvidedByUsedInOperatingActivities"" format=""ixt:num-dot-decimal"" scale=""3"" id=""id3VybDovL2RvY3MudjEvZG9jOmJlODUxZTNjYzI5ZjRlOGU5MzQ3NGYxYTg4OWIwMmYzL3NlYzpiZTg1MWUzY2MyOWY0ZThlOTM0NzRmMWE4ODliMDJmM18xMDAvZnJhZzo3Mzc5NjI0NWIyZTM0MzcyYTE0OTBmOTE3NmVmMzY5Mi90YWJsZToxOTk5NTkzMjIzZDE0ODk5YjA1YmNiYjRiYWI5ZWFmNC90YWJsZXJhbmdlOjE5OTk1OTMyMjNkMTQ4OTliMDViY2JiNGJhYjllYWY0XzI3LTEtMS0xLTgyMzIz_8f8f9abc-cbdf-44e8-884a-7bae64364847"">1,907,849</ix:nonFraction>",iXBRL context i04fd0c8fd1794526b072a4668c32f28a_D20220101-20221231,codex-independent-source-review,2026-08-15T17:30:00+00:00,Verified from consolidated dimension-free NetCashProvidedByUsedInOperatingActivities iXBRL fact before benchmark extraction,false
gold-ee02-alb-0000915913-23-000039-operating_profit,ALBEMARLE CORP,ALB,ee02-alb-0000915913-23-000039,operating_profit,2470.061,million,USD,3,1,2022-12-31,2022-01-01,current_fy,statutory,"<ix:nonFraction unitRef=""usd"" contextRef=""i04fd0c8fd1794526b072a4668c32f28a_D20220101-20221231"" decimals=""-3"" name=""us-gaap:OperatingIncomeLoss"" format=""ixt:num-dot-decimal"" scale=""3"" id=""id3VybDovL2RvY3MudjEvZG9jOmJlODUxZTNjYzI5ZjRlOGU5MzQ3NGYxYTg4OWIwMmYzL3NlYzpiZTg1MWUzY2MyOWY0ZThlOTM0NzRmMWE4ODliMDJmM184OC9mcmFnOmVlMWVhOTFmODdkOTQ3ZjJhYTNiNGVlNjg5ZDU3Nzk1L3RhYmxlOjhlMjM4ZTlmOTE0MzRhNTE5ZTFiMDQ1YzBiZDJmYWExL3RhYmxlcmFuZ2U6OGUyMzhlOWY5MTQzNGE1MTllMWIwNDVjMGJkMmZhYTFfMTAtMS0xLTEtODIzMjM_b574d174-4ed6-4fe2-bc24-55818ab4e93f"">2,470,061</ix:nonFraction>",iXBRL context i04fd0c8fd1794526b072a4668c32f28a_D20220101-20221231,codex-independent-source-review,2026-08-15T17:30:00+00:00,Verified from consolidated dimension-free OperatingIncomeLoss iXBRL fact before benchmark extraction,false
gold-ee02-alb-0000915913-23-000039-receivables,ALBEMARLE CORP,ALB,ee02-alb-0000915913-23-000039,receivables,1190.97,million,USD,3,1,2022-12-31,,current_instant,statutory,"<ix:nonFraction unitRef=""usd"" contextRef=""i0b13c59d63cd4fe3b083113aedaa3cd7_I20221231"" decimals=""-3"" name=""us-gaap:AccountsReceivableNetCurrent"" format=""ixt:num-dot-decimal"" scale=""3"" id=""id3VybDovL2RvY3MudjEvZG9jOmJlODUxZTNjYzI5ZjRlOGU5MzQ3NGYxYTg4OWIwMmYzL3NlYzpiZTg1MWUzY2MyOWY0ZThlOTM0NzRmMWE4ODliMDJmM185NC9mcmFnOmM3NWQwZDU5ZGEwYzQ4MzhhOTgzNWM2M2I4MTkwNmM1L3RhYmxlOjI3NTk1YmMxODM5NzRmMTc5NTY3Y2MyNjc0YzNhZGViL3RhYmxlcmFuZ2U6Mjc1OTViYzE4Mzk3NGYxNzk1NjdjYzI2NzRjM2FkZWJfNS0xLTEtMS04MjMyMw_b6a32107-8c17-444a-9990-743e5113ca0d"">1,190,970</ix:nonFraction>",iXBRL context i0b13c59d63cd4fe3b083113aedaa3cd7_I20221231,codex-independent-source-review,2026-08-15T17:30:00+00:00,Verified from consolidated dimension-free AccountsReceivableNetCurrent iXBRL fact before benchmark extraction,false
gold-ee02-alb-0000915913-23-000039-revenue,ALBEMARLE CORP,ALB,ee02-alb-0000915913-23-000039,revenue,7320.104,million,USD,3,1,2022-12-31,2022-01-01,current_fy,statutory,"<ix:nonFraction unitRef=""usd"" contextRef=""i04fd0c8fd1794526b072a4668c32f28a_D20220101-20221231"" decimals=""-3"" name=""us-gaap:Revenues"" format=""ixt:num-dot-decimal"" scale=""3"" id=""id3VybDovL2RvY3MudjEvZG9jOmJlODUxZTNjYzI5ZjRlOGU5MzQ3NGYxYTg4OWIwMmYzL3NlYzpiZTg1MWUzY2MyOWY0ZThlOTM0NzRmMWE4ODliMDJmM184OC9mcmFnOmVlMWVhOTFmODdkOTQ3ZjJhYTNiNGVlNjg5ZDU3Nzk1L3RhYmxlOjhlMjM4ZTlmOTE0MzRhNTE5ZTFiMDQ1YzBiZDJmYWExL3RhYmxlcmFuZ2U6OGUyMzhlOWY5MTQzNGE1MTllMWIwNDVjMGJkMmZhYTFfMi0xLTEtMS04MjMyMw_857f681f-7ef5-4cc0-833a-a99d6fdadfb2"">7,320,104</ix:nonFraction>",iXBRL context i04fd0c8fd1794526b072a4668c32f28a_D20220101-20221231,codex-independent-source-review,2026-08-15T17:30:00+00:00,Verified from consolidated dimension-free Revenues iXBRL fact before benchmark extraction,false
gold-ee02-alb-0000915913-24-000016-capex,ALBEMARLE CORP,ALB,ee02-alb-0000915913-24-000016,capex,2149.281,million,USD,3,1,2023-12-31,2023-01-01,current_fy,statutory,"<ix:nonFraction unitRef=""usd"" contextRef=""c-1"" decimals=""-3"" name=""us-gaap:PaymentsToAcquirePropertyPlantAndEquipment"" format=""ixt:num-dot-decimal"" scale=""3"" id=""f-404"">2,149,281</ix:nonFraction>",iXBRL context c-1,codex-independent-source-review,2026-08-15T17:30:00+00:00,Verified from consolidated dimension-free PaymentsToAcquirePropertyPlantAndEquipment iXBRL fact before benchmark extraction,false
gold-ee02-alb-0000915913-24-000016-inventory,ALBEMARLE CORP,ALB,ee02-alb-0000915913-24-000016,inventory,2161.287,million,USD,3,1,2023-12-31,,current_instant,statutory,"<ix:nonFraction unitRef=""usd"" contextRef=""c-9"" decimals=""-3"" name=""us-gaap:InventoryNet"" format=""ixt:num-dot-decimal"" scale=""3"" id=""f-135"">2,161,287</ix:nonFraction>",iXBRL context c-9,codex-independent-source-review,2026-08-15T17:30:00+00:00,Verified from consolidated dimension-free InventoryNet iXBRL fact before benchmark extraction,false
gold-ee02-alb-0000915913-24-000016-operating_cash_flow,ALBEMARLE CORP,ALB,ee02-alb-0000915913-24-000016,operating_cash_flow,1325.321,million,USD,3,1,2023-12-31,2023-01-01,current_fy,statutory,"<ix:nonFraction unitRef=""usd"" contextRef=""c-1"" decimals=""-3"" name=""us-gaap:NetCashProvidedByUsedInOperatingActivities"" format=""ixt:num-dot-decimal"" scale=""3"" id=""f-398"">1,325,321</ix:nonFraction>",iXBRL context c-1,codex-independent-source-review,2026-08-15T17:30:00+00:00,Verified from consolidated dimension-free NetCashProvidedByUsedInOperatingActivities iXBRL fact before benchmark extraction,false
gold-ee02-alb-0000915913-24-000016-operating_profit,ALBEMARLE CORP,ALB,ee02-alb-0000915913-24-000016,operating_profit,251.881,million,USD,3,1,2023-12-31,2023-01-01,current_fy,statutory,"<ix:nonFraction unitRef=""usd"" contextRef=""c-1"" decimals=""-3"" name=""us-gaap:OperatingIncomeLoss"" format=""ixt:num-dot-decimal"" scale=""3"" id=""f-55"">251,881</ix:nonFraction>",iXBRL context c-1,codex-independent-source-review,2026-08-15T17:30:00+00:00,Verified from consolidated dimension-free OperatingIncomeLoss iXBRL fact before benchmark extraction,false
gold-ee02-alb-0000915913-24-000016-receivables,ALBEMARLE CORP,ALB,ee02-alb-0000915913-24-000016,receivables,1213.16,million,USD,3,1,2023-12-31,,current_instant,statutory,"<ix:nonFraction unitRef=""usd"" contextRef=""c-9"" decimals=""-3"" name=""us-gaap:AccountsReceivableNetCurrent"" format=""ixt:num-dot-decimal"" scale=""3"" id=""f-131"">1,213,160</ix:nonFraction>",iXBRL context c-9,codex-independent-source-review,2026-08-15T17:30:00+00:00,Verified from consolidated dimension-free AccountsReceivableNetCurrent iXBRL fact before benchmark extraction,false
gold-ee02-alb-0000915913-24-000016-revenue,ALBEMARLE CORP,ALB,ee02-alb-0000915913-24-000016,revenue,9617.203,million,USD,3,1,2023-12-31,2023-01-01,current_fy,statutory,"<ix:nonFraction unitRef=""usd"" contextRef=""c-1"" decimals=""-3"" name=""us-gaap:Revenues"" format=""ixt:num-dot-decimal"" scale=""3"" id=""f-37"">9,617,203</ix:nonFraction>",iXBRL context c-1,codex-independent-source-review,2026-08-15T17:30:00+00:00,Verified from consolidated dimension-free Revenues iXBRL fact before benchmark extraction,false
gold-ee02-amd-0000002488-23-000047-capex,ADVANCED MICRO DEVICES INC,AMD,ee02-amd-0000002488-23-000047,capex,450,million,USD,6,1,2022-12-31,2021-12-26,current_fy,statutory,"<ix:nonFraction unitRef=""usd"" contextRef=""i96116e34be7c423cac35e7f5b85fba43_D20211226-20221231"" decimals=""-6"" name=""us-gaap:PaymentsToAcquirePropertyPlantAndEquipment"" scale=""6"" id=""id3VybDovL2RvY3MudjEvZG9jOjE3OWYwZDY3NzljMjQ3OTRhNjc2ODE3NTVmZmI5YTA0L3NlYzoxNzlmMGQ2Nzc5YzI0Nzk0YTY3NjgxNzU1ZmZiOWEwNF8xMTgvZnJhZzpmYWFlMThhNWU4NmE0Y2U5OTM5ZjhjZGVmNDIzM2EwNy90YWJsZTowNDAzMjQwYzY0N2U0NWY0YWUxNWMyMTAzOTA2YWFhNC90YWJsZXJhbmdlOjA0MDMyNDBjNjQ3ZTQ1ZjRhZTE1YzIxMDM5MDZhYWE0XzI1LTEtMS0xLTEwNjcwNw_c958d3a0-6e77-4d4a-833b-3b39fe6e3c19"">450</ix:nonFraction>",iXBRL context i96116e34be7c423cac35e7f5b85fba43_D20211226-20221231,codex-independent-source-review,2026-08-15T17:30:00+00:00,Verified from consolidated dimension-free PaymentsToAcquirePropertyPlantAndEquipment iXBRL fact before benchmark extraction,false
gold-ee02-amd-0000002488-23-000047-inventory,ADVANCED MICRO DEVICES INC,AMD,ee02-amd-0000002488-23-000047,inventory,3771,million,USD,6,1,2022-12-31,,current_instant,statutory,"<ix:nonFraction unitRef=""usd"" contextRef=""i61b8f7b17f4044d4838051368d8cf4a1_I20221231"" decimals=""-6"" name=""us-gaap:InventoryNet"" format=""ixt:num-dot-decimal"" scale=""6"" id=""id3VybDovL2RvY3MudjEvZG9jOjE3OWYwZDY3NzljMjQ3OTRhNjc2ODE3NTVmZmI5YTA0L3NlYzoxNzlmMGQ2Nzc5YzI0Nzk0YTY3NjgxNzU1ZmZiOWEwNF8xMTIvZnJhZzo1ZTJiMjUxOTZkZGQ0ZjQzOThmNzRiZTMwOTI3MzcwZC90YWJsZTpjODFiZTM2NWE2NmI0Mjk4YTVmMjNmNDgyYTk4MjY1ZS90YWJsZXJhbmdlOmM4MWJlMzY1YTY2YjQyOThhNWYyM2Y0ODJhOTgyNjVlXzctMS0xLTEtMTA2NzA3_96536753-b81b-475c-abc1-4f48d2a5b22a"">3,771</ix:nonFraction>",iXBRL context i61b8f7b17f4044d4838051368d8cf4a1_I20221231,codex-independent-source-review,2026-08-15T17:30:00+00:00,Verified from consolidated dimension-free InventoryNet iXBRL fact before benchmark extraction,false
gold-ee02-amd-0000002488-23-000047-operating_cash_flow,ADVANCED MICRO DEVICES INC,AMD,ee02-amd-0000002488-23-000047,operating_cash_flow,3565,million,USD,6,1,2022-12-31,2021-12-26,current_fy,statutory,"<ix:nonFraction unitRef=""usd"" contextRef=""i96116e34be7c423cac35e7f5b85fba43_D20211226-20221231"" decimals=""-6"" name=""us-gaap:NetCashProvidedByUsedInOperatingActivities"" format=""ixt:num-dot-decimal"" scale=""6"" id=""id3VybDovL2RvY3MudjEvZG9jOjE3OWYwZDY3NzljMjQ3OTRhNjc2ODE3NTVmZmI5YTA0L3NlYzoxNzlmMGQ2Nzc5YzI0Nzk0YTY3NjgxNzU1ZmZiOWEwNF8xMTgvZnJhZzpmYWFlMThhNWU4NmE0Y2U5OTM5ZjhjZGVmNDIzM2EwNy90YWJsZTowNDAzMjQwYzY0N2U0NWY0YWUxNWMyMTAzOTA2YWFhNC90YWJsZXJhbmdlOjA0MDMyNDBjNjQ3ZTQ1ZjRhZTE1YzIxMDM5MDZhYWE0XzIzLTEtMS0xLTEwNjcwNw_934814f5-01ab-4742-bc5e-21c3899f241a"">3,565</ix:nonFraction>",iXBRL context i96116e34be7c423cac35e7f5b85fba43_D20211226-20221231,codex-independent-source-review,2026-08-15T17:30:00+00:00,Verified from consolidated dimension-free NetCashProvidedByUsedInOperatingActivities iXBRL fact before benchmark extraction,false
gold-ee02-amd-0000002488-23-000047-operating_profit,ADVANCED MICRO DEVICES INC,AMD,ee02-amd-0000002488-23-000047,operating_profit,1264,million,USD,6,1,2022-12-31,2021-12-26,current_fy,statutory,"<ix:nonFraction unitRef=""usd"" contextRef=""i96116e34be7c423cac35e7f5b85fba43_D20211226-20221231"" decimals=""-6"" name=""us-gaap:OperatingIncomeLoss"" format=""ixt:num-dot-decimal"" scale=""6"" id=""id3VybDovL2RvY3MudjEvZG9jOjE3OWYwZDY3NzljMjQ3OTRhNjc2ODE3NTVmZmI5YTA0L3NlYzoxNzlmMGQ2Nzc5YzI0Nzk0YTY3NjgxNzU1ZmZiOWEwNF8xMDYvZnJhZzoyZTYwYjFmOGUwMjA0MjNhOWVlNDI5NzM4ODdmYTBhZC90YWJsZTplNWJiZTQzOGMxZjI0OTllYjBjODI4ZTBiMDdkZmQ4ZC90YWJsZXJhbmdlOmU1YmJlNDM4YzFmMjQ5OWViMGM4MjhlMGIwN2RmZDhkXzExLTEtMS0xLTEwNjcwNw_02a09e94-dd0e-440d-bef8-a9e3fbbe6032"">1,264</ix:nonFraction>",iXBRL context i96116e34be7c423cac35e7f5b85fba43_D20211226-20221231,codex-independent-source-review,2026-08-15T17:30:00+00:00,Verified from consolidated dimension-free OperatingIncomeLoss iXBRL fact before benchmark extraction,false
gold-ee02-amd-0000002488-23-000047-receivables,ADVANCED MICRO DEVICES INC,AMD,ee02-amd-0000002488-23-000047,receivables,4126,million,USD,6,1,2022-12-31,,current_instant,statutory,"<ix:nonFraction unitRef=""usd"" contextRef=""i61b8f7b17f4044d4838051368d8cf4a1_I20221231"" decimals=""-6"" name=""us-gaap:AccountsReceivableNetCurrent"" format=""ixt:num-dot-decimal"" scale=""6"" id=""id3VybDovL2RvY3MudjEvZG9jOjE3OWYwZDY3NzljMjQ3OTRhNjc2ODE3NTVmZmI5YTA0L3NlYzoxNzlmMGQ2Nzc5YzI0Nzk0YTY3NjgxNzU1ZmZiOWEwNF8xMTIvZnJhZzo1ZTJiMjUxOTZkZGQ0ZjQzOThmNzRiZTMwOTI3MzcwZC90YWJsZTpjODFiZTM2NWE2NmI0Mjk4YTVmMjNmNDgyYTk4MjY1ZS90YWJsZXJhbmdlOmM4MWJlMzY1YTY2YjQyOThhNWYyM2Y0ODJhOTgyNjVlXzYtMS0xLTEtMTA2NzA3_eea3cc89-ab12-4c04-9a2a-22b68c1af6a1"">4,126</ix:nonFraction>",iXBRL context i61b8f7b17f4044d4838051368d8cf4a1_I20221231,codex-independent-source-review,2026-08-15T17:30:00+00:00,Verified from consolidated dimension-free AccountsReceivableNetCurrent iXBRL fact before benchmark extraction,false
gold-ee02-amd-0000002488-23-000047-revenue,ADVANCED MICRO DEVICES INC,AMD,ee02-amd-0000002488-23-000047,revenue,23601,million,USD,6,1,2022-12-31,2021-12-26,current_fy,statutory,"<ix:nonFraction unitRef=""usd"" contextRef=""i96116e34be7c423cac35e7f5b85fba43_D20211226-20221231"" decimals=""-6"" name=""us-gaap:RevenueFromContractWithCustomerExcludingAssessedTax"" format=""ixt:num-dot-decimal"" scale=""6"" id=""id3VybDovL2RvY3MudjEvZG9jOjE3OWYwZDY3NzljMjQ3OTRhNjc2ODE3NTVmZmI5YTA0L3NlYzoxNzlmMGQ2Nzc5YzI0Nzk0YTY3NjgxNzU1ZmZiOWEwNF8xMDYvZnJhZzoyZTYwYjFmOGUwMjA0MjNhOWVlNDI5NzM4ODdmYTBhZC90YWJsZTplNWJiZTQzOGMxZjI0OTllYjBjODI4ZTBiMDdkZmQ4ZC90YWJsZXJhbmdlOmU1YmJlNDM4YzFmMjQ5OWViMGM4MjhlMGIwN2RmZDhkXzMtMS0xLTEtMTA2NzA3_df1970d8-71da-454d-88fd-d793425d8434"">23,601</ix:nonFraction>",iXBRL context i96116e34be7c423cac35e7f5b85fba43_D20211226-20221231,codex-independent-source-review,2026-08-15T17:30:00+00:00,Verified from consolidated dimension-free RevenueFromContractWithCustomerExcludingAssessedTax iXBRL fact before benchmark extraction,false
gold-ee02-amd-0000002488-24-000012-capex,ADVANCED MICRO DEVICES INC,AMD,ee02-amd-0000002488-24-000012,capex,546,million,USD,6,1,2023-12-30,2023-01-01,current_fy,statutory,"<ix:nonFraction unitRef=""usd"" contextRef=""c-1"" decimals=""-6"" name=""us-gaap:PaymentsToAcquirePropertyPlantAndEquipment"" scale=""6"" id=""f-316"">546</ix:nonFraction>",iXBRL context c-1,codex-independent-source-review,2026-08-15T17:30:00+00:00,Verified from consolidated dimension-free PaymentsToAcquirePropertyPlantAndEquipment iXBRL fact before benchmark extraction,false
gold-ee02-amd-0000002488-24-000012-inventory,ADVANCED MICRO DEVICES INC,AMD,ee02-amd-0000002488-24-000012,inventory,4351,million,USD,6,1,2023-12-30,,current_instant,statutory,"<ix:nonFraction unitRef=""usd"" contextRef=""c-5"" decimals=""-6"" name=""us-gaap:InventoryNet"" format=""ixt:num-dot-decimal"" scale=""6"" id=""f-119"">4,351</ix:nonFraction>",iXBRL context c-5,codex-independent-source-review,2026-08-15T17:30:00+00:00,Verified from consolidated dimension-free InventoryNet iXBRL fact before benchmark extraction,false
gold-ee02-amd-0000002488-24-000012-operating_cash_flow,ADVANCED MICRO DEVICES INC,AMD,ee02-amd-0000002488-24-000012,operating_cash_flow,1667,million,USD,6,1,2023-12-30,2023-01-01,current_fy,statutory,"<ix:nonFraction unitRef=""usd"" contextRef=""c-1"" decimals=""-6"" name=""us-gaap:NetCashProvidedByUsedInOperatingActivities"" format=""ixt:num-dot-decimal"" scale=""6"" id=""f-313"">1,667</ix:nonFraction>",iXBRL context c-1,codex-independent-source-review,2026-08-15T17:30:00+00:00,Verified from consolidated dimension-free NetCashProvidedByUsedInOperatingActivities iXBRL fact before benchmark extraction,false
gold-ee02-amd-0000002488-24-000012-operating_profit,ADVANCED MICRO DEVICES INC,AMD,ee02-amd-0000002488-24-000012,operating_profit,401,million,USD,6,1,2023-12-30,2023-01-01,current_fy,statutory,"<ix:nonFraction unitRef=""usd"" contextRef=""c-1"" decimals=""-6"" name=""us-gaap:OperatingIncomeLoss"" scale=""6"" id=""f-71"">401</ix:nonFraction>",iXBRL context c-1,codex-independent-source-review,2026-08-15T17:30:00+00:00,Verified from consolidated dimension-free OperatingIncomeLoss iXBRL fact before benchmark extraction,false
gold-ee02-amd-0000002488-24-000012-receivables,ADVANCED MICRO DEVICES INC,AMD,ee02-amd-0000002488-24-000012,receivables,5376,million,USD,6,1,2023-12-30,,current_instant,statutory,"<ix:nonFraction unitRef=""usd"" contextRef=""c-5"" decimals=""-6"" name=""us-gaap:AccountsReceivableNetCurrent"" format=""ixt:num-dot-decimal"" scale=""6"" id=""f-117"">5,376</ix:nonFraction>",iXBRL context c-5,codex-independent-source-review,2026-08-15T17:30:00+00:00,Verified from consolidated dimension-free AccountsReceivableNetCurrent iXBRL fact before benchmark extraction,false
gold-ee02-amd-0000002488-24-000012-revenue,ADVANCED MICRO DEVICES INC,AMD,ee02-amd-0000002488-24-000012,revenue,22680,million,USD,6,1,2023-12-30,2023-01-01,current_fy,statutory,"<ix:nonFraction unitRef=""usd"" contextRef=""c-1"" decimals=""-6"" name=""us-gaap:RevenueFromContractWithCustomerExcludingAssessedTax"" format=""ixt:num-dot-decimal"" scale=""6"" id=""f-44"">22,680</ix:nonFraction>",iXBRL context c-1,codex-independent-source-review,2026-08-15T17:30:00+00:00,Verified from consolidated dimension-free RevenueFromContractWithCustomerExcludingAssessedTax iXBRL fact before benchmark extraction,false
gold-ee02-amd-0000002488-24-000163-capex,ADVANCED MICRO DEVICES INC,AMD,ee02-amd-0000002488-24-000163,capex,428,million,USD,6,1,2024-09-28,2023-12-31,current_ytd,statutory,"<ix:nonFraction unitRef=""usd"" contextRef=""c-1"" decimals=""-6"" name=""us-gaap:PaymentsToAcquirePropertyPlantAndEquipment"" scale=""6"" id=""f-226"">428</ix:nonFraction>",iXBRL context c-1,codex-independent-source-review,2026-08-15T17:30:00+00:00,Verified from consolidated dimension-free PaymentsToAcquirePropertyPlantAndEquipment iXBRL fact before benchmark extraction,false
gold-ee02-amd-0000002488-24-000163-inventory,ADVANCED MICRO DEVICES INC,AMD,ee02-amd-0000002488-24-000163,inventory,5374,million,USD,6,1,2024-09-28,,current_instant,statutory,"<ix:nonFraction unitRef=""usd"" contextRef=""c-6"" decimals=""-6"" name=""us-gaap:InventoryNet"" format=""ixt:num-dot-decimal"" scale=""6"" id=""f-128"">5,374</ix:nonFraction>",iXBRL context c-6,codex-independent-source-review,2026-08-15T17:30:00+00:00,Verified from consolidated dimension-free InventoryNet iXBRL fact before benchmark extraction,false
gold-ee02-amd-0000002488-24-000163-operating_cash_flow,ADVANCED MICRO DEVICES INC,AMD,ee02-amd-0000002488-24-000163,operating_cash_flow,1742,million,USD,6,1,2024-09-28,2023-12-31,current_ytd,statutory,"<ix:nonFraction unitRef=""usd"" contextRef=""c-1"" decimals=""-6"" name=""us-gaap:NetCashProvidedByUsedInOperatingActivities"" format=""ixt:num-dot-decimal"" scale=""6"" id=""f-224"">1,742</ix:nonFraction>",iXBRL context c-1,codex-independent-source-review,2026-08-15T17:30:00+00:00,Verified from consolidated dimension-free NetCashProvidedByUsedInOperatingActivities iXBRL fact before benchmark extraction,false
gold-ee02-amd-0000002488-24-000163-operating_profit,ADVANCED MICRO DEVICES INC,AMD,ee02-amd-0000002488-24-000163,operating_profit,1029,million,USD,6,1,2024-09-28,2023-12-31,current_ytd,statutory,"<ix:nonFraction unitRef=""usd"" contextRef=""c-1"" decimals=""-6"" name=""us-gaap:OperatingIncomeLoss"" format=""ixt:num-dot-decimal"" scale=""6"" id=""f-68"">1,029</ix:nonFraction>",iXBRL context c-1,codex-independent-source-review,2026-08-15T17:30:00+00:00,Verified from consolidated dimension-free OperatingIncomeLoss iXBRL fact before benchmark extraction,false
gold-ee02-amd-0000002488-24-000163-receivables,ADVANCED MICRO DEVICES INC,AMD,ee02-amd-0000002488-24-000163,receivables,7241,million,USD,6,1,2024-09-28,,current_instant,statutory,"<ix:nonFraction unitRef=""usd"" contextRef=""c-6"" decimals=""-6"" name=""us-gaap:AccountsReceivableNetCurrent"" format=""ixt:num-dot-decimal"" scale=""6"" id=""f-126"">7,241</ix:nonFraction>",iXBRL context c-6,codex-independent-source-review,2026-08-15T17:30:00+00:00,Verified from consolidated dimension-free AccountsReceivableNetCurrent iXBRL fact before benchmark extraction,false
gold-ee02-amd-0000002488-24-000163-revenue,ADVANCED MICRO DEVICES INC,AMD,ee02-amd-0000002488-24-000163,revenue,18127,million,USD,6,1,2024-09-28,2023-12-31,current_ytd,statutory,"<ix:nonFraction unitRef=""usd"" contextRef=""c-1"" decimals=""-6"" name=""us-gaap:RevenueFromContractWithCustomerExcludingAssessedTax"" format=""ixt:num-dot-decimal"" scale=""6"" id=""f-32"">18,127</ix:nonFraction>",iXBRL context c-1,codex-independent-source-review,2026-08-15T17:30:00+00:00,Verified from consolidated dimension-free RevenueFromContractWithCustomerExcludingAssessedTax iXBRL fact before benchmark extraction,false
gold-ee02-ba-0000012927-23-000007-capex,BOEING CO,BA,ee02-ba-0000012927-23-000007,capex,1222,million,USD,6,1,2022-12-31,2022-01-01,current_fy,statutory,"<ix:nonFraction unitRef=""usd"" contextRef=""ia715ba0981524076924636645b93e45f_D20220101-20221231"" decimals=""-6"" name=""us-gaap:PaymentsToAcquirePropertyPlantAndEquipment"" format=""ixt:num-dot-decimal"" scale=""6"" id=""id3VybDovL2RvY3MudjEvZG9jOmRhYjIwNmYzOGFmNDRjM2I4MmVkYzI1MmJiNmEzOTQxL3NlYzpkYWIyMDZmMzhhZjQ0YzNiODJlZGMyNTJiYjZhMzk0MV8xOTkvZnJhZzphYjc3MjAwZDk0ZDg0NzljYjU3NGIzNDMyNjdiMGUyZi90YWJsZTpmMGZmNjk2YjQzNGY0MzE2OTM0NDNlMDZiN2VjZWI5My90YWJsZXJhbmdlOmYwZmY2OTZiNDM0ZjQzMTY5MzQ0M2UwNmI3ZWNlYjkzXzMyLTEtMS0xLTE4MjM1MQ_1de319d5-cdc8-4f1e-bdb7-80488e1c3d8e"">1,222</ix:nonFraction>",iXBRL context ia715ba0981524076924636645b93e45f_D20220101-20221231,codex-independent-source-review,2026-08-15T17:30:00+00:00,Verified from consolidated dimension-free PaymentsToAcquirePropertyPlantAndEquipment iXBRL fact before benchmark extraction,false
gold-ee02-ba-0000012927-23-000007-impairment_charges,BOEING CO,BA,ee02-ba-0000012927-23-000007,impairment_charges,112,million,USD,6,1,2022-12-31,2022-01-01,current_fy,statutory,"<ix:nonFraction unitRef=""usd"" contextRef=""ia715ba0981524076924636645b93e45f_D20220101-20221231"" decimals=""-6"" name=""us-gaap:AssetImpairmentCharges"" scale=""6"" id=""id3VybDovL2RvY3MudjEvZG9jOmRhYjIwNmYzOGFmNDRjM2I4MmVkYzI1MmJiNmEzOTQxL3NlYzpkYWIyMDZmMzhhZjQ0YzNiODJlZGMyNTJiYjZhMzk0MV8xOTkvZnJhZzphYjc3MjAwZDk0ZDg0NzljYjU3NGIzNDMyNjdiMGUyZi90YWJsZTpmMGZmNjk2YjQzNGY0MzE2OTM0NDNlMDZiN2VjZWI5My90YWJsZXJhbmdlOmYwZmY2OTZiNDM0ZjQzMTY5MzQ0M2UwNmI3ZWNlYjkzXzktMS0xLTEtMTgyMzUx_6ffe9c0b-61b3-4e51-991b-b6f623069138"">112</ix:nonFraction>",iXBRL context ia715ba0981524076924636645b93e45f_D20220101-20221231,codex-independent-source-review,2026-08-15T17:30:00+00:00,Verified from consolidated dimension-free AssetImpairmentCharges iXBRL fact before benchmark extraction,false
gold-ee02-ba-0000012927-23-000007-operating_cash_flow,BOEING CO,BA,ee02-ba-0000012927-23-000007,operating_cash_flow,3512,million,USD,6,1,2022-12-31,2022-01-01,current_fy,statutory,"<ix:nonFraction unitRef=""usd"" contextRef=""ia715ba0981524076924636645b93e45f_D20220101-20221231"" decimals=""-6"" name=""us-gaap:NetCashProvidedByUsedInOperatingActivities"" format=""ixt:num-dot-decimal"" scale=""6"" id=""id3VybDovL2RvY3MudjEvZG9jOmRhYjIwNmYzOGFmNDRjM2I4MmVkYzI1MmJiNmEzOTQxL3NlYzpkYWIyMDZmMzhhZjQ0YzNiODJlZGMyNTJiYjZhMzk0MV8xOTkvZnJhZzphYjc3MjAwZDk0ZDg0NzljYjU3NGIzNDMyNjdiMGUyZi90YWJsZTpmMGZmNjk2YjQzNGY0MzE2OTM0NDNlMDZiN2VjZWI5My90YWJsZXJhbmdlOmYwZmY2OTZiNDM0ZjQzMTY5MzQ0M2UwNmI3ZWNlYjkzXzMwLTEtMS0xLTE4MjM1MQ_b2f0acec-cd40-4ba9-8bcd-1d117d12c4d5"">3,512</ix:nonFraction>",iXBRL context ia715ba0981524076924636645b93e45f_D20220101-20221231,codex-independent-source-review,2026-08-15T17:30:00+00:00,Verified from consolidated dimension-free NetCashProvidedByUsedInOperatingActivities iXBRL fact before benchmark extraction,false
gold-ee02-ba-0000012927-23-000007-operating_profit,BOEING CO,BA,ee02-ba-0000012927-23-000007,operating_profit,-3547,million,USD,6,-1,2022-12-31,2022-01-01,current_fy,statutory,"<ix:nonFraction unitRef=""usd"" contextRef=""ia715ba0981524076924636645b93e45f_D20220101-20221231"" decimals=""-6"" sign=""-"" name=""us-gaap:OperatingIncomeLoss"" format=""ixt:num-dot-decimal"" scale=""6"" id=""id3VybDovL2RvY3MudjEvZG9jOmRhYjIwNmYzOGFmNDRjM2I4MmVkYzI1MmJiNmEzOTQxL3NlYzpkYWIyMDZmMzhhZjQ0YzNiODJlZGMyNTJiYjZhMzk0MV8xOTAvZnJhZzpmNjA3MGU0OGIyOTM0NzRmYTRhMDRkZDQ1NmZmZjQ3YS90YWJsZTpiMGNhNTJlZWY2NGM0MjlkYmNlMzM0MGMyMWQ0MGY3Ny90YWJsZXJhbmdlOmIwY2E1MmVlZjY0YzQyOWRiY2UzMzQwYzIxZDQwZjc3XzE1LTEtMS0xLTE4MjM1MQ_8e4055a4-db6b-4f35-965c-f200880d1ef6"">3,547</ix:nonFraction>",iXBRL context ia715ba0981524076924636645b93e45f_D20220101-20221231,codex-independent-source-review,2026-08-15T17:30:00+00:00,Verified from consolidated dimension-free OperatingIncomeLoss iXBRL fact before benchmark extraction,false
gold-ee02-ba-0000012927-23-000007-receivables,BOEING CO,BA,ee02-ba-0000012927-23-000007,receivables,2517,million,USD,6,1,2022-12-31,,current_instant,statutory,"<ix:nonFraction unitRef=""usd"" contextRef=""i76d501346f1d49e9be7402d22325db52_I20221231"" decimals=""-6"" name=""us-gaap:AccountsReceivableNetCurrent"" format=""ixt:num-dot-decimal"" scale=""6"" id=""id3VybDovL2RvY3MudjEvZG9jOmRhYjIwNmYzOGFmNDRjM2I4MmVkYzI1MmJiNmEzOTQxL3NlYzpkYWIyMDZmMzhhZjQ0YzNiODJlZGMyNTJiYjZhMzk0MV8xOTYvZnJhZzo3NWRmNTMwYjllMTc0M2JiYWZjYmM2NDc1MjM2YzE5YS90YWJsZTo0YTZkYWIxMTljMGY0YTMzYjhhNzliMjM1MjdlYWQ1Mi90YWJsZXJhbmdlOjRhNmRhYjExOWMwZjRhMzNiOGE3OWIyMzUyN2VhZDUyXzUtMS0xLTEtMTgyMzUx_deb4838f-d14d-4286-a536-685efcc67232"">2,517</ix:nonFraction>",iXBRL context i76d501346f1d49e9be7402d22325db52_I20221231,codex-independent-source-review,2026-08-15T17:30:00+00:00,Verified from consolidated dimension-free AccountsReceivableNetCurrent iXBRL fact before benchmark extraction,false
gold-ee02-ba-0000012927-23-000007-revenue,BOEING CO,BA,ee02-ba-0000012927-23-000007,revenue,66608,million,USD,6,1,2022-12-31,2022-01-01,current_fy,statutory,"<ix:nonFraction unitRef=""usd"" contextRef=""ia715ba0981524076924636645b93e45f_D20220101-20221231"" decimals=""-6"" name=""us-gaap:Revenues"" format=""ixt:num-dot-decimal"" scale=""6"" id=""id3VybDovL2RvY3MudjEvZG9jOmRhYjIwNmYzOGFmNDRjM2I4MmVkYzI1MmJiNmEzOTQxL3NlYzpkYWIyMDZmMzhhZjQ0YzNiODJlZGMyNTJiYjZhMzk0MV8xOTAvZnJhZzpmNjA3MGU0OGIyOTM0NzRmYTRhMDRkZDQ1NmZmZjQ3YS90YWJsZTpiMGNhNTJlZWY2NGM0MjlkYmNlMzM0MGMyMWQ0MGY3Ny90YWJsZXJhbmdlOmIwY2E1MmVlZjY0YzQyOWRiY2UzMzQwYzIxZDQwZjc3XzQtMS0xLTEtMTgyMzUx_afa7ed1f-caa0-4a81-bb1f-ad929b14960c"">66,608</ix:nonFraction>",iXBRL context ia715ba0981524076924636645b93e45f_D20220101-20221231,codex-independent-source-review,2026-08-15T17:30:00+00:00,Verified from consolidated dimension-free Revenues iXBRL fact before benchmark extraction,false
gold-ee02-ba-0000012927-24-000010-capex,BOEING CO,BA,ee02-ba-0000012927-24-000010,capex,1527,million,USD,6,1,2023-12-31,2023-01-01,current_fy,statutory,"<ix:nonFraction unitRef=""usd"" contextRef=""c-1"" decimals=""-6"" name=""us-gaap:PaymentsToAcquirePropertyPlantAndEquipment"" format=""ixt:num-dot-decimal"" scale=""6"" id=""f-320"">1,527</ix:nonFraction>",iXBRL context c-1,codex-independent-source-review,2026-08-15T17:30:00+00:00,Verified from consolidated dimension-free PaymentsToAcquirePropertyPlantAndEquipment iXBRL fact before benchmark extraction,false
gold-ee02-ba-0000012927-24-000010-impairment_charges,BOEING CO,BA,ee02-ba-0000012927-24-000010,impairment_charges,46,million,USD,6,1,2023-12-31,2023-01-01,current_fy,statutory,"<ix:nonFraction unitRef=""usd"" contextRef=""c-1"" decimals=""-6"" name=""us-gaap:AssetImpairmentCharges"" scale=""6"" id=""f-269"">46</ix:nonFraction>",iXBRL context c-1,codex-independent-source-review,2026-08-15T17:30:00+00:00,Verified from consolidated dimension-free AssetImpairmentCharges iXBRL fact before benchmark extraction,false
gold-ee02-ba-0000012927-24-000010-operating_cash_flow,BOEING CO,BA,ee02-ba-0000012927-24-000010,operating_cash_flow,5960,million,USD,6,1,2023-12-31,2023-01-01,current_fy,statutory,"<ix:nonFraction unitRef=""usd"" contextRef=""c-1"" decimals=""-6"" name=""us-gaap:NetCashProvidedByUsedInOperatingActivities"" format=""ixt:num-dot-decimal"" scale=""6"" id=""f-317"">5,960</ix:nonFraction>",iXBRL context c-1,codex-independent-source-review,2026-08-15T17:30:00+00:00,Verified from consolidated dimension-free NetCashProvidedByUsedInOperatingActivities iXBRL fact before benchmark extraction,false
gold-ee02-ba-0000012927-24-000010-operating_profit,BOEING CO,BA,ee02-ba-0000012927-24-000010,operating_profit,-773,million,USD,6,-1,2023-12-31,2023-01-01,current_fy,statutory,"<ix:nonFraction unitRef=""usd"" contextRef=""c-1"" decimals=""-6"" sign=""-"" name=""us-gaap:OperatingIncomeLoss"" scale=""6"" id=""f-69"">773</ix:nonFraction>",iXBRL context c-1,codex-independent-source-review,2026-08-15T17:30:00+00:00,Verified from consolidated dimension-free OperatingIncomeLoss iXBRL fact before benchmark extraction,false
gold-ee02-ba-0000012927-24-000010-receivables,BOEING CO,BA,ee02-ba-0000012927-24-000010,receivables,2649,million,USD,6,1,2023-12-31,,current_instant,statutory,"<ix:nonFraction unitRef=""usd"" contextRef=""c-2"" decimals=""-6"" name=""us-gaap:AccountsReceivableNetCurrent"" format=""ixt:num-dot-decimal"" scale=""6"" id=""f-181"">2,649</ix:nonFraction>",iXBRL context c-2,codex-independent-source-review,2026-08-15T17:30:00+00:00,Verified from consolidated dimension-free AccountsReceivableNetCurrent iXBRL fact before benchmark extraction,false
gold-ee02-ba-0000012927-24-000010-revenue,BOEING CO,BA,ee02-ba-0000012927-24-000010,revenue,77794,million,USD,6,1,2023-12-31,2023-01-01,current_fy,statutory,"<ix:nonFraction unitRef=""usd"" contextRef=""c-1"" decimals=""-6"" name=""us-gaap:Revenues"" format=""ixt:num-dot-decimal"" scale=""6"" id=""f-42"">77,794</ix:nonFraction>",iXBRL context c-1,codex-independent-source-review,2026-08-15T17:30:00+00:00,Verified from consolidated dimension-free Revenues iXBRL fact before benchmark extraction,false
gold-ee02-ba-0000012927-24-000082-capex,BOEING CO,BA,ee02-ba-0000012927-24-000082,capex,1582,million,USD,6,1,2024-09-30,2024-01-01,current_ytd,statutory,"<ix:nonFraction unitRef=""usd"" contextRef=""c-1"" decimals=""-6"" name=""us-gaap:PaymentsToAcquirePropertyPlantAndEquipment"" format=""ixt:num-dot-decimal"" scale=""6"" id=""f-332"">1,582</ix:nonFraction>",iXBRL context c-1,codex-independent-source-review,2026-08-15T17:30:00+00:00,Verified from consolidated dimension-free PaymentsToAcquirePropertyPlantAndEquipment iXBRL fact before benchmark extraction,false
gold-ee02-ba-0000012927-24-000082-impairment_charges,BOEING CO,BA,ee02-ba-0000012927-24-000082,impairment_charges,48,million,USD,6,1,2024-09-30,2024-01-01,current_ytd,statutory,"<ix:nonFraction unitRef=""usd"" contextRef=""c-1"" decimals=""-6"" name=""us-gaap:AssetImpairmentCharges"" scale=""6"" id=""f-298"">48</ix:nonFraction>",iXBRL context c-1,codex-independent-source-review,2026-08-15T17:30:00+00:00,Verified from consolidated dimension-free AssetImpairmentCharges iXBRL fact before benchmark extraction,false
gold-ee02-ba-0000012927-24-000082-operating_cash_flow,BOEING CO,BA,ee02-ba-0000012927-24-000082,operating_cash_flow,-8630,million,USD,6,-1,2024-09-30,2024-01-01,current_ytd,statutory,"<ix:nonFraction unitRef=""usd"" contextRef=""c-1"" decimals=""-6"" sign=""-"" name=""us-gaap:NetCashProvidedByUsedInOperatingActivities"" format=""ixt:num-dot-decimal"" scale=""6"" id=""f-330"">8,630</ix:nonFraction>",iXBRL context c-1,codex-independent-source-review,2026-08-15T17:30:00+00:00,Verified from consolidated dimension-free NetCashProvidedByUsedInOperatingActivities iXBRL fact before benchmark extraction,false
gold-ee02-ba-0000012927-24-000082-operating_profit,BOEING CO,BA,ee02-ba-0000012927-24-000082,operating_profit,-6937,million,USD,6,-1,2024-09-30,2024-01-01,current_ytd,statutory,"<ix:nonFraction unitRef=""usd"" contextRef=""c-1"" decimals=""-6"" sign=""-"" name=""us-gaap:OperatingIncomeLoss"" format=""ixt:num-dot-decimal"" scale=""6"" id=""f-547"">6,937</ix:nonFraction>",iXBRL context c-1,codex-independent-source-review,2026-08-15T17:30:00+00:00,Verified from consolidated dimension-free OperatingIncomeLoss iXBRL fact before benchmark extraction,false
gold-ee02-ba-0000012927-24-000082-receivables,BOEING CO,BA,ee02-ba-0000012927-24-000082,receivables,2894,million,USD,6,1,2024-09-30,,current_instant,statutory,"<ix:nonFraction unitRef=""usd"" contextRef=""c-14"" decimals=""-6"" name=""us-gaap:AccountsReceivableNetCurrent"" format=""ixt:num-dot-decimal"" scale=""6"" id=""f-210"">2,894</ix:nonFraction>",iXBRL context c-14,codex-independent-source-review,2026-08-15T17:30:00+00:00,Verified from consolidated dimension-free AccountsReceivableNetCurrent iXBRL fact before benchmark extraction,false
gold-ee02-ba-0000012927-24-000082-revenue,BOEING CO,BA,ee02-ba-0000012927-24-000082,revenue,51275,million,USD,6,1,2024-09-30,2024-01-01,current_ytd,statutory,"<ix:nonFraction unitRef=""usd"" contextRef=""c-1"" decimals=""-6"" name=""us-gaap:Revenues"" format=""ixt:num-dot-decimal"" scale=""6"" id=""f-38"">51,275</ix:nonFraction>",iXBRL context c-1,codex-independent-source-review,2026-08-15T17:30:00+00:00,Verified from consolidated dimension-free Revenues iXBRL fact before benchmark extraction,false
gold-ee02-cat-0000018230-23-000011-capex,CATERPILLAR INC,CAT,ee02-cat-0000018230-23-000011,capex,1296,million,USD,6,1,2022-12-31,2022-01-01,current_fy,statutory,"<ix:nonFraction unitRef=""usd"" contextRef=""ia986bad5dd40477fb48a00fdb5deb9c3_D20220101-20221231"" decimals=""-6"" name=""us-gaap:PaymentsToAcquirePropertyPlantAndEquipment"" format=""ixt:num-dot-decimal"" scale=""6"" id=""id3VybDovL2RvY3MudjEvZG9jOjUyZjJjYjI2NDE3ZDQwYjBhYTUyYzQ0ZGUwMDNiNmYzL3NlYzo1MmYyY2IyNjQxN2Q0MGIwYWE1MmM0NGRlMDAzYjZmM18xMzAvZnJhZzplOTM2NDE0MmY1ODM0YmRhYTRmMzEwNWFhYjkzN2Y1Mi90YWJsZTo2MzBiZTAwOWVmMzM0NzM3YTljNjA1N2Y5YjZjNGI0MC90YWJsZXJhbmdlOjYzMGJlMDA5ZWYzMzQ3MzdhOWM2MDU3ZjliNmM0YjQwXzI0LTEtMS0xLTQ3NjM3_d650ae03-c6be-44c2-9002-c0fde5b23935"">1,296</ix:nonFraction>",iXBRL context ia986bad5dd40477fb48a00fdb5deb9c3_D20220101-20221231,codex-independent-source-review,2026-08-15T17:30:00+00:00,Verified from consolidated dimension-free PaymentsToAcquirePropertyPlantAndEquipment iXBRL fact before benchmark extraction,false
gold-ee02-cat-0000018230-23-000011-inventory,CATERPILLAR INC,CAT,ee02-cat-0000018230-23-000011,inventory,16270,million,USD,6,1,2022-12-31,,current_instant,statutory,"<ix:nonFraction unitRef=""usd"" contextRef=""i0a4b492f2b164574a86949407d0a9beb_I20221231"" decimals=""-6"" name=""us-gaap:InventoryNet"" format=""ixt:num-dot-decimal"" scale=""6"" id=""id3VybDovL2RvY3MudjEvZG9jOjUyZjJjYjI2NDE3ZDQwYjBhYTUyYzQ0ZGUwMDNiNmYzL3NlYzo1MmYyY2IyNjQxN2Q0MGIwYWE1MmM0NGRlMDAzYjZmM18xMjQvZnJhZzpiYjBhYjMzNjQ4ZDg0MGExOWIzYjYyNzllNTc3MGM0My90YWJsZToyMDVmY2I0Njc5MjA0YzAwYTQxYjJkYjc0OWM3MzAxZi90YWJsZXJhbmdlOjIwNWZjYjQ2NzkyMDRjMDBhNDFiMmRiNzQ5YzczMDFmXzExLTEtMS0xLTQ3NjM3_7d192851-db7b-4436-9b65-13972ad5a41b"">16,270</ix:nonFraction>",iXBRL context i0a4b492f2b164574a86949407d0a9beb_I20221231,codex-independent-source-review,2026-08-15T17:30:00+00:00,Verified from consolidated dimension-free InventoryNet iXBRL fact before benchmark extraction,false
gold-ee02-cat-0000018230-23-000011-operating_cash_flow,CATERPILLAR INC,CAT,ee02-cat-0000018230-23-000011,operating_cash_flow,7766,million,USD,6,1,2022-12-31,2022-01-01,current_fy,statutory,"<ix:nonFraction unitRef=""usd"" contextRef=""ia986bad5dd40477fb48a00fdb5deb9c3_D20220101-20221231"" decimals=""-6"" name=""us-gaap:NetCashProvidedByUsedInOperatingActivities"" format=""ixt:num-dot-decimal"" scale=""6"" id=""id3VybDovL2RvY3MudjEvZG9jOjUyZjJjYjI2NDE3ZDQwYjBhYTUyYzQ0ZGUwMDNiNmYzL3NlYzo1MmYyY2IyNjQxN2Q0MGIwYWE1MmM0NGRlMDAzYjZmM18xMzAvZnJhZzplOTM2NDE0MmY1ODM0YmRhYTRmMzEwNWFhYjkzN2Y1Mi90YWJsZTo2MzBiZTAwOWVmMzM0NzM3YTljNjA1N2Y5YjZjNGI0MC90YWJsZXJhbmdlOjYzMGJlMDA5ZWYzMzQ3MzdhOWM2MDU3ZjliNmM0YjQwXzIxLTEtMS0xLTQ3NjM3_81e97c49-8f46-4343-8999-95e3399fcf55"">7,766</ix:nonFraction>",iXBRL context ia986bad5dd40477fb48a00fdb5deb9c3_D20220101-20221231,codex-independent-source-review,2026-08-15T17:30:00+00:00,Verified from consolidated dimension-free NetCashProvidedByUsedInOperatingActivities iXBRL fact before benchmark extraction,false
gold-ee02-cat-0000018230-23-000011-operating_profit,CATERPILLAR INC,CAT,ee02-cat-0000018230-23-000011,operating_profit,7904,million,USD,6,1,2022-12-31,2022-01-01,current_fy,statutory,"<ix:nonFraction unitRef=""usd"" contextRef=""ia986bad5dd40477fb48a00fdb5deb9c3_D20220101-20221231"" decimals=""-6"" name=""us-gaap:OperatingIncomeLoss"" format=""ixt:num-dot-decimal"" scale=""6"" id=""id3VybDovL2RvY3MudjEvZG9jOjUyZjJjYjI2NDE3ZDQwYjBhYTUyYzQ0ZGUwMDNiNmYzL3NlYzo1MmYyY2IyNjQxN2Q0MGIwYWE1MmM0NGRlMDAzYjZmM18xMTgvZnJhZzozMGFjYWJmYWFmMDY0Nzc4YWQ4NWY3NjJiYTJiYmQ2Yi90YWJsZTo5M2MyZmQwNTc3MWQ0ZTllODAyOWMzNDBkM2ZiNDBhNC90YWJsZXJhbmdlOjkzYzJmZDA1NzcxZDRlOWU4MDI5YzM0MGQzZmI0MGE0XzE3LTEtMS0xLTQ3NjM3_04d70a44-6478-4c5f-a692-6855cd290ff4"">7,904</ix:nonFraction>",iXBRL context ia986bad5dd40477fb48a00fdb5deb9c3_D20220101-20221231,codex-independent-source-review,2026-08-15T17:30:00+00:00,Verified from consolidated dimension-free OperatingIncomeLoss iXBRL fact before benchmark extraction,false
gold-ee02-cat-0000018230-23-000011-receivables,CATERPILLAR INC,CAT,ee02-cat-0000018230-23-000011,receivables,8856,million,USD,6,1,2022-12-31,,current_instant,statutory,"<ix:nonFraction unitRef=""usd"" contextRef=""i0a4b492f2b164574a86949407d0a9beb_I20221231"" decimals=""-6"" name=""us-gaap:AccountsReceivableNetCurrent"" format=""ixt:num-dot-decimal"" scale=""6"" id=""id3VybDovL2RvY3MudjEvZG9jOjUyZjJjYjI2NDE3ZDQwYjBhYTUyYzQ0ZGUwMDNiNmYzL3NlYzo1MmYyY2IyNjQxN2Q0MGIwYWE1MmM0NGRlMDAzYjZmM18xMjQvZnJhZzpiYjBhYjMzNjQ4ZDg0MGExOWIzYjYyNzllNTc3MGM0My90YWJsZToyMDVmY2I0Njc5MjA0YzAwYTQxYjJkYjc0OWM3MzAxZi90YWJsZXJhbmdlOjIwNWZjYjQ2NzkyMDRjMDBhNDFiMmRiNzQ5YzczMDFmXzctMS0xLTEtNDc2Mzc_9a7e3a2c-f997-46e7-b6cd-db6dbac744f3"">8,856</ix:nonFraction>",iXBRL context i0a4b492f2b164574a86949407d0a9beb_I20221231,codex-independent-source-review,2026-08-15T17:30:00+00:00,Verified from consolidated dimension-free AccountsReceivableNetCurrent iXBRL fact before benchmark extraction,false
gold-ee02-cat-0000018230-23-000011-restructuring_charges,CATERPILLAR INC,CAT,ee02-cat-0000018230-23-000011,restructuring_charges,299,million,USD,6,1,2022-12-31,2022-01-01,current_fy,statutory,"<ix:nonFraction unitRef=""usd"" contextRef=""ia986bad5dd40477fb48a00fdb5deb9c3_D20220101-20221231"" decimals=""-6"" name=""us-gaap:RestructuringCharges"" scale=""6"" id=""id3VybDovL2RvY3MudjEvZG9jOjUyZjJjYjI2NDE3ZDQwYjBhYTUyYzQ0ZGUwMDNiNmYzL3NlYzo1MmYyY2IyNjQxN2Q0MGIwYWE1MmM0NGRlMDAzYjZmM18yNzEvZnJhZzpmMjc4MmI0M2JhNDI0OTE0OTBmODYyMGM4ZGJmNzNmZi90YWJsZTozOTRkN2JjMTIxNTM0YzdlOTM1YjY2YzJjMmY3M2FiNi90YWJsZXJhbmdlOjM5NGQ3YmMxMjE1MzRjN2U5MzViNjZjMmMyZjczYWI2XzE3LTItMS0xLTQ3NjM3_093d7d93-3138-4089-a147-1483eeb95f39"">299</ix:nonFraction>",iXBRL context ia986bad5dd40477fb48a00fdb5deb9c3_D20220101-20221231,codex-independent-source-review,2026-08-15T17:30:00+00:00,Verified from consolidated dimension-free RestructuringCharges iXBRL fact before benchmark extraction,false
gold-ee02-cat-0000018230-23-000011-revenue,CATERPILLAR INC,CAT,ee02-cat-0000018230-23-000011,revenue,59427,million,USD,6,1,2022-12-31,2022-01-01,current_fy,statutory,"<ix:nonFraction unitRef=""usd"" contextRef=""ia986bad5dd40477fb48a00fdb5deb9c3_D20220101-20221231"" decimals=""-6"" name=""us-gaap:Revenues"" format=""ixt:num-dot-decimal"" scale=""6"" id=""id3VybDovL2RvY3MudjEvZG9jOjUyZjJjYjI2NDE3ZDQwYjBhYTUyYzQ0ZGUwMDNiNmYzL3NlYzo1MmYyY2IyNjQxN2Q0MGIwYWE1MmM0NGRlMDAzYjZmM18xMTgvZnJhZzozMGFjYWJmYWFmMDY0Nzc4YWQ4NWY3NjJiYTJiYmQ2Yi90YWJsZTo5M2MyZmQwNTc3MWQ0ZTllODAyOWMzNDBkM2ZiNDBhNC90YWJsZXJhbmdlOjkzYzJmZDA1NzcxZDRlOWU4MDI5YzM0MGQzZmI0MGE0XzctMS0xLTEtNDc2Mzc_ae6bc707-71e4-4f8e-99d1-c88788e71048"">59,427</ix:nonFraction>",iXBRL context ia986bad5dd40477fb48a00fdb5deb9c3_D20220101-20221231,codex-independent-source-review,2026-08-15T17:30:00+00:00,Verified from consolidated dimension-free Revenues iXBRL fact before benchmark extraction,false
gold-ee02-cat-0000018230-24-000009-capex,CATERPILLAR INC,CAT,ee02-cat-0000018230-24-000009,capex,1597,million,USD,6,1,2023-12-31,2023-01-01,current_fy,statutory,"<ix:nonFraction unitRef=""usd"" contextRef=""c-1"" decimals=""-6"" name=""us-gaap:PaymentsToAcquirePropertyPlantAndEquipment"" format=""ixt:num-dot-decimal"" scale=""6"" id=""f-394"">1,597</ix:nonFraction>",iXBRL context c-1,codex-independent-source-review,2026-08-15T17:30:00+00:00,Verified from consolidated dimension-free PaymentsToAcquirePropertyPlantAndEquipment iXBRL fact before benchmark extraction,false
gold-ee02-cat-0000018230-24-000009-inventory,CATERPILLAR INC,CAT,ee02-cat-0000018230-24-000009,inventory,16565,million,USD,6,1,2023-12-31,,current_instant,statutory,"<ix:nonFraction unitRef=""usd"" contextRef=""c-5"" decimals=""-6"" name=""us-gaap:InventoryNet"" format=""ixt:num-dot-decimal"" scale=""6"" id=""f-149"">16,565</ix:nonFraction>",iXBRL context c-5,codex-independent-source-review,2026-08-15T17:30:00+00:00,Verified from consolidated dimension-free InventoryNet iXBRL fact before benchmark extraction,false
gold-ee02-cat-0000018230-24-000009-operating_cash_flow,CATERPILLAR INC,CAT,ee02-cat-0000018230-24-000009,operating_cash_flow,12885,million,USD,6,1,2023-12-31,2023-01-01,current_fy,statutory,"<ix:nonFraction unitRef=""usd"" contextRef=""c-1"" decimals=""-6"" name=""us-gaap:NetCashProvidedByUsedInOperatingActivities"" format=""ixt:num-dot-decimal"" scale=""6"" id=""f-391"">12,885</ix:nonFraction>",iXBRL context c-1,codex-independent-source-review,2026-08-15T17:30:00+00:00,Verified from consolidated dimension-free NetCashProvidedByUsedInOperatingActivities iXBRL fact before benchmark extraction,false
gold-ee02-cat-0000018230-24-000009-operating_profit,CATERPILLAR INC,CAT,ee02-cat-0000018230-24-000009,operating_profit,12966,million,USD,6,1,2023-12-31,2023-01-01,current_fy,statutory,"<ix:nonFraction unitRef=""usd"" contextRef=""c-1"" decimals=""-6"" name=""us-gaap:OperatingIncomeLoss"" format=""ixt:num-dot-decimal"" scale=""6"" id=""f-72"">12,966</ix:nonFraction>",iXBRL context c-1,codex-independent-source-review,2026-08-15T17:30:00+00:00,Verified from consolidated dimension-free OperatingIncomeLoss iXBRL fact before benchmark extraction,false
gold-ee02-cat-0000018230-24-000009-receivables,CATERPILLAR INC,CAT,ee02-cat-0000018230-24-000009,receivables,9310,million,USD,6,1,2023-12-31,,current_instant,statutory,"<ix:nonFraction unitRef=""usd"" contextRef=""c-5"" decimals=""-6"" name=""us-gaap:AccountsReceivableNetCurrent"" format=""ixt:num-dot-decimal"" scale=""6"" id=""f-143"">9,310</ix:nonFraction>",iXBRL context c-5,codex-independent-source-review,2026-08-15T17:30:00+00:00,Verified from consolidated dimension-free AccountsReceivableNetCurrent iXBRL fact before benchmark extraction,false
gold-ee02-cat-0000018230-24-000009-restructuring_charges,CATERPILLAR INC,CAT,ee02-cat-0000018230-24-000009,restructuring_charges,780,million,USD,6,1,2023-12-31,2023-01-01,current_fy,statutory,"<ix:nonFraction unitRef=""usd"" contextRef=""c-1"" decimals=""-6"" name=""us-gaap:RestructuringCharges"" scale=""6"" id=""f-3754"">780</ix:nonFraction>",iXBRL context c-1,codex-independent-source-review,2026-08-15T17:30:00+00:00,Verified from consolidated dimension-free RestructuringCharges iXBRL fact before benchmark extraction,false
gold-ee02-cat-0000018230-24-000009-revenue,CATERPILLAR INC,CAT,ee02-cat-0000018230-24-000009,revenue,67060,million,USD,6,1,2023-12-31,2023-01-01,current_fy,statutory,"<ix:nonFraction unitRef=""usd"" contextRef=""c-1"" decimals=""-6"" name=""us-gaap:Revenues"" format=""ixt:num-dot-decimal"" scale=""6"" id=""f-48"">67,060</ix:nonFraction>",iXBRL context c-1,codex-independent-source-review,2026-08-15T17:30:00+00:00,Verified from consolidated dimension-free Revenues iXBRL fact before benchmark extraction,false
gold-ee02-cat-0000018230-24-000053-capex,CATERPILLAR INC,CAT,ee02-cat-0000018230-24-000053,capex,1285,million,USD,6,1,2024-09-30,2024-01-01,current_ytd,statutory,"<ix:nonFraction unitRef=""usd"" contextRef=""c-1"" decimals=""-6"" name=""us-gaap:PaymentsToAcquirePropertyPlantAndEquipment"" format=""ixt:num-dot-decimal"" scale=""6"" id=""f-426"">1,285</ix:nonFraction>",iXBRL context c-1,codex-independent-source-review,2026-08-15T17:30:00+00:00,Verified from consolidated dimension-free PaymentsToAcquirePropertyPlantAndEquipment iXBRL fact before benchmark extraction,false
gold-ee02-cat-0000018230-24-000053-inventory,CATERPILLAR INC,CAT,ee02-cat-0000018230-24-000053,inventory,17312,million,USD,6,1,2024-09-30,,current_instant,statutory,"<ix:nonFraction unitRef=""usd"" contextRef=""c-4"" decimals=""-6"" name=""us-gaap:InventoryNet"" format=""ixt:num-dot-decimal"" scale=""6"" id=""f-170"">17,312</ix:nonFraction>",iXBRL context c-4,codex-independent-source-review,2026-08-15T17:30:00+00:00,Verified from consolidated dimension-free InventoryNet iXBRL fact before benchmark extraction,false
gold-ee02-cat-0000018230-24-000053-operating_cash_flow,CATERPILLAR INC,CAT,ee02-cat-0000018230-24-000053,operating_cash_flow,8642,million,USD,6,1,2024-09-30,2024-01-01,current_ytd,statutory,"<ix:nonFraction unitRef=""usd"" contextRef=""c-1"" decimals=""-6"" name=""us-gaap:NetCashProvidedByUsedInOperatingActivities"" format=""ixt:num-dot-decimal"" scale=""6"" id=""f-424"">8,642</ix:nonFraction>",iXBRL context c-1,codex-independent-source-review,2026-08-15T17:30:00+00:00,Verified from consolidated dimension-free NetCashProvidedByUsedInOperatingActivities iXBRL fact before benchmark extraction,false
gold-ee02-cat-0000018230-24-000053-operating_profit,CATERPILLAR INC,CAT,ee02-cat-0000018230-24-000053,operating_profit,10148,million,USD,6,1,2024-09-30,2024-01-01,current_ytd,statutory,"<ix:nonFraction unitRef=""usd"" contextRef=""c-1"" decimals=""-6"" name=""us-gaap:OperatingIncomeLoss"" format=""ixt:num-dot-decimal"" scale=""6"" id=""f-116"">10,148</ix:nonFraction>",iXBRL context c-1,codex-independent-source-review,2026-08-15T17:30:00+00:00,Verified from consolidated dimension-free OperatingIncomeLoss iXBRL fact before benchmark extraction,false
gold-ee02-cat-0000018230-24-000053-receivables,CATERPILLAR INC,CAT,ee02-cat-0000018230-24-000053,receivables,9086,million,USD,6,1,2024-09-30,,current_instant,statutory,"<ix:nonFraction unitRef=""usd"" contextRef=""c-4"" decimals=""-6"" name=""us-gaap:AccountsReceivableNetCurrent"" format=""ixt:num-dot-decimal"" scale=""6"" id=""f-164"">9,086</ix:nonFraction>",iXBRL context c-4,codex-independent-source-review,2026-08-15T17:30:00+00:00,Verified from consolidated dimension-free AccountsReceivableNetCurrent iXBRL fact before benchmark extraction,false
gold-ee02-cat-0000018230-24-000053-restructuring_charges,CATERPILLAR INC,CAT,ee02-cat-0000018230-24-000053,restructuring_charges,322,million,USD,6,1,2024-09-30,2024-01-01,current_ytd,statutory,"<ix:nonFraction unitRef=""usd"" contextRef=""c-1"" decimals=""-6"" name=""us-gaap:RestructuringCharges"" scale=""6"" id=""f-2704"">322</ix:nonFraction>",iXBRL context c-1,codex-independent-source-review,2026-08-15T17:30:00+00:00,Verified from consolidated dimension-free RestructuringCharges iXBRL fact before benchmark extraction,false
gold-ee02-cat-0000018230-24-000053-revenue,CATERPILLAR INC,CAT,ee02-cat-0000018230-24-000053,revenue,48594,million,USD,6,1,2024-09-30,2024-01-01,current_ytd,statutory,"<ix:nonFraction unitRef=""usd"" contextRef=""c-1"" decimals=""-6"" name=""us-gaap:Revenues"" format=""ixt:num-dot-decimal"" scale=""6"" id=""f-102"">48,594</ix:nonFraction>",iXBRL context c-1,codex-independent-source-review,2026-08-15T17:30:00+00:00,Verified from consolidated dimension-free Revenues iXBRL fact before benchmark extraction,false
gold-ee02-clf-0000764065-23-000032-capex,CLEVELAND-CLIFFS INC.,CLF,ee02-clf-0000764065-23-000032,capex,943,million,USD,6,1,2022-12-31,2022-01-01,current_fy,statutory,"<ix:nonFraction unitRef=""usd"" contextRef=""i90510c606adc4232996284db6dd373fa_D20220101-20221231"" decimals=""-6"" name=""us-gaap:PaymentsToAcquirePropertyPlantAndEquipment"" scale=""6"" id=""id3VybDovL2RvY3MudjEvZG9jOjdjZDQwZWU5YzFkNjRlOWI4NzExYzZkYzgxMmQ2ZWVhL3NlYzo3Y2Q0MGVlOWMxZDY0ZTliODcxMWM2ZGM4MTJkNmVlYV8xMTgvZnJhZzo5ZTk0N2RjZmU3YmU0MmVmODA3ZmM1NTQyZDg2YTczZi90YWJsZTpjOWJhNTllMDhmZjU0MDA0YWYxMjQ5M2VjYmU1ZjI1Yi90YWJsZXJhbmdlOmM5YmE1OWUwOGZmNTQwMDRhZjEyNDkzZWNiZTVmMjViXzIwLTEtMS0xLTE3OTc4Nw_63569dd9-8e42-4beb-82c9-683bc6befb17"">943</ix:nonFraction>",iXBRL context i90510c606adc4232996284db6dd373fa_D20220101-20221231,codex-independent-source-review,2026-08-15T17:30:00+00:00,Verified from consolidated dimension-free PaymentsToAcquirePropertyPlantAndEquipment iXBRL fact before benchmark extraction,false
gold-ee02-clf-0000764065-23-000032-impairment_charges,CLEVELAND-CLIFFS INC.,CLF,ee02-clf-0000764065-23-000032,impairment_charges,29,million,USD,6,1,2022-12-31,2022-01-01,current_fy,statutory,"<ix:nonFraction unitRef=""usd"" contextRef=""i90510c606adc4232996284db6dd373fa_D20220101-20221231"" decimals=""-6"" name=""us-gaap:AssetImpairmentCharges"" scale=""6"" id=""id3VybDovL2RvY3MudjEvZG9jOjdjZDQwZWU5YzFkNjRlOWI4NzExYzZkYzgxMmQ2ZWVhL3NlYzo3Y2Q0MGVlOWMxZDY0ZTliODcxMWM2ZGM4MTJkNmVlYV8xMTgvZnJhZzo5ZTk0N2RjZmU3YmU0MmVmODA3ZmM1NTQyZDg2YTczZi90YWJsZTpjOWJhNTllMDhmZjU0MDA0YWYxMjQ5M2VjYmU1ZjI1Yi90YWJsZXJhbmdlOmM5YmE1OWUwOGZmNTQwMDRhZjEyNDkzZWNiZTVmMjViXzEwLTEtMS0xLTIxMTA2NQ_74c8ec30-314e-416a-a6c5-7d7477a68651"">29</ix:nonFraction>",iXBRL context i90510c606adc4232996284db6dd373fa_D20220101-20221231,codex-independent-source-review,2026-08-15T17:30:00+00:00,Verified from consolidated dimension-free AssetImpairmentCharges iXBRL fact before benchmark extraction,false
gold-ee02-clf-0000764065-23-000032-inventory,CLEVELAND-CLIFFS INC.,CLF,ee02-clf-0000764065-23-000032,inventory,5130,million,USD,6,1,2022-12-31,,current_instant,statutory,"<ix:nonFraction unitRef=""usd"" contextRef=""ibe700df15a1c4b5ba79ea73e43b587e3_I20221231"" decimals=""-6"" name=""us-gaap:InventoryNet"" format=""ixt:num-dot-decimal"" scale=""6"" id=""id3VybDovL2RvY3MudjEvZG9jOjdjZDQwZWU5YzFkNjRlOWI4NzExYzZkYzgxMmQ2ZWVhL3NlYzo3Y2Q0MGVlOWMxZDY0ZTliODcxMWM2ZGM4MTJkNmVlYV8xMDkvZnJhZzo3YTlhMmYxY2JlMjQ0MzZmOTBjMjIyN2FjNGE2Yjc4Yi90YWJsZTpjODRiNjc0OWRlZTY0Y2U3YjU4Yjg3ODU5NWM1NTVhMS90YWJsZXJhbmdlOmM4NGI2NzQ5ZGVlNjRjZTdiNThiODc4NTk1YzU1NWExXzctMS0xLTEtMTc5Nzg3_b9c2b529-f8ff-43d9-84d5-45031694783f"">5,130</ix:nonFraction>",iXBRL context ibe700df15a1c4b5ba79ea73e43b587e3_I20221231,codex-independent-source-review,2026-08-15T17:30:00+00:00,Verified from consolidated dimension-free InventoryNet iXBRL fact before benchmark extraction,false
gold-ee02-clf-0000764065-23-000032-operating_cash_flow,CLEVELAND-CLIFFS INC.,CLF,ee02-clf-0000764065-23-000032,operating_cash_flow,2423,million,USD,6,1,2022-12-31,2022-01-01,current_fy,statutory,"<ix:nonFraction unitRef=""usd"" contextRef=""i90510c606adc4232996284db6dd373fa_D20220101-20221231"" decimals=""-6"" name=""us-gaap:NetCashProvidedByUsedInOperatingActivities"" format=""ixt:num-dot-decimal"" scale=""6"" id=""id3VybDovL2RvY3MudjEvZG9jOjdjZDQwZWU5YzFkNjRlOWI4NzExYzZkYzgxMmQ2ZWVhL3NlYzo3Y2Q0MGVlOWMxZDY0ZTliODcxMWM2ZGM4MTJkNmVlYV8xMTgvZnJhZzo5ZTk0N2RjZmU3YmU0MmVmODA3ZmM1NTQyZDg2YTczZi90YWJsZTpjOWJhNTllMDhmZjU0MDA0YWYxMjQ5M2VjYmU1ZjI1Yi90YWJsZXJhbmdlOmM5YmE1OWUwOGZmNTQwMDRhZjEyNDkzZWNiZTVmMjViXzE4LTEtMS0xLTE3OTc4Nw_b58e6557-6b13-4ef9-89d9-d7585ee785a9"">2,423</ix:nonFraction>",iXBRL context i90510c606adc4232996284db6dd373fa_D20220101-20221231,codex-independent-source-review,2026-08-15T17:30:00+00:00,Verified from consolidated dimension-free NetCashProvidedByUsedInOperatingActivities iXBRL fact before benchmark extraction,false
gold-ee02-clf-0000764065-23-000032-operating_profit,CLEVELAND-CLIFFS INC.,CLF,ee02-clf-0000764065-23-000032,operating_profit,1939,million,USD,6,1,2022-12-31,2022-01-01,current_fy,statutory,"<ix:nonFraction unitRef=""usd"" contextRef=""i90510c606adc4232996284db6dd373fa_D20220101-20221231"" decimals=""-6"" name=""us-gaap:OperatingIncomeLoss"" format=""ixt:num-dot-decimal"" scale=""6"" id=""id3VybDovL2RvY3MudjEvZG9jOjdjZDQwZWU5YzFkNjRlOWI4NzExYzZkYzgxMmQ2ZWVhL3NlYzo3Y2Q0MGVlOWMxZDY0ZTliODcxMWM2ZGM4MTJkNmVlYV8xMTIvZnJhZzo0NWFlODE3MjI0ODU0Yzc0YmVhZmFhNDgzMWViZmVhMS90YWJsZTplYmE5OTk4ZWVlOGU0Y2RjYTliYjlmZTk5YWI1MzYzMS90YWJsZXJhbmdlOmViYTk5OThlZWU4ZTRjZGNhOWJiOWZlOTlhYjUzNjMxXzEwLTEtMS0xLTE3OTc4Nw_9827e438-7249-47ed-8ef8-9d681f49c279"">1,939</ix:nonFraction>",iXBRL context i90510c606adc4232996284db6dd373fa_D20220101-20221231,codex-independent-source-review,2026-08-15T17:30:00+00:00,Verified from consolidated dimension-free OperatingIncomeLoss iXBRL fact before benchmark extraction,false
gold-ee02-clf-0000764065-23-000032-receivables,CLEVELAND-CLIFFS INC.,CLF,ee02-clf-0000764065-23-000032,receivables,1960,million,USD,6,1,2022-12-31,,current_instant,statutory,"<ix:nonFraction unitRef=""usd"" contextRef=""ibe700df15a1c4b5ba79ea73e43b587e3_I20221231"" decimals=""-6"" name=""us-gaap:AccountsReceivableNetCurrent"" format=""ixt:num-dot-decimal"" scale=""6"" id=""id3VybDovL2RvY3MudjEvZG9jOjdjZDQwZWU5YzFkNjRlOWI4NzExYzZkYzgxMmQ2ZWVhL3NlYzo3Y2Q0MGVlOWMxZDY0ZTliODcxMWM2ZGM4MTJkNmVlYV8xMDkvZnJhZzo3YTlhMmYxY2JlMjQ0MzZmOTBjMjIyN2FjNGE2Yjc4Yi90YWJsZTpjODRiNjc0OWRlZTY0Y2U3YjU4Yjg3ODU5NWM1NTVhMS90YWJsZXJhbmdlOmM4NGI2NzQ5ZGVlNjRjZTdiNThiODc4NTk1YzU1NWExXzYtMS0xLTEtMTc5Nzg3_e72fa26b-14ed-4598-886c-4dc4b78fd807"">1,960</ix:nonFraction>",iXBRL context ibe700df15a1c4b5ba79ea73e43b587e3_I20221231,codex-independent-source-review,2026-08-15T17:30:00+00:00,Verified from consolidated dimension-free AccountsReceivableNetCurrent iXBRL fact before benchmark extraction,false
gold-ee02-clf-0000764065-23-000032-revenue,CLEVELAND-CLIFFS INC.,CLF,ee02-clf-0000764065-23-000032,revenue,22989,million,USD,6,1,2022-12-31,2022-01-01,current_fy,statutory,"<ix:nonFraction unitRef=""usd"" contextRef=""i90510c606adc4232996284db6dd373fa_D20220101-20221231"" decimals=""-6"" name=""us-gaap:Revenues"" format=""ixt:num-dot-decimal"" scale=""6"" id=""id3VybDovL2RvY3MudjEvZG9jOjdjZDQwZWU5YzFkNjRlOWI4NzExYzZkYzgxMmQ2ZWVhL3NlYzo3Y2Q0MGVlOWMxZDY0ZTliODcxMWM2ZGM4MTJkNmVlYV8xMTIvZnJhZzo0NWFlODE3MjI0ODU0Yzc0YmVhZmFhNDgzMWViZmVhMS90YWJsZTplYmE5OTk4ZWVlOGU0Y2RjYTliYjlmZTk5YWI1MzYzMS90YWJsZXJhbmdlOmViYTk5OThlZWU4ZTRjZGNhOWJiOWZlOTlhYjUzNjMxXzMtMS0xLTEtMTc5Nzg3_95c7c9e2-aac5-483f-91f4-1dadfdfb604a"">22,989</ix:nonFraction>",iXBRL context i90510c606adc4232996284db6dd373fa_D20220101-20221231,codex-independent-source-review,2026-08-15T17:30:00+00:00,Verified from consolidated dimension-free Revenues iXBRL fact before benchmark extraction,false
gold-ee02-clf-0000764065-24-000038-capex,CLEVELAND-CLIFFS INC.,CLF,ee02-clf-0000764065-24-000038,capex,646,million,USD,6,1,2023-12-31,2023-01-01,current_fy,statutory,"<ix:nonFraction unitRef=""usd"" contextRef=""c-1"" decimals=""-6"" name=""us-gaap:PaymentsToAcquirePropertyPlantAndEquipment"" scale=""6"" id=""f-253"">646</ix:nonFraction>",iXBRL context c-1,codex-independent-source-review,2026-08-15T17:30:00+00:00,Verified from consolidated dimension-free PaymentsToAcquirePropertyPlantAndEquipment iXBRL fact before benchmark extraction,false
gold-ee02-clf-0000764065-24-000038-inventory,CLEVELAND-CLIFFS INC.,CLF,ee02-clf-0000764065-24-000038,inventory,4460,million,USD,6,1,2023-12-31,,current_instant,statutory,"<ix:nonFraction unitRef=""usd"" contextRef=""c-4"" decimals=""-6"" name=""us-gaap:InventoryNet"" format=""ixt:num-dot-decimal"" scale=""6"" id=""f-40"">4,460</ix:nonFraction>",iXBRL context c-4,codex-independent-source-review,2026-08-15T17:30:00+00:00,Verified from consolidated dimension-free InventoryNet iXBRL fact before benchmark extraction,false
gold-ee02-clf-0000764065-24-000038-operating_cash_flow,CLEVELAND-CLIFFS INC.,CLF,ee02-clf-0000764065-24-000038,operating_cash_flow,2267,million,USD,6,1,2023-12-31,2023-01-01,current_fy,statutory,"<ix:nonFraction unitRef=""usd"" contextRef=""c-1"" decimals=""-6"" name=""us-gaap:NetCashProvidedByUsedInOperatingActivities"" format=""ixt:num-dot-decimal"" scale=""6"" id=""f-250"">2,267</ix:nonFraction>",iXBRL context c-1,codex-independent-source-review,2026-08-15T17:30:00+00:00,Verified from consolidated dimension-free NetCashProvidedByUsedInOperatingActivities iXBRL fact before benchmark extraction,false
gold-ee02-clf-0000764065-24-000038-operating_profit,CLEVELAND-CLIFFS INC.,CLF,ee02-clf-0000764065-24-000038,operating_profit,677,million,USD,6,1,2023-12-31,2023-01-01,current_fy,statutory,"<ix:nonFraction unitRef=""usd"" contextRef=""c-1"" decimals=""-6"" name=""us-gaap:OperatingIncomeLoss"" scale=""6"" id=""f-127"">677</ix:nonFraction>",iXBRL context c-1,codex-independent-source-review,2026-08-15T17:30:00+00:00,Verified from consolidated dimension-free OperatingIncomeLoss iXBRL fact before benchmark extraction,false
gold-ee02-clf-0000764065-24-000038-receivables,CLEVELAND-CLIFFS INC.,CLF,ee02-clf-0000764065-24-000038,receivables,1840,million,USD,6,1,2023-12-31,,current_instant,statutory,"<ix:nonFraction unitRef=""usd"" contextRef=""c-4"" decimals=""-6"" name=""us-gaap:AccountsReceivableNetCurrent"" format=""ixt:num-dot-decimal"" scale=""6"" id=""f-38"">1,840</ix:nonFraction>",iXBRL context c-4,codex-independent-source-review,2026-08-15T17:30:00+00:00,Verified from consolidated dimension-free AccountsReceivableNetCurrent iXBRL fact before benchmark extraction,false
gold-ee02-clf-0000764065-24-000038-revenue,CLEVELAND-CLIFFS INC.,CLF,ee02-clf-0000764065-24-000038,revenue,21996,million,USD,6,1,2023-12-31,2023-01-01,current_fy,statutory,"<ix:nonFraction unitRef=""usd"" contextRef=""c-1"" decimals=""-6"" name=""us-gaap:Revenues"" format=""ixt:num-dot-decimal"" scale=""6"" id=""f-106"">21,996</ix:nonFraction>",iXBRL context c-1,codex-independent-source-review,2026-08-15T17:30:00+00:00,Verified from consolidated dimension-free Revenues iXBRL fact before benchmark extraction,false
gold-ee02-cmi-0000026172-23-000005-capex,CUMMINS INC,CMI,ee02-cmi-0000026172-23-000005,capex,916,million,USD,6,1,2022-12-31,2022-01-01,current_fy,statutory,"<ix:nonFraction unitRef=""usd"" contextRef=""i54875e82f0cf4103a49f5f7962881873_D20220101-20221231"" decimals=""-6"" name=""us-gaap:PaymentsToAcquirePropertyPlantAndEquipment"" scale=""6"" id=""id3VybDovL2RvY3MudjEvZG9jOjk3MDYzOWNiNGRhYTRhYzNhMDc2M2QxYTQ5MjRhNDYzL3NlYzo5NzA2MzljYjRkYWE0YWMzYTA3NjNkMWE0OTI0YTQ2M18xOTAvZnJhZzo5MjQ2NTJhMDU3YzA0ZWQxOTYyYWQ2ZjhkNTg3MmFlYS90YWJsZTo2N2JhMTM1NzgyMGM0MzYwYjUyNzYxZTkzMGU1MjQ3ZS90YWJsZXJhbmdlOjY3YmExMzU3ODIwYzQzNjBiNTI3NjFlOTMwZTUyNDdlXzMzLTItMS0xLTc2MDI2_e49d656e-e7f2-48cb-99ec-8654ecfeff9a"">916</ix:nonFraction>",iXBRL context i54875e82f0cf4103a49f5f7962881873_D20220101-20221231,codex-independent-source-review,2026-08-15T17:30:00+00:00,Verified from consolidated dimension-free PaymentsToAcquirePropertyPlantAndEquipment iXBRL fact before benchmark extraction,false
gold-ee02-cmi-0000026172-23-000005-inventory,CUMMINS INC,CMI,ee02-cmi-0000026172-23-000005,inventory,5603,million,USD,6,1,2022-12-31,,current_instant,statutory,"<ix:nonFraction unitRef=""usd"" contextRef=""i8690e75f453e4699aa9091d599f625f8_I20221231"" decimals=""-6"" name=""us-gaap:InventoryNet"" format=""ixt:num-dot-decimal"" scale=""6"" id=""id3VybDovL2RvY3MudjEvZG9jOjk3MDYzOWNiNGRhYTRhYzNhMDc2M2QxYTQ5MjRhNDYzL3NlYzo5NzA2MzljYjRkYWE0YWMzYTA3NjNkMWE0OTI0YTQ2M18xODcvZnJhZzplMzE0Y2ZkMTIzM2Y0ZWQyYTYxMDY2NTYwZDQ5YWFhNy90YWJsZTphMDg3NzFkYjg4NWQ0YTE3YjI4YjA3MzQyZTdkMmJlZi90YWJsZXJhbmdlOmEwODc3MWRiODg1ZDRhMTdiMjhiMDczNDJlN2QyYmVmXzEwLTItMS0xLTc2MDI2_2a991544-a4c8-4e2b-b289-563338258b1a"">5,603</ix:nonFraction>",iXBRL context i8690e75f453e4699aa9091d599f625f8_I20221231,codex-independent-source-review,2026-08-15T17:30:00+00:00,Verified from consolidated dimension-free InventoryNet iXBRL fact before benchmark extraction,false
gold-ee02-cmi-0000026172-23-000005-operating_cash_flow,CUMMINS INC,CMI,ee02-cmi-0000026172-23-000005,operating_cash_flow,1962,million,USD,6,1,2022-12-31,2022-01-01,current_fy,statutory,"<ix:nonFraction unitRef=""usd"" contextRef=""i54875e82f0cf4103a49f5f7962881873_D20220101-20221231"" decimals=""-6"" name=""us-gaap:NetCashProvidedByUsedInOperatingActivities"" format=""ixt:num-dot-decimal"" scale=""6"" id=""id3VybDovL2RvY3MudjEvZG9jOjk3MDYzOWNiNGRhYTRhYzNhMDc2M2QxYTQ5MjRhNDYzL3NlYzo5NzA2MzljYjRkYWE0YWMzYTA3NjNkMWE0OTI0YTQ2M18xOTAvZnJhZzo5MjQ2NTJhMDU3YzA0ZWQxOTYyYWQ2ZjhkNTg3MmFlYS90YWJsZTo2N2JhMTM1NzgyMGM0MzYwYjUyNzYxZTkzMGU1MjQ3ZS90YWJsZXJhbmdlOjY3YmExMzU3ODIwYzQzNjBiNTI3NjFlOTMwZTUyNDdlXzMwLTItMS0xLTc2MDI2_3e09be0c-8f72-4287-8026-2bfe8eac7dd5"">1,962</ix:nonFraction>",iXBRL context i54875e82f0cf4103a49f5f7962881873_D20220101-20221231,codex-independent-source-review,2026-08-15T17:30:00+00:00,Verified from consolidated dimension-free NetCashProvidedByUsedInOperatingActivities iXBRL fact before benchmark extraction,false
gold-ee02-cmi-0000026172-23-000005-operating_profit,CUMMINS INC,CMI,ee02-cmi-0000026172-23-000005,operating_profit,2929,million,USD,6,1,2022-12-31,2022-01-01,current_fy,statutory,"<ix:nonFraction unitRef=""usd"" contextRef=""i54875e82f0cf4103a49f5f7962881873_D20220101-20221231"" decimals=""-6"" name=""us-gaap:OperatingIncomeLoss"" format=""ixt:num-dot-decimal"" scale=""6"" id=""id3VybDovL2RvY3MudjEvZG9jOjk3MDYzOWNiNGRhYTRhYzNhMDc2M2QxYTQ5MjRhNDYzL3NlYzo5NzA2MzljYjRkYWE0YWMzYTA3NjNkMWE0OTI0YTQ2M18xODEvZnJhZzpmYzM4ZTVhNjhiOTQ0NTllODkzODcwM2E2ODYwMmFkYS90YWJsZToxNmUzNDgzNzg0YTg0N2JiYWE3YjYxZDZjOTdkYjM1My90YWJsZXJhbmdlOjE2ZTM0ODM3ODRhODQ3YmJhYTdiNjFkNmM5N2RiMzUzXzE0LTItMS0xLTc2MDI2_f1de43f2-6bb7-4082-9ec5-cc031742bae2"">2,929</ix:nonFraction>",iXBRL context i54875e82f0cf4103a49f5f7962881873_D20220101-20221231,codex-independent-source-review,2026-08-15T17:30:00+00:00,Verified from consolidated dimension-free OperatingIncomeLoss iXBRL fact before benchmark extraction,false
gold-ee02-cmi-0000026172-23-000005-revenue,CUMMINS INC,CMI,ee02-cmi-0000026172-23-000005,revenue,28074,million,USD,6,1,2022-12-31,2022-01-01,current_fy,statutory,"<ix:nonFraction unitRef=""usd"" contextRef=""i54875e82f0cf4103a49f5f7962881873_D20220101-20221231"" decimals=""-6"" name=""us-gaap:Revenues"" format=""ixt:num-dot-decimal"" scale=""6"" id=""id3VybDovL2RvY3MudjEvZG9jOjk3MDYzOWNiNGRhYTRhYzNhMDc2M2QxYTQ5MjRhNDYzL3NlYzo5NzA2MzljYjRkYWE0YWMzYTA3NjNkMWE0OTI0YTQ2M18xODEvZnJhZzpmYzM4ZTVhNjhiOTQ0NTllODkzODcwM2E2ODYwMmFkYS90YWJsZToxNmUzNDgzNzg0YTg0N2JiYWE3YjYxZDZjOTdkYjM1My90YWJsZXJhbmdlOjE2ZTM0ODM3ODRhODQ3YmJhYTdiNjFkNmM5N2RiMzUzXzItMi0xLTEtNzYwMjY_94ca6009-f0d7-4ee7-9c7c-594df6188c26"">28,074</ix:nonFraction>",iXBRL context i54875e82f0cf4103a49f5f7962881873_D20220101-20221231,codex-independent-source-review,2026-08-15T17:30:00+00:00,Verified from consolidated dimension-free Revenues iXBRL fact before benchmark extraction,false
gold-ee02-cmi-0000026172-24-000012-capex,CUMMINS INC,CMI,ee02-cmi-0000026172-24-000012,capex,1213,million,USD,6,1,2023-12-31,2023-01-01,current_fy,statutory,"<ix:nonFraction unitRef=""usd"" contextRef=""c-1"" decimals=""-6"" name=""us-gaap:PaymentsToAcquirePropertyPlantAndEquipment"" format=""ixt:num-dot-decimal"" scale=""6"" id=""f-239"">1,213</ix:nonFraction>",iXBRL context c-1,codex-independent-source-review,2026-08-15T17:30:00+00:00,Verified from consolidated dimension-free PaymentsToAcquirePropertyPlantAndEquipment iXBRL fact before benchmark extraction,false
gold-ee02-cmi-0000026172-24-000012-inventory,CUMMINS INC,CMI,ee02-cmi-0000026172-24-000012,inventory,5677,million,USD,6,1,2023-12-31,,current_instant,statutory,"<ix:nonFraction unitRef=""usd"" contextRef=""c-6"" decimals=""-6"" name=""us-gaap:InventoryNet"" format=""ixt:num-dot-decimal"" scale=""6"" id=""f-125"">5,677</ix:nonFraction>",iXBRL context c-6,codex-independent-source-review,2026-08-15T17:30:00+00:00,Verified from consolidated dimension-free InventoryNet iXBRL fact before benchmark extraction,false
gold-ee02-cmi-0000026172-24-000012-operating_cash_flow,CUMMINS INC,CMI,ee02-cmi-0000026172-24-000012,operating_cash_flow,3966,million,USD,6,1,2023-12-31,2023-01-01,current_fy,statutory,"<ix:nonFraction unitRef=""usd"" contextRef=""c-1"" decimals=""-6"" name=""us-gaap:NetCashProvidedByUsedInOperatingActivities"" format=""ixt:num-dot-decimal"" scale=""6"" id=""f-236"">3,966</ix:nonFraction>",iXBRL context c-1,codex-independent-source-review,2026-08-15T17:30:00+00:00,Verified from consolidated dimension-free NetCashProvidedByUsedInOperatingActivities iXBRL fact before benchmark extraction,false
gold-ee02-cmi-0000026172-24-000012-operating_profit,CUMMINS INC,CMI,ee02-cmi-0000026172-24-000012,operating_profit,1761,million,USD,6,1,2023-12-31,2023-01-01,current_fy,statutory,"<ix:nonFraction unitRef=""usd"" contextRef=""c-1"" decimals=""-6"" name=""us-gaap:OperatingIncomeLoss"" format=""ixt:num-dot-decimal"" scale=""6"" id=""f-63"">1,761</ix:nonFraction>",iXBRL context c-1,codex-independent-source-review,2026-08-15T17:30:00+00:00,Verified from consolidated dimension-free OperatingIncomeLoss iXBRL fact before benchmark extraction,false
gold-ee02-cmi-0000026172-24-000012-revenue,CUMMINS INC,CMI,ee02-cmi-0000026172-24-000012,revenue,34065,million,USD,6,1,2023-12-31,2023-01-01,current_fy,statutory,"<ix:nonFraction unitRef=""usd"" contextRef=""c-1"" decimals=""-6"" name=""us-gaap:Revenues"" format=""ixt:num-dot-decimal"" scale=""6"" id=""f-42"">34,065</ix:nonFraction>",iXBRL context c-1,codex-independent-source-review,2026-08-15T17:30:00+00:00,Verified from consolidated dimension-free Revenues iXBRL fact before benchmark extraction,false
gold-ee02-de-0001558370-23-019812-capex,DEERE & CO,DE,ee02-de-0001558370-23-019812,capex,1498,million,USD,6,1,2023-10-29,2022-10-31,current_fy,statutory,"<ix:nonFraction unitRef=""Unit_Standard_USD_KCM-oap7akiVfsXteRQiLw"" contextRef=""Duration_10_31_2022_To_10_29_2023_mFv5zS8fzUOF8Nq_fLxyQA"" decimals=""-6"" format=""ixt:numdotdecimal"" name=""us-gaap:PaymentsToAcquirePropertyPlantAndEquipment"" scale=""6"" id=""Tc_nv-TVotHGUG59eeru5ZsNA_25_3"">1,498</ix:nonFraction>",iXBRL context Duration_10_31_2022_To_10_29_2023_mFv5zS8fzUOF8Nq_fLxyQA,codex-independent-source-review,2026-08-15T17:30:00+00:00,Verified from consolidated dimension-free PaymentsToAcquirePropertyPlantAndEquipment iXBRL fact before benchmark extraction,false
gold-ee02-de-0001558370-23-019812-inventory,DEERE & CO,DE,ee02-de-0001558370-23-019812,inventory,8160,million,USD,6,1,2023-10-29,,current_instant,statutory,"<ix:nonFraction unitRef=""Unit_Standard_USD_KCM-oap7akiVfsXteRQiLw"" contextRef=""As_Of_10_29_2023_YCWqRROpoESOMXbVfFFamw"" decimals=""-6"" format=""ixt:numdotdecimal"" name=""us-gaap:InventoryNet"" scale=""6"" id=""Tc_U2RYnVd2DkKpW_XGV0KqmQ_10_3"">8,160</ix:nonFraction>",iXBRL context As_Of_10_29_2023_YCWqRROpoESOMXbVfFFamw,codex-independent-source-review,2026-08-15T17:30:00+00:00,Verified from consolidated dimension-free InventoryNet iXBRL fact before benchmark extraction,false
gold-ee02-de-0001558370-23-019812-operating_cash_flow,DEERE & CO,DE,ee02-de-0001558370-23-019812,operating_cash_flow,8589,million,USD,6,1,2023-10-29,2022-10-31,current_fy,statutory,"<ix:nonFraction unitRef=""Unit_Standard_USD_KCM-oap7akiVfsXteRQiLw"" contextRef=""Duration_10_31_2022_To_10_29_2023_mFv5zS8fzUOF8Nq_fLxyQA"" decimals=""-6"" format=""ixt:numdotdecimal"" name=""us-gaap:NetCashProvidedByUsedInOperatingActivities"" scale=""6"" id=""Tc_92uXDhP9NUaeQFbCGe6mdQ_18_3"">8,589</ix:nonFraction>",iXBRL context Duration_10_31_2022_To_10_29_2023_mFv5zS8fzUOF8Nq_fLxyQA,codex-independent-source-review,2026-08-15T17:30:00+00:00,Verified from consolidated dimension-free NetCashProvidedByUsedInOperatingActivities iXBRL fact before benchmark extraction,false
gold-ee02-de-0001558370-23-019812-operating_profit,DEERE & CO,DE,ee02-de-0001558370-23-019812,operating_profit,12958,million,USD,6,1,2023-10-29,2022-10-31,current_fy,statutory,"<ix:nonFraction unitRef=""Unit_Standard_USD_KCM-oap7akiVfsXteRQiLw"" contextRef=""Duration_10_31_2022_To_10_29_2023_mFv5zS8fzUOF8Nq_fLxyQA"" decimals=""-6"" format=""ixt:numdotdecimal"" name=""us-gaap:OperatingIncomeLoss"" scale=""6"" id=""Tc_6YuVC12RiUenXWXxXIGJtg_6_3"">12,958</ix:nonFraction>",iXBRL context Duration_10_31_2022_To_10_29_2023_mFv5zS8fzUOF8Nq_fLxyQA,codex-independent-source-review,2026-08-15T17:30:00+00:00,Verified from consolidated dimension-free OperatingIncomeLoss iXBRL fact before benchmark extraction,false
gold-ee02-de-0001558370-23-019812-revenue,DEERE & CO,DE,ee02-de-0001558370-23-019812,revenue,61251,million,USD,6,1,2023-10-29,2022-10-31,current_fy,statutory,"<ix:nonFraction unitRef=""Unit_Standard_USD_KCM-oap7akiVfsXteRQiLw"" contextRef=""Duration_10_31_2022_To_10_29_2023_mFv5zS8fzUOF8Nq_fLxyQA"" decimals=""-6"" format=""ixt:numdotdecimal"" name=""us-gaap:Revenues"" scale=""6"" id=""Tc_A8KpSmJNS02-TZ9sQaGCxw_6_3"">61,251</ix:nonFraction>",iXBRL context Duration_10_31_2022_To_10_29_2023_mFv5zS8fzUOF8Nq_fLxyQA,codex-independent-source-review,2026-08-15T17:30:00+00:00,Verified from consolidated dimension-free Revenues iXBRL fact before benchmark extraction,false
gold-ee02-de-0001558370-24-012529-capex,DEERE & CO,DE,ee02-de-0001558370-24-012529,capex,1043,million,USD,6,1,2024-07-28,2023-10-30,current_ytd,statutory,"<ix:nonFraction unitRef=""Unit_Standard_USD_rpnOSozHkUaaNTpr-xVezg"" contextRef=""Duration_10_30_2023_To_7_28_2024_atjc-ITzi0O0Yoq2ou5kXQ"" decimals=""-6"" format=""ixt:numdotdecimal"" name=""us-gaap:PaymentsToAcquirePropertyPlantAndEquipment"" scale=""6"" id=""Tc_HG_t11rom0eHPBzszYnzRA_29_3"">1,043</ix:nonFraction>",iXBRL context Duration_10_30_2023_To_7_28_2024_atjc-ITzi0O0Yoq2ou5kXQ,codex-independent-source-review,2026-08-15T17:30:00+00:00,Verified from consolidated dimension-free PaymentsToAcquirePropertyPlantAndEquipment iXBRL fact before benchmark extraction,false
gold-ee02-de-0001558370-24-012529-inventory,DEERE & CO,DE,ee02-de-0001558370-24-012529,inventory,7696,million,USD,6,1,2024-07-28,,current_instant,statutory,"<ix:nonFraction unitRef=""Unit_Standard_USD_rpnOSozHkUaaNTpr-xVezg"" contextRef=""As_Of_7_28_2024_PGwPj0ECJEG9JRvsLk4QpA"" decimals=""-6"" format=""ixt:numdotdecimal"" name=""us-gaap:InventoryNet"" scale=""6"" id=""Tc_XAR9sdKdbEGbVTy0FSuOlw_14_3"">7,696</ix:nonFraction>",iXBRL context As_Of_7_28_2024_PGwPj0ECJEG9JRvsLk4QpA,codex-independent-source-review,2026-08-15T17:30:00+00:00,Verified from consolidated dimension-free InventoryNet iXBRL fact before benchmark extraction,false
gold-ee02-de-0001558370-24-012529-operating_cash_flow,DEERE & CO,DE,ee02-de-0001558370-24-012529,operating_cash_flow,4139,million,USD,6,1,2024-07-28,2023-10-30,current_ytd,statutory,"<ix:nonFraction unitRef=""Unit_Standard_USD_rpnOSozHkUaaNTpr-xVezg"" contextRef=""Duration_10_30_2023_To_7_28_2024_atjc-ITzi0O0Yoq2ou5kXQ"" decimals=""-6"" format=""ixt:numdotdecimal"" name=""us-gaap:NetCashProvidedByUsedInOperatingActivities"" scale=""6"" id=""Tc_1cm92s16MEKXmi_6qkjqKA_21_3"">4,139</ix:nonFraction>",iXBRL context Duration_10_30_2023_To_7_28_2024_atjc-ITzi0O0Yoq2ou5kXQ,codex-independent-source-review,2026-08-15T17:30:00+00:00,Verified from consolidated dimension-free NetCashProvidedByUsedInOperatingActivities iXBRL fact before benchmark extraction,false
gold-ee02-de-0001558370-24-012529-revenue,DEERE & CO,DE,ee02-de-0001558370-24-012529,revenue,40572,million,USD,6,1,2024-07-28,2023-10-30,current_ytd,statutory,"<ix:nonFraction unitRef=""Unit_Standard_USD_rpnOSozHkUaaNTpr-xVezg"" contextRef=""Duration_10_30_2023_To_7_28_2024_atjc-ITzi0O0Yoq2ou5kXQ"" decimals=""-6"" format=""ixt:numdotdecimal"" name=""us-gaap:Revenues"" scale=""6"" id=""Tc_9P-8lJNTs0OlVeoIlysPXA_11_9"">40,572</ix:nonFraction>",iXBRL context Duration_10_30_2023_To_7_28_2024_atjc-ITzi0O0Yoq2ou5kXQ,codex-independent-source-review,2026-08-15T17:30:00+00:00,Verified from consolidated dimension-free Revenues iXBRL fact before benchmark extraction,false
gold-ee02-de-0001558370-24-016169-capex,DEERE & CO,DE,ee02-de-0001558370-24-016169,capex,1640,million,USD,6,1,2024-10-27,2023-10-30,current_fy,statutory,"<ix:nonFraction unitRef=""Unit_Standard_USD_NWLr0m6AC0inm19aGnJR3Q"" contextRef=""Duration_10_30_2023_To_10_27_2024_VZZ-obtGE0-_9-gBGXgMmw"" decimals=""-6"" format=""ixt:num-dot-decimal"" name=""us-gaap:PaymentsToAcquirePropertyPlantAndEquipment"" scale=""6"" id=""Tc_fqJUgBk4oUa-KcYTbPQfWg_27_3"">1,640</ix:nonFraction>",iXBRL context Duration_10_30_2023_To_10_27_2024_VZZ-obtGE0-_9-gBGXgMmw,codex-independent-source-review,2026-08-15T17:30:00+00:00,Verified from consolidated dimension-free PaymentsToAcquirePropertyPlantAndEquipment iXBRL fact before benchmark extraction,false
gold-ee02-de-0001558370-24-016169-inventory,DEERE & CO,DE,ee02-de-0001558370-24-016169,inventory,7093,million,USD,6,1,2024-10-27,,current_instant,statutory,"<ix:nonFraction unitRef=""Unit_Standard_USD_NWLr0m6AC0inm19aGnJR3Q"" contextRef=""As_Of_10_27_2024_OgmfpKXBo0GPJORHRKbIoA"" decimals=""-6"" format=""ixt:num-dot-decimal"" name=""us-gaap:InventoryNet"" scale=""6"" id=""Tc_7umhCsGhJki87BkxWNWlIg_10_3"">7,093</ix:nonFraction>",iXBRL context As_Of_10_27_2024_OgmfpKXBo0GPJORHRKbIoA,codex-independent-source-review,2026-08-15T17:30:00+00:00,Verified from consolidated dimension-free InventoryNet iXBRL fact before benchmark extraction,false
gold-ee02-de-0001558370-24-016169-operating_cash_flow,DEERE & CO,DE,ee02-de-0001558370-24-016169,operating_cash_flow,9231,million,USD,6,1,2024-10-27,2023-10-30,current_fy,statutory,"<ix:nonFraction unitRef=""Unit_Standard_USD_NWLr0m6AC0inm19aGnJR3Q"" contextRef=""Duration_10_30_2023_To_10_27_2024_VZZ-obtGE0-_9-gBGXgMmw"" decimals=""-6"" format=""ixt:num-dot-decimal"" name=""us-gaap:NetCashProvidedByUsedInOperatingActivities"" scale=""6"" id=""Tc_H3pXJl_KaUiuo6leQpRibg_18_3"">9,231</ix:nonFraction>",iXBRL context Duration_10_30_2023_To_10_27_2024_VZZ-obtGE0-_9-gBGXgMmw,codex-independent-source-review,2026-08-15T17:30:00+00:00,Verified from consolidated dimension-free NetCashProvidedByUsedInOperatingActivities iXBRL fact before benchmark extraction,false
gold-ee02-de-0001558370-24-016169-operating_profit,DEERE & CO,DE,ee02-de-0001558370-24-016169,operating_profit,9039,million,USD,6,1,2024-10-27,2023-10-30,current_fy,statutory,"<ix:nonFraction unitRef=""Unit_Standard_USD_NWLr0m6AC0inm19aGnJR3Q"" contextRef=""Duration_10_30_2023_To_10_27_2024_VZZ-obtGE0-_9-gBGXgMmw"" decimals=""-6"" format=""ixt:num-dot-decimal"" name=""us-gaap:OperatingIncomeLoss"" scale=""6"" id=""Tc_3wrEtRBUgEWABsK6oAZM6A_6_3"">9,039</ix:nonFraction>",iXBRL context Duration_10_30_2023_To_10_27_2024_VZZ-obtGE0-_9-gBGXgMmw,codex-independent-source-review,2026-08-15T17:30:00+00:00,Verified from consolidated dimension-free OperatingIncomeLoss iXBRL fact before benchmark extraction,false
gold-ee02-de-0001558370-24-016169-revenue,DEERE & CO,DE,ee02-de-0001558370-24-016169,revenue,51716,million,USD,6,1,2024-10-27,2023-10-30,current_fy,statutory,"<ix:nonFraction unitRef=""Unit_Standard_USD_NWLr0m6AC0inm19aGnJR3Q"" contextRef=""Duration_10_30_2023_To_10_27_2024_VZZ-obtGE0-_9-gBGXgMmw"" decimals=""-6"" format=""ixt:num-dot-decimal"" name=""us-gaap:Revenues"" scale=""6"" id=""Tc_DZRU7zTDGEWAoAG8Q7egtw_6_3"">51,716</ix:nonFraction>",iXBRL context Duration_10_30_2023_To_10_27_2024_VZZ-obtGE0-_9-gBGXgMmw,codex-independent-source-review,2026-08-15T17:30:00+00:00,Verified from consolidated dimension-free Revenues iXBRL fact before benchmark extraction,false
gold-ee02-dell-0001571996-23-000007-capex,Dell Technologies Inc.,DELL,ee02-dell-0001571996-23-000007,capex,3003,million,USD,6,1,2023-02-03,2022-01-29,current_fy,statutory,"<ix:nonFraction unitRef=""usd"" contextRef=""i46895d1e413c4591aaf922f9b64e1c57_D20220129-20230203"" decimals=""-6"" name=""us-gaap:PaymentsToAcquirePropertyPlantAndEquipment"" format=""ixt:num-dot-decimal"" scale=""6"" id=""f-284"">3,003</ix:nonFraction>",iXBRL context i46895d1e413c4591aaf922f9b64e1c57_D20220129-20230203,codex-independent-source-review,2026-08-15T17:30:00+00:00,Verified from consolidated dimension-free PaymentsToAcquirePropertyPlantAndEquipment iXBRL fact before benchmark extraction,false
gold-ee02-dell-0001571996-23-000007-inventory,Dell Technologies Inc.,DELL,ee02-dell-0001571996-23-000007,inventory,4776,million,USD,6,1,2023-02-03,,current_instant,statutory,"<ix:nonFraction unitRef=""usd"" contextRef=""ib11279e594b04340a66fe04900df8ea2_I20230203"" decimals=""-6"" name=""us-gaap:InventoryNet"" format=""ixt:num-dot-decimal"" scale=""6"" id=""f-52"">4,776</ix:nonFraction>",iXBRL context ib11279e594b04340a66fe04900df8ea2_I20230203,codex-independent-source-review,2026-08-15T17:30:00+00:00,Verified from consolidated dimension-free InventoryNet iXBRL fact before benchmark extraction,false
gold-ee02-dell-0001571996-23-000007-operating_cash_flow,Dell Technologies Inc.,DELL,ee02-dell-0001571996-23-000007,operating_cash_flow,3565,million,USD,6,1,2023-02-03,2022-01-29,current_fy,statutory,"<ix:nonFraction unitRef=""usd"" contextRef=""i46895d1e413c4591aaf922f9b64e1c57_D20220129-20230203"" decimals=""-6"" name=""us-gaap:NetCashProvidedByUsedInOperatingActivities"" format=""ixt:num-dot-decimal"" scale=""6"" id=""f-272"">3,565</ix:nonFraction>",iXBRL context i46895d1e413c4591aaf922f9b64e1c57_D20220129-20230203,codex-independent-source-review,2026-08-15T17:30:00+00:00,Verified from consolidated dimension-free NetCashProvidedByUsedInOperatingActivities iXBRL fact before benchmark extraction,false
gold-ee02-dell-0001571996-23-000007-operating_profit,Dell Technologies Inc.,DELL,ee02-dell-0001571996-23-000007,operating_profit,5771,million,USD,6,1,2023-02-03,2022-01-29,current_fy,statutory,"<ix:nonFraction unitRef=""usd"" contextRef=""i46895d1e413c4591aaf922f9b64e1c57_D20220129-20230203"" decimals=""-6"" name=""us-gaap:OperatingIncomeLoss"" format=""ixt:num-dot-decimal"" scale=""6"" id=""f-146"">5,771</ix:nonFraction>",iXBRL context i46895d1e413c4591aaf922f9b64e1c57_D20220129-20230203,codex-independent-source-review,2026-08-15T17:30:00+00:00,Verified from consolidated dimension-free OperatingIncomeLoss iXBRL fact before benchmark extraction,false
gold-ee02-dell-0001571996-23-000007-receivables,Dell Technologies Inc.,DELL,ee02-dell-0001571996-23-000007,receivables,12482,million,USD,6,1,2023-02-03,,current_instant,statutory,"<ix:nonFraction unitRef=""usd"" contextRef=""ib11279e594b04340a66fe04900df8ea2_I20230203"" decimals=""-6"" name=""us-gaap:AccountsReceivableNetCurrent"" format=""ixt:num-dot-decimal"" scale=""6"" id=""f-44"">12,482</ix:nonFraction>",iXBRL context ib11279e594b04340a66fe04900df8ea2_I20230203,codex-independent-source-review,2026-08-15T17:30:00+00:00,Verified from consolidated dimension-free AccountsReceivableNetCurrent iXBRL fact before benchmark extraction,false
gold-ee02-dell-0001571996-23-000007-revenue,Dell Technologies Inc.,DELL,ee02-dell-0001571996-23-000007,revenue,102301,million,USD,6,1,2023-02-03,2022-01-29,current_fy,statutory,"<ix:nonFraction unitRef=""usd"" contextRef=""i46895d1e413c4591aaf922f9b64e1c57_D20220129-20230203"" decimals=""-6"" name=""us-gaap:Revenues"" format=""ixt:num-dot-decimal"" scale=""6"" id=""f-122"">102,301</ix:nonFraction>",iXBRL context i46895d1e413c4591aaf922f9b64e1c57_D20220129-20230203,codex-independent-source-review,2026-08-15T17:30:00+00:00,Verified from consolidated dimension-free Revenues iXBRL fact before benchmark extraction,false
gold-ee02-dell-0001571996-24-000036-capex,Dell Technologies Inc.,DELL,ee02-dell-0001571996-24-000036,capex,2756,million,USD,6,1,2024-02-02,2023-02-04,current_fy,statutory,"<ix:nonFraction unitRef=""usd"" contextRef=""c-1"" decimals=""-6"" name=""us-gaap:PaymentsToAcquirePropertyPlantAndEquipment"" format=""ixt:num-dot-decimal"" scale=""6"" id=""f-282"">2,756</ix:nonFraction>",iXBRL context c-1,codex-independent-source-review,2026-08-15T17:30:00+00:00,Verified from consolidated dimension-free PaymentsToAcquirePropertyPlantAndEquipment iXBRL fact before benchmark extraction,false
gold-ee02-dell-0001571996-24-000036-inventory,Dell Technologies Inc.,DELL,ee02-dell-0001571996-24-000036,inventory,3622,million,USD,6,1,2024-02-02,,current_instant,statutory,"<ix:nonFraction unitRef=""usd"" contextRef=""c-6"" decimals=""-6"" name=""us-gaap:InventoryNet"" format=""ixt:num-dot-decimal"" scale=""6"" id=""f-53"">3,622</ix:nonFraction>",iXBRL context c-6,codex-independent-source-review,2026-08-15T17:30:00+00:00,Verified from consolidated dimension-free InventoryNet iXBRL fact before benchmark extraction,false
gold-ee02-dell-0001571996-24-000036-operating_cash_flow,Dell Technologies Inc.,DELL,ee02-dell-0001571996-24-000036,operating_cash_flow,8676,million,USD,6,1,2024-02-02,2023-02-04,current_fy,statutory,"<ix:nonFraction unitRef=""usd"" contextRef=""c-1"" decimals=""-6"" name=""us-gaap:NetCashProvidedByUsedInOperatingActivities"" format=""ixt:num-dot-decimal"" scale=""6"" id=""f-273"">8,676</ix:nonFraction>",iXBRL context c-1,codex-independent-source-review,2026-08-15T17:30:00+00:00,Verified from consolidated dimension-free NetCashProvidedByUsedInOperatingActivities iXBRL fact before benchmark extraction,false
gold-ee02-dell-0001571996-24-000036-operating_profit,Dell Technologies Inc.,DELL,ee02-dell-0001571996-24-000036,operating_profit,5211,million,USD,6,1,2024-02-02,2023-02-04,current_fy,statutory,"<ix:nonFraction unitRef=""usd"" contextRef=""c-1"" decimals=""-6"" name=""us-gaap:OperatingIncomeLoss"" format=""ixt:num-dot-decimal"" scale=""6"" id=""f-147"">5,211</ix:nonFraction>",iXBRL context c-1,codex-independent-source-review,2026-08-15T17:30:00+00:00,Verified from consolidated dimension-free OperatingIncomeLoss iXBRL fact before benchmark extraction,false
gold-ee02-dell-0001571996-24-000036-revenue,Dell Technologies Inc.,DELL,ee02-dell-0001571996-24-000036,revenue,88425,million,USD,6,1,2024-02-02,2023-02-04,current_fy,statutory,"<ix:nonFraction unitRef=""usd"" contextRef=""c-1"" decimals=""-6"" name=""us-gaap:Revenues"" format=""ixt:num-dot-decimal"" scale=""6"" id=""f-123"">88,425</ix:nonFraction>",iXBRL context c-1,codex-independent-source-review,2026-08-15T17:30:00+00:00,Verified from consolidated dimension-free Revenues iXBRL fact before benchmark extraction,false
gold-ee02-dow-0001751788-23-000014-impairment_charges,DOW INC.,DOW,ee02-dow-0001751788-23-000014,impairment_charges,118,million,USD,6,1,2022-12-31,2022-01-01,current_fy,statutory,"<ix:nonFraction unitRef=""usd"" contextRef=""ia357c5f5cc3846eebd68949a8a5062d4_D20220101-20221231"" decimals=""-6"" name=""us-gaap:AssetImpairmentCharges"" format=""ixt:num-dot-decimal"" scale=""6"" id=""id3VybDovL2RvY3MudjEvZG9jOjU2NTRiYTQ4NWZhODQ0YzY4ODczOTZkNjhiZDZiODNlL3NlYzo1NjU0YmE0ODVmYTg0NGM2ODg3Mzk2ZDY4YmQ2YjgzZV8yMzIvZnJhZzoxYmY3YzRjMWIyOWI0OTFiODlkNmMzY2MzOWZlMDY4ZC90ZXh0cmVnaW9uOjFiZjdjNGMxYjI5YjQ5MWI4OWQ2YzNjYzM5ZmUwNjhkXzU0OTc1NTgxNTg1MzE_686703f4-54f1-4e07-9623-2e47f82e8780"">118</ix:nonFraction>",iXBRL context ia357c5f5cc3846eebd68949a8a5062d4_D20220101-20221231,codex-independent-source-review,2026-08-15T17:30:00+00:00,Verified from consolidated dimension-free AssetImpairmentCharges iXBRL fact before benchmark extraction,false
gold-ee02-dow-0001751788-23-000014-inventory,DOW INC.,DOW,ee02-dow-0001751788-23-000014,inventory,6988,million,USD,6,1,2022-12-31,,current_instant,statutory,"<ix:nonFraction unitRef=""usd"" contextRef=""if506f28bce564603a2e9e6ef8966c452_I20221231"" decimals=""-6"" name=""us-gaap:InventoryNet"" format=""ixt:num-dot-decimal"" scale=""6"" id=""id3VybDovL2RvY3MudjEvZG9jOjU2NTRiYTQ4NWZhODQ0YzY4ODczOTZkNjhiZDZiODNlL3NlYzo1NjU0YmE0ODVmYTg0NGM2ODg3Mzk2ZDY4YmQ2YjgzZV8xNjYvZnJhZzo0NTUxNjNjYTk3Mzg0NTA2YmJjOTkwMTA2ZmMyNWUwMS90YWJsZTo3MTRhMTMzNzAzYzI0ZmYxYTJkODE3MThkNTljYWE5NC90YWJsZXJhbmdlOjcxNGExMzM3MDNjMjRmZjFhMmQ4MTcxOGQ1OWNhYTk0XzgtMS0xLTEtMTA4NzUx_74c6bb0c-15ad-472a-8784-8c78ca4d6ad9"">6,988</ix:nonFraction>",iXBRL context if506f28bce564603a2e9e6ef8966c452_I20221231,codex-independent-source-review,2026-08-15T17:30:00+00:00,Verified from consolidated dimension-free InventoryNet iXBRL fact before benchmark extraction,false
gold-ee02-dow-0001751788-23-000014-operating_cash_flow,DOW INC.,DOW,ee02-dow-0001751788-23-000014,operating_cash_flow,7475,million,USD,6,1,2022-12-31,2022-01-01,current_fy,statutory,"<ix:nonFraction unitRef=""usd"" contextRef=""ia357c5f5cc3846eebd68949a8a5062d4_D20220101-20221231"" decimals=""-6"" name=""us-gaap:NetCashProvidedByUsedInOperatingActivities"" format=""ixt:num-dot-decimal"" scale=""6"" id=""id3VybDovL2RvY3MudjEvZG9jOjU2NTRiYTQ4NWZhODQ0YzY4ODczOTZkNjhiZDZiODNlL3NlYzo1NjU0YmE0ODVmYTg0NGM2ODg3Mzk2ZDY4YmQ2YjgzZV8xNjkvZnJhZzphYjVlOTg4ZjZkMmU0YzcwOTY3YTA2MGM2ZmE1N2ExZC90YWJsZTpkOWY3NjFiYjI2MzY0MDVmYjk5N2U3ZTNmMDBlNzQ3NC90YWJsZXJhbmdlOmQ5Zjc2MWJiMjYzNjQwNWZiOTk3ZTdlM2YwMGU3NDc0XzI0LTEtMS0xLTEwODc1MQ_5f1d209a-8e79-4e82-872d-2b32bef1e35d"">7,475</ix:nonFraction>",iXBRL context ia357c5f5cc3846eebd68949a8a5062d4_D20220101-20221231,codex-independent-source-review,2026-08-15T17:30:00+00:00,Verified from consolidated dimension-free NetCashProvidedByUsedInOperatingActivities iXBRL fact before benchmark extraction,false
gold-ee02-dow-0001751788-23-000014-receivables,DOW INC.,DOW,ee02-dow-0001751788-23-000014,receivables,5611,million,USD,6,1,2022-12-31,,current_instant,statutory,"<ix:nonFraction unitRef=""usd"" contextRef=""if506f28bce564603a2e9e6ef8966c452_I20221231"" decimals=""-6"" name=""us-gaap:AccountsReceivableNetCurrent"" format=""ixt:num-dot-decimal"" scale=""6"" id=""id3VybDovL2RvY3MudjEvZG9jOjU2NTRiYTQ4NWZhODQ0YzY4ODczOTZkNjhiZDZiODNlL3NlYzo1NjU0YmE0ODVmYTg0NGM2ODg3Mzk2ZDY4YmQ2YjgzZV8xNjYvZnJhZzo0NTUxNjNjYTk3Mzg0NTA2YmJjOTkwMTA2ZmMyNWUwMS90YWJsZTo3MTRhMTMzNzAzYzI0ZmYxYTJkODE3MThkNTljYWE5NC90YWJsZXJhbmdlOjcxNGExMzM3MDNjMjRmZjFhMmQ4MTcxOGQ1OWNhYTk0XzYtMS0xLTEtMTA4NzUx_64ff71bc-2137-4426-b42e-3f8950688b1d"">5,611</ix:nonFraction>",iXBRL context if506f28bce564603a2e9e6ef8966c452_I20221231,codex-independent-source-review,2026-08-15T17:30:00+00:00,Verified from consolidated dimension-free AccountsReceivableNetCurrent iXBRL fact before benchmark extraction,false
gold-ee02-dow-0001751788-23-000014-restructuring_charges,DOW INC.,DOW,ee02-dow-0001751788-23-000014,restructuring_charges,40,million,USD,6,1,2022-12-31,2022-01-01,current_fy,statutory,"<ix:nonFraction unitRef=""usd"" contextRef=""ia357c5f5cc3846eebd68949a8a5062d4_D20220101-20221231"" decimals=""-6"" name=""us-gaap:RestructuringCharges"" scale=""6"" id=""id3VybDovL2RvY3MudjEvZG9jOjU2NTRiYTQ4NWZhODQ0YzY4ODczOTZkNjhiZDZiODNlL3NlYzo1NjU0YmE0ODVmYTg0NGM2ODg3Mzk2ZDY4YmQ2YjgzZV8zMTAvZnJhZzo1OTllNGY0ZDFiOTU0M2FhODIyNzU0NzA5ZDhkMzQ5NS90YWJsZTo4Mjc0YmYxODc1MzM0Y2IzOGFhNjk3N2YxMTEyMDdhOS90YWJsZXJhbmdlOjgyNzRiZjE4NzUzMzRjYjM4YWE2OTc3ZjExMTIwN2E5XzMtNS0xLTEtMTA4NzUx_73bffa24-d74e-409f-9a2e-207f0e155e4f"">40</ix:nonFraction>",iXBRL context ia357c5f5cc3846eebd68949a8a5062d4_D20220101-20221231,codex-independent-source-review,2026-08-15T17:30:00+00:00,Verified from consolidated dimension-free RestructuringCharges iXBRL fact before benchmark extraction,false
gold-ee02-dow-0001751788-24-000010-inventory,DOW INC.,DOW,ee02-dow-0001751788-24-000010,inventory,6076,million,USD,6,1,2023-12-31,,current_instant,statutory,"<ix:nonFraction unitRef=""usd"" contextRef=""c-8"" decimals=""-6"" name=""us-gaap:InventoryNet"" format=""ixt:num-dot-decimal"" scale=""6"" id=""f-175"">6,076</ix:nonFraction>",iXBRL context c-8,codex-independent-source-review,2026-08-15T17:30:00+00:00,Verified from consolidated dimension-free InventoryNet iXBRL fact before benchmark extraction,false
gold-ee02-dow-0001751788-24-000010-operating_cash_flow,DOW INC.,DOW,ee02-dow-0001751788-24-000010,operating_cash_flow,5196,million,USD,6,1,2023-12-31,2023-01-01,current_fy,statutory,"<ix:nonFraction unitRef=""usd"" contextRef=""c-1"" decimals=""-6"" name=""us-gaap:NetCashProvidedByUsedInOperatingActivities"" format=""ixt:num-dot-decimal"" scale=""6"" id=""f-314"">5,196</ix:nonFraction>",iXBRL context c-1,codex-independent-source-review,2026-08-15T17:30:00+00:00,Verified from consolidated dimension-free NetCashProvidedByUsedInOperatingActivities iXBRL fact before benchmark extraction,false
gold-ee02-dow-0001751788-24-000010-receivables,DOW INC.,DOW,ee02-dow-0001751788-24-000010,receivables,4718,million,USD,6,1,2023-12-31,,current_instant,statutory,"<ix:nonFraction unitRef=""usd"" contextRef=""c-8"" decimals=""-6"" name=""us-gaap:AccountsReceivableNetCurrent"" format=""ixt:num-dot-decimal"" scale=""6"" id=""f-171"">4,718</ix:nonFraction>",iXBRL context c-8,codex-independent-source-review,2026-08-15T17:30:00+00:00,Verified from consolidated dimension-free AccountsReceivableNetCurrent iXBRL fact before benchmark extraction,false
gold-ee02-dow-0001751788-24-000010-restructuring_charges,DOW INC.,DOW,ee02-dow-0001751788-24-000010,restructuring_charges,741,million,USD,6,1,2023-12-31,2023-01-01,current_fy,statutory,"<ix:nonFraction unitRef=""usd"" contextRef=""c-1"" decimals=""-6"" name=""us-gaap:RestructuringCharges"" scale=""6"" id=""f-3401"">741</ix:nonFraction>",iXBRL context c-1,codex-independent-source-review,2026-08-15T17:30:00+00:00,Verified from consolidated dimension-free RestructuringCharges iXBRL fact before benchmark extraction,false
gold-ee02-dow-0001751788-24-000010-revenue,DOW INC.,DOW,ee02-dow-0001751788-24-000010,revenue,44622,million,USD,6,1,2023-12-31,2023-01-01,current_fy,statutory,"<ix:nonFraction unitRef=""usd"" contextRef=""c-1"" decimals=""-6"" name=""us-gaap:Revenues"" format=""ixt:num-dot-decimal"" scale=""6"" id=""f-925"">44,622</ix:nonFraction>",iXBRL context c-1,codex-independent-source-review,2026-08-15T17:30:00+00:00,Verified from consolidated dimension-free Revenues iXBRL fact before benchmark extraction,false
gold-ee02-emn-0000915389-23-000015-capex,EASTMAN CHEMICAL CO,EMN,ee02-emn-0000915389-23-000015,capex,611,million,USD,6,1,2022-12-31,2022-01-01,current_fy,statutory,"<ix:nonFraction unitRef=""usd"" contextRef=""id18389614c1c48398e2f9e84bf57ef89_D20220101-20221231"" decimals=""-6"" name=""us-gaap:PaymentsToAcquirePropertyPlantAndEquipment"" scale=""6"" id=""id3VybDovL2RvY3MudjEvZG9jOjFjYTVkZWJjNmQ1NzQzZmQ4NmZjNjI1M2RiM2M0M2ZiL3NlYzoxY2E1ZGViYzZkNTc0M2ZkODZmYzYyNTNkYjNjNDNmYl8xMzAvZnJhZzo5YTkyZWJlZWMzMmQ0YmE2YmY5ZGQ4MTA3NTIyMmRhNy90YWJsZTo5OWQ1MWY1MzBjYWM0YmY1OGY3MGY1YjQ5NWI3MTc4MS90YWJsZXJhbmdlOjk5ZDUxZjUzMGNhYzRiZjU4ZjcwZjViNDk1YjcxNzgxXzIyLTEtMS0xLTExMDYwMg_1104e2cf-1df9-46dd-a3ed-9c80b357398c"">611</ix:nonFraction>",iXBRL context id18389614c1c48398e2f9e84bf57ef89_D20220101-20221231,codex-independent-source-review,2026-08-15T17:30:00+00:00,Verified from consolidated dimension-free PaymentsToAcquirePropertyPlantAndEquipment iXBRL fact before benchmark extraction,false
gold-ee02-emn-0000915389-23-000015-inventory,EASTMAN CHEMICAL CO,EMN,ee02-emn-0000915389-23-000015,inventory,1894,million,USD,6,1,2022-12-31,,current_instant,statutory,"<ix:nonFraction unitRef=""usd"" contextRef=""i734631f5989c4e708df457f411a06e74_I20221231"" decimals=""-6"" name=""us-gaap:InventoryNet"" format=""ixt:num-dot-decimal"" scale=""6"" id=""id3VybDovL2RvY3MudjEvZG9jOjFjYTVkZWJjNmQ1NzQzZmQ4NmZjNjI1M2RiM2M0M2ZiL3NlYzoxY2E1ZGViYzZkNTc0M2ZkODZmYzYyNTNkYjNjNDNmYl8xMjQvZnJhZzplYTYyMGM0NWFlMzk0NzRkODU5NmNmNDkzNmFiYzVhOS90YWJsZToyOWFkMGYxYzFiZTI0NjljYjE4NGUyMWY3YTcwYzQ2ZC90YWJsZXJhbmdlOjI5YWQwZjFjMWJlMjQ2OWNiMTg0ZTIxZjdhNzBjNDZkXzctMS0xLTEtMTEwNjAy_6d8df66e-2b80-4edc-9f7e-09e1c6fabd11"">1,894</ix:nonFraction>",iXBRL context i734631f5989c4e708df457f411a06e74_I20221231,codex-independent-source-review,2026-08-15T17:30:00+00:00,Verified from consolidated dimension-free InventoryNet iXBRL fact before benchmark extraction,false
gold-ee02-emn-0000915389-23-000015-operating_cash_flow,EASTMAN CHEMICAL CO,EMN,ee02-emn-0000915389-23-000015,operating_cash_flow,975,million,USD,6,1,2022-12-31,2022-01-01,current_fy,statutory,"<ix:nonFraction unitRef=""usd"" contextRef=""id18389614c1c48398e2f9e84bf57ef89_D20220101-20221231"" decimals=""-6"" name=""us-gaap:NetCashProvidedByUsedInOperatingActivities"" scale=""6"" id=""id3VybDovL2RvY3MudjEvZG9jOjFjYTVkZWJjNmQ1NzQzZmQ4NmZjNjI1M2RiM2M0M2ZiL3NlYzoxY2E1ZGViYzZkNTc0M2ZkODZmYzYyNTNkYjNjNDNmYl8xMzAvZnJhZzo5YTkyZWJlZWMzMmQ0YmE2YmY5ZGQ4MTA3NTIyMmRhNy90YWJsZTo5OWQ1MWY1MzBjYWM0YmY1OGY3MGY1YjQ5NWI3MTc4MS90YWJsZXJhbmdlOjk5ZDUxZjUzMGNhYzRiZjU4ZjcwZjViNDk1YjcxNzgxXzIwLTEtMS0xLTExMDYwMg_be155f96-89fc-4213-a38d-088a49729198"">975</ix:nonFraction>",iXBRL context id18389614c1c48398e2f9e84bf57ef89_D20220101-20221231,codex-independent-source-review,2026-08-15T17:30:00+00:00,Verified from consolidated dimension-free NetCashProvidedByUsedInOperatingActivities iXBRL fact before benchmark extraction,false
gold-ee02-emn-0000915389-23-000015-receivables,EASTMAN CHEMICAL CO,EMN,ee02-emn-0000915389-23-000015,receivables,957,million,USD,6,1,2022-12-31,,current_instant,statutory,"<ix:nonFraction unitRef=""usd"" contextRef=""i734631f5989c4e708df457f411a06e74_I20221231"" decimals=""-6"" name=""us-gaap:AccountsReceivableNetCurrent"" scale=""6"" id=""id3VybDovL2RvY3MudjEvZG9jOjFjYTVkZWJjNmQ1NzQzZmQ4NmZjNjI1M2RiM2M0M2ZiL3NlYzoxY2E1ZGViYzZkNTc0M2ZkODZmYzYyNTNkYjNjNDNmYl8xMjQvZnJhZzplYTYyMGM0NWFlMzk0NzRkODU5NmNmNDkzNmFiYzVhOS90YWJsZToyOWFkMGYxYzFiZTI0NjljYjE4NGUyMWY3YTcwYzQ2ZC90YWJsZXJhbmdlOjI5YWQwZjFjMWJlMjQ2OWNiMTg0ZTIxZjdhNzBjNDZkXzUtMS0xLTEtMTEwNjAy_aa3aeeaa-5a3f-46f1-8e5f-2f1b65e5cd7e"">957</ix:nonFraction>",iXBRL context i734631f5989c4e708df457f411a06e74_I20221231,codex-independent-source-review,2026-08-15T17:30:00+00:00,Verified from consolidated dimension-free AccountsReceivableNetCurrent iXBRL fact before benchmark extraction,false
gold-ee02-emn-0000915389-23-000015-revenue,EASTMAN CHEMICAL CO,EMN,ee02-emn-0000915389-23-000015,revenue,10580,million,USD,6,1,2022-12-31,2022-01-01,current_fy,statutory,"<ix:nonFraction unitRef=""usd"" contextRef=""id18389614c1c48398e2f9e84bf57ef89_D20220101-20221231"" decimals=""-6"" name=""us-gaap:Revenues"" format=""ixt:num-dot-decimal"" scale=""6"" id=""id3VybDovL2RvY3MudjEvZG9jOjFjYTVkZWJjNmQ1NzQzZmQ4NmZjNjI1M2RiM2M0M2ZiL3NlYzoxY2E1ZGViYzZkNTc0M2ZkODZmYzYyNTNkYjNjNDNmYl8xMjEvZnJhZzoyYjk1M2E1MTBiOGY0ZTlhOWY4MjA4MTc5ZTYwZWE2My90YWJsZTo1ZWI5YWYzM2UxZWQ0YTVkYjg1ZTQ2MDUzODYxNmQ2Ny90YWJsZXJhbmdlOjVlYjlhZjMzZTFlZDRhNWRiODVlNDYwNTM4NjE2ZDY3XzItMS0xLTEtMTEwNjAy_721a67be-783d-4d83-b16a-379bce770305"">10,580</ix:nonFraction>",iXBRL context id18389614c1c48398e2f9e84bf57ef89_D20220101-20221231,codex-independent-source-review,2026-08-15T17:30:00+00:00,Verified from consolidated dimension-free Revenues iXBRL fact before benchmark extraction,false
gold-ee02-emn-0000915389-24-000016-capex,EASTMAN CHEMICAL CO,EMN,ee02-emn-0000915389-24-000016,capex,828,million,USD,6,1,2023-12-31,2023-01-01,current_fy,statutory,"<ix:nonFraction unitRef=""usd"" contextRef=""c-1"" decimals=""-6"" name=""us-gaap:PaymentsToAcquirePropertyPlantAndEquipment"" scale=""6"" id=""f-255"">828</ix:nonFraction>",iXBRL context c-1,codex-independent-source-review,2026-08-15T17:30:00+00:00,Verified from consolidated dimension-free PaymentsToAcquirePropertyPlantAndEquipment iXBRL fact before benchmark extraction,false
gold-ee02-emn-0000915389-24-000016-inventory,EASTMAN CHEMICAL CO,EMN,ee02-emn-0000915389-24-000016,inventory,1683,million,USD,6,1,2023-12-31,,current_instant,statutory,"<ix:nonFraction unitRef=""usd"" contextRef=""c-2"" decimals=""-6"" name=""us-gaap:InventoryNet"" format=""ixt:num-dot-decimal"" scale=""6"" id=""f-146"">1,683</ix:nonFraction>",iXBRL context c-2,codex-independent-source-review,2026-08-15T17:30:00+00:00,Verified from consolidated dimension-free InventoryNet iXBRL fact before benchmark extraction,false
gold-ee02-emn-0000915389-24-000016-operating_cash_flow,EASTMAN CHEMICAL CO,EMN,ee02-emn-0000915389-24-000016,operating_cash_flow,1374,million,USD,6,1,2023-12-31,2023-01-01,current_fy,statutory,"<ix:nonFraction unitRef=""usd"" contextRef=""c-1"" decimals=""-6"" name=""us-gaap:NetCashProvidedByUsedInOperatingActivities"" format=""ixt:num-dot-decimal"" scale=""6"" id=""f-252"">1,374</ix:nonFraction>",iXBRL context c-1,codex-independent-source-review,2026-08-15T17:30:00+00:00,Verified from consolidated dimension-free NetCashProvidedByUsedInOperatingActivities iXBRL fact before benchmark extraction,false
gold-ee02-emn-0000915389-24-000016-receivables,EASTMAN CHEMICAL CO,EMN,ee02-emn-0000915389-24-000016,receivables,826,million,USD,6,1,2023-12-31,,current_instant,statutory,"<ix:nonFraction unitRef=""usd"" contextRef=""c-2"" decimals=""-6"" name=""us-gaap:AccountsReceivableNetCurrent"" scale=""6"" id=""f-142"">826</ix:nonFraction>",iXBRL context c-2,codex-independent-source-review,2026-08-15T17:30:00+00:00,Verified from consolidated dimension-free AccountsReceivableNetCurrent iXBRL fact before benchmark extraction,false
gold-ee02-emn-0000915389-24-000016-revenue,EASTMAN CHEMICAL CO,EMN,ee02-emn-0000915389-24-000016,revenue,9210,million,USD,6,1,2023-12-31,2023-01-01,current_fy,statutory,"<ix:nonFraction unitRef=""usd"" contextRef=""c-1"" decimals=""-6"" name=""us-gaap:Revenues"" format=""ixt:num-dot-decimal"" scale=""6"" id=""f-44"">9,210</ix:nonFraction>",iXBRL context c-1,codex-independent-source-review,2026-08-15T17:30:00+00:00,Verified from consolidated dimension-free Revenues iXBRL fact before benchmark extraction,false
gold-ee02-etn-0001551182-23-000004-capex,Eaton Corp plc,ETN,ee02-etn-0001551182-23-000004,capex,598,million,USD,6,1,2022-12-31,2022-01-01,current_fy,statutory,"<ix:nonFraction unitRef=""usd"" contextRef=""ic9f20cd834a64ae3a32c1371f5161e03_D20220101-20221231"" decimals=""-6"" name=""us-gaap:PaymentsToAcquirePropertyPlantAndEquipment"" scale=""6"" id=""id3VybDovL2RvY3MudjEvZG9jOjQ3ZmFjNWZjOTY1ZjRhOTViMGE1Y2NhNzk0M2ZkOWVlL3NlYzo0N2ZhYzVmYzk2NWY0YTk1YjBhNWNjYTc5NDNmZDllZV8xMTgvZnJhZzoyMmQ1ZGJlYWFjMDE0MmVhOTdhNjY3YWRmYTgxZTJkMC90YWJsZToxODQwMzY0ZGRhNjI0YWNkYjE5YzVkOWI1OTNlZDk0Mi90YWJsZXJhbmdlOjE4NDAzNjRkZGE2MjRhY2RiMTljNWQ5YjU5M2VkOTQyXzI0LTEtMS0xLTU2MDU0_20a6d293-d2d2-40e9-9816-690c7addad8b"">598</ix:nonFraction>",iXBRL context ic9f20cd834a64ae3a32c1371f5161e03_D20220101-20221231,codex-independent-source-review,2026-08-15T17:30:00+00:00,Verified from consolidated dimension-free PaymentsToAcquirePropertyPlantAndEquipment iXBRL fact before benchmark extraction,false
gold-ee02-etn-0001551182-23-000004-inventory,Eaton Corp plc,ETN,ee02-etn-0001551182-23-000004,inventory,3430,million,USD,6,1,2022-12-31,,current_instant,statutory,"<ix:nonFraction unitRef=""usd"" contextRef=""i04dc6380c3814ba7bed75ff8bb3938f1_I20221231"" decimals=""-6"" name=""us-gaap:InventoryNet"" format=""ixt:num-dot-decimal"" scale=""6"" id=""id3VybDovL2RvY3MudjEvZG9jOjQ3ZmFjNWZjOTY1ZjRhOTViMGE1Y2NhNzk0M2ZkOWVlL3NlYzo0N2ZhYzVmYzk2NWY0YTk1YjBhNWNjYTc5NDNmZDllZV8xMTUvZnJhZzplMjc3MDUwN2EyOGE0NTQ0YjNlNzdjNmM4ZjgzZmIwOC90YWJsZTo3Zjc3N2M2MTEzZDU0OTY4YjhlZTA3ZmQ0ODM0NjA1ZC90YWJsZXJhbmdlOjdmNzc3YzYxMTNkNTQ5NjhiOGVlMDdmZDQ4MzQ2MDVkXzctMS0xLTEtNTYwNTQ_0c55ba6f-29f8-417b-b2f6-2b4cd56cf3cb"">3,430</ix:nonFraction>",iXBRL context i04dc6380c3814ba7bed75ff8bb3938f1_I20221231,codex-independent-source-review,2026-08-15T17:30:00+00:00,Verified from consolidated dimension-free InventoryNet iXBRL fact before benchmark extraction,false
gold-ee02-etn-0001551182-23-000004-operating_cash_flow,Eaton Corp plc,ETN,ee02-etn-0001551182-23-000004,operating_cash_flow,2533,million,USD,6,1,2022-12-31,2022-01-01,current_fy,statutory,"<ix:nonFraction unitRef=""usd"" contextRef=""ic9f20cd834a64ae3a32c1371f5161e03_D20220101-20221231"" decimals=""-6"" name=""us-gaap:NetCashProvidedByUsedInOperatingActivities"" format=""ixt:num-dot-decimal"" scale=""6"" id=""id3VybDovL2RvY3MudjEvZG9jOjQ3ZmFjNWZjOTY1ZjRhOTViMGE1Y2NhNzk0M2ZkOWVlL3NlYzo0N2ZhYzVmYzk2NWY0YTk1YjBhNWNjYTc5NDNmZDllZV8xMTgvZnJhZzoyMmQ1ZGJlYWFjMDE0MmVhOTdhNjY3YWRmYTgxZTJkMC90YWJsZToxODQwMzY0ZGRhNjI0YWNkYjE5YzVkOWI1OTNlZDk0Mi90YWJsZXJhbmdlOjE4NDAzNjRkZGE2MjRhY2RiMTljNWQ5YjU5M2VkOTQyXzIxLTEtMS0xLTU2MDU0_055e0e97-985d-4a1b-848c-6515e737fec1"">2,533</ix:nonFraction>",iXBRL context ic9f20cd834a64ae3a32c1371f5161e03_D20220101-20221231,codex-independent-source-review,2026-08-15T17:30:00+00:00,Verified from consolidated dimension-free NetCashProvidedByUsedInOperatingActivities iXBRL fact before benchmark extraction,false
gold-ee02-etn-0001551182-23-000004-restructuring_charges,Eaton Corp plc,ETN,ee02-etn-0001551182-23-000004,restructuring_charges,33,million,USD,6,1,2022-12-31,2022-01-01,current_fy,statutory,"<ix:nonFraction unitRef=""usd"" contextRef=""ic9f20cd834a64ae3a32c1371f5161e03_D20220101-20221231"" decimals=""-6"" name=""us-gaap:RestructuringCharges"" scale=""6"" id=""id3VybDovL2RvY3MudjEvZG9jOjQ3ZmFjNWZjOTY1ZjRhOTViMGE1Y2NhNzk0M2ZkOWVlL3NlYzo0N2ZhYzVmYzk2NWY0YTk1YjBhNWNjYTc5NDNmZDllZV8xNzgvZnJhZzpmNDI1MDFhNDg4MDg0MDZmYTU4NWIyNTMyZWQwODI3ZC90YWJsZTowNjIyNTk5ZTQ0Zjg0NzQ5ODUyOGNiZTI2ZTcwNWY4Yy90YWJsZXJhbmdlOjA2MjI1OTllNDRmODQ3NDk4NTI4Y2JlMjZlNzA1ZjhjXzMtMS0xLTEtNTYwNTQ_d4b9e9b6-7aa8-475e-af65-686cb2f1ba1b"">33</ix:nonFraction>",iXBRL context ic9f20cd834a64ae3a32c1371f5161e03_D20220101-20221231,codex-independent-source-review,2026-08-15T17:30:00+00:00,Verified from consolidated dimension-free RestructuringCharges iXBRL fact before benchmark extraction,false
gold-ee02-etn-0001551182-23-000004-revenue,Eaton Corp plc,ETN,ee02-etn-0001551182-23-000004,revenue,20752,million,USD,6,1,2022-12-31,2022-01-01,current_fy,statutory,"<ix:nonFraction unitRef=""usd"" contextRef=""ic9f20cd834a64ae3a32c1371f5161e03_D20220101-20221231"" decimals=""-6"" name=""us-gaap:RevenueFromContractWithCustomerExcludingAssessedTax"" format=""ixt:num-dot-decimal"" scale=""6"" id=""id3VybDovL2RvY3MudjEvZG9jOjQ3ZmFjNWZjOTY1ZjRhOTViMGE1Y2NhNzk0M2ZkOWVlL3NlYzo0N2ZhYzVmYzk2NWY0YTk1YjBhNWNjYTc5NDNmZDllZV8xMDkvZnJhZzozYTUxNzk2ZGJhYjE0YzY2OGVkODVkMTgxZGNlODM4My90YWJsZTpjZTJiNDE3Y2UzNDc0MmU1YTFiNjk3MWNmNDVhMDkyZS90YWJsZXJhbmdlOmNlMmI0MTdjZTM0NzQyZTVhMWI2OTcxY2Y0NWEwOTJlXzItMS0xLTEtNTYwNTQ_7c7dd3f0-07b4-4297-b416-53e61c450413"">20,752</ix:nonFraction>",iXBRL context ic9f20cd834a64ae3a32c1371f5161e03_D20220101-20221231,codex-independent-source-review,2026-08-15T17:30:00+00:00,Verified from consolidated dimension-free RevenueFromContractWithCustomerExcludingAssessedTax iXBRL fact before benchmark extraction,false
gold-ee02-etn-0001551182-24-000006-capex,Eaton Corp plc,ETN,ee02-etn-0001551182-24-000006,capex,757,million,USD,6,1,2023-12-31,2023-01-01,current_fy,statutory,"<ix:nonFraction unitRef=""usd"" contextRef=""c-1"" decimals=""-6"" name=""us-gaap:PaymentsToAcquirePropertyPlantAndEquipment"" scale=""6"" id=""f-245"">757</ix:nonFraction>",iXBRL context c-1,codex-independent-source-review,2026-08-15T17:30:00+00:00,Verified from consolidated dimension-free PaymentsToAcquirePropertyPlantAndEquipment iXBRL fact before benchmark extraction,false
gold-ee02-etn-0001551182-24-000006-inventory,Eaton Corp plc,ETN,ee02-etn-0001551182-24-000006,inventory,3739,million,USD,6,1,2023-12-31,,current_instant,statutory,"<ix:nonFraction unitRef=""usd"" contextRef=""c-6"" decimals=""-6"" name=""us-gaap:InventoryNet"" format=""ixt:num-dot-decimal"" scale=""6"" id=""f-123"">3,739</ix:nonFraction>",iXBRL context c-6,codex-independent-source-review,2026-08-15T17:30:00+00:00,Verified from consolidated dimension-free InventoryNet iXBRL fact before benchmark extraction,false
gold-ee02-etn-0001551182-24-000006-operating_cash_flow,Eaton Corp plc,ETN,ee02-etn-0001551182-24-000006,operating_cash_flow,3624,million,USD,6,1,2023-12-31,2023-01-01,current_fy,statutory,"<ix:nonFraction unitRef=""usd"" contextRef=""c-1"" decimals=""-6"" name=""us-gaap:NetCashProvidedByUsedInOperatingActivities"" format=""ixt:num-dot-decimal"" scale=""6"" id=""f-242"">3,624</ix:nonFraction>",iXBRL context c-1,codex-independent-source-review,2026-08-15T17:30:00+00:00,Verified from consolidated dimension-free NetCashProvidedByUsedInOperatingActivities iXBRL fact before benchmark extraction,false
gold-ee02-etn-0001551182-24-000006-restructuring_charges,Eaton Corp plc,ETN,ee02-etn-0001551182-24-000006,restructuring_charges,57,million,USD,6,1,2023-12-31,2023-01-01,current_fy,statutory,"<ix:nonFraction unitRef=""usd"" contextRef=""c-1"" decimals=""-6"" name=""us-gaap:RestructuringCharges"" scale=""6"" id=""f-2262"">57</ix:nonFraction>",iXBRL context c-1,codex-independent-source-review,2026-08-15T17:30:00+00:00,Verified from consolidated dimension-free RestructuringCharges iXBRL fact before benchmark extraction,false
gold-ee02-etn-0001551182-24-000006-revenue,Eaton Corp plc,ETN,ee02-etn-0001551182-24-000006,revenue,23196,million,USD,6,1,2023-12-31,2023-01-01,current_fy,statutory,"<ix:nonFraction unitRef=""usd"" contextRef=""c-1"" decimals=""-6"" name=""us-gaap:RevenueFromContractWithCustomerExcludingAssessedTax"" format=""ixt:num-dot-decimal"" scale=""6"" id=""f-42"">23,196</ix:nonFraction>",iXBRL context c-1,codex-independent-source-review,2026-08-15T17:30:00+00:00,Verified from consolidated dimension-free RevenueFromContractWithCustomerExcludingAssessedTax iXBRL fact before benchmark extraction,false
gold-ee02-f-0000037996-23-000012-inventory,FORD MOTOR CO,F,ee02-f-0000037996-23-000012,inventory,14080,million,USD,6,1,2022-12-31,,current_instant,statutory,"<ix:nonFraction unitRef=""usd"" contextRef=""i7f4b7d8d989043b2a0da9c2727a5a453_I20221231"" decimals=""-6"" name=""us-gaap:InventoryNet"" format=""ixt:num-dot-decimal"" scale=""6"" id=""id3VybDovL2RvY3MudjEvZG9jOmU1MGFkYjZkODk5ZDRmNmViY2I1ZTczZjdiZDkxNWU3L3NlYzplNTBhZGI2ZDg5OWQ0ZjZlYmNiNWU3M2Y3YmQ5MTVlN18yODMvZnJhZzozM2E5ZDZmZWM4MTg0ZTAxYjYyYWZmNTZmN2IyYWI4MC90YWJsZTowMTZlYmE4ZDA2MWU0ZjYwOTRmOWZjNjU2ZTU0NmI2ZC90YWJsZXJhbmdlOjAxNmViYThkMDYxZTRmNjA5NGY5ZmM2NTZlNTQ2YjZkXzYtMy0xLTEtNzIxNDk_882a5fe1-3585-4772-aad5-b7e9058538cc"">14,080</ix:nonFraction>",iXBRL context i7f4b7d8d989043b2a0da9c2727a5a453_I20221231,codex-independent-source-review,2026-08-15T17:30:00+00:00,Verified from consolidated dimension-free InventoryNet iXBRL fact before benchmark extraction,false
gold-ee02-f-0000037996-23-000012-operating_cash_flow,FORD MOTOR CO,F,ee02-f-0000037996-23-000012,operating_cash_flow,6853,million,USD,6,1,2022-12-31,2022-01-01,current_fy,statutory,"<ix:nonFraction unitRef=""usd"" contextRef=""id5d9282c4298481b80715ab6fa2e69d3_D20220101-20221231"" decimals=""-6"" name=""us-gaap:NetCashProvidedByUsedInOperatingActivities"" format=""ixt:num-dot-decimal"" scale=""6"" id=""id3VybDovL2RvY3MudjEvZG9jOmU1MGFkYjZkODk5ZDRmNmViY2I1ZTczZjdiZDkxNWU3L3NlYzplNTBhZGI2ZDg5OWQ0ZjZlYmNiNWU3M2Y3YmQ5MTVlN18yNzQvZnJhZzplZjgxODllMWY5MjA0NTZmYTQyYjM4ZTc4NDA2OTgxMy90YWJsZToxNGQyNDg3MjE1YmM0YmY3YTliYzliYjk5ZGZhYTczZS90YWJsZXJhbmdlOjE0ZDI0ODcyMTViYzRiZjdhOWJjOWJiOTlkZmFhNzNlXzIyLTUtMS0xLTcyMTQ5_84ddd48e-a47f-47ee-8a3e-2de053ea6c7e"">6,853</ix:nonFraction>",iXBRL context id5d9282c4298481b80715ab6fa2e69d3_D20220101-20221231,codex-independent-source-review,2026-08-15T17:30:00+00:00,Verified from consolidated dimension-free NetCashProvidedByUsedInOperatingActivities iXBRL fact before benchmark extraction,false
gold-ee02-f-0000037996-23-000012-operating_profit,FORD MOTOR CO,F,ee02-f-0000037996-23-000012,operating_profit,6276,million,USD,6,1,2022-12-31,2022-01-01,current_fy,statutory,"<ix:nonFraction unitRef=""usd"" contextRef=""id5d9282c4298481b80715ab6fa2e69d3_D20220101-20221231"" decimals=""-6"" name=""us-gaap:OperatingIncomeLoss"" format=""ixt:num-dot-decimal"" scale=""6"" id=""id3VybDovL2RvY3MudjEvZG9jOmU1MGFkYjZkODk5ZDRmNmViY2I1ZTczZjdiZDkxNWU3L3NlYzplNTBhZGI2ZDg5OWQ0ZjZlYmNiNWU3M2Y3YmQ5MTVlN18yNzcvZnJhZzpiYmI5NjQxZWE0Y2M0NzY4OWRjN2FjNzkxYTk1MDczNi90YWJsZTo1ZmFjN2VlYThhYjc0Yzg1YjJhYTc1MzdlMzgwMjFjYS90YWJsZXJhbmdlOjVmYWM3ZWVhOGFiNzRjODViMmFhNzUzN2UzODAyMWNhXzEzLTUtMS0xLTcyMTQ5_e703a806-2320-4e94-9739-d3dd253ef268"">6,276</ix:nonFraction>",iXBRL context id5d9282c4298481b80715ab6fa2e69d3_D20220101-20221231,codex-independent-source-review,2026-08-15T17:30:00+00:00,Verified from consolidated dimension-free OperatingIncomeLoss iXBRL fact before benchmark extraction,false
gold-ee02-f-0000037996-23-000012-receivables,FORD MOTOR CO,F,ee02-f-0000037996-23-000012,receivables,15729,million,USD,6,1,2022-12-31,,current_instant,statutory,"<ix:nonFraction unitRef=""usd"" contextRef=""i7f4b7d8d989043b2a0da9c2727a5a453_I20221231"" decimals=""-6"" name=""us-gaap:AccountsReceivableNetCurrent"" format=""ixt:num-dot-decimal"" scale=""6"" id=""id3VybDovL2RvY3MudjEvZG9jOmU1MGFkYjZkODk5ZDRmNmViY2I1ZTczZjdiZDkxNWU3L3NlYzplNTBhZGI2ZDg5OWQ0ZjZlYmNiNWU3M2Y3YmQ5MTVlN18yODMvZnJhZzozM2E5ZDZmZWM4MTg0ZTAxYjYyYWZmNTZmN2IyYWI4MC90YWJsZTowMTZlYmE4ZDA2MWU0ZjYwOTRmOWZjNjU2ZTU0NmI2ZC90YWJsZXJhbmdlOjAxNmViYThkMDYxZTRmNjA5NGY5ZmM2NTZlNTQ2YjZkXzUtMy0xLTEtNzIxNDk_58924f66-c465-4f83-8545-7bade486aa5f"">15,729</ix:nonFraction>",iXBRL context i7f4b7d8d989043b2a0da9c2727a5a453_I20221231,codex-independent-source-review,2026-08-15T17:30:00+00:00,Verified from consolidated dimension-free AccountsReceivableNetCurrent iXBRL fact before benchmark extraction,false
gold-ee02-f-0000037996-23-000012-restructuring_charges,FORD MOTOR CO,F,ee02-f-0000037996-23-000012,restructuring_charges,-82,million,USD,6,-1,2022-12-31,2022-01-01,current_fy,statutory,"<ix:nonFraction unitRef=""usd"" contextRef=""id5d9282c4298481b80715ab6fa2e69d3_D20220101-20221231"" decimals=""-6"" sign=""-"" name=""us-gaap:RestructuringCharges"" scale=""6"" id=""id3VybDovL2RvY3MudjEvZG9jOmU1MGFkYjZkODk5ZDRmNmViY2I1ZTczZjdiZDkxNWU3L3NlYzplNTBhZGI2ZDg5OWQ0ZjZlYmNiNWU3M2Y3YmQ5MTVlN18yNzQvZnJhZzplZjgxODllMWY5MjA0NTZmYTQyYjM4ZTc4NDA2OTgxMy90YWJsZToxNGQyNDg3MjE1YmM0YmY3YTliYzliYjk5ZGZhYTczZS90YWJsZXJhbmdlOjE0ZDI0ODcyMTViYzRiZjdhOWJjOWJiOTlkZmFhNzNlXzctNS0xLTEtNzIxNDk_7619b1fe-3163-420a-bd96-e1482e8e1750"">82</ix:nonFraction>",iXBRL context id5d9282c4298481b80715ab6fa2e69d3_D20220101-20221231,codex-independent-source-review,2026-08-15T17:30:00+00:00,Verified from consolidated dimension-free RestructuringCharges iXBRL fact before benchmark extraction,false
gold-ee02-f-0000037996-23-000012-revenue,FORD MOTOR CO,F,ee02-f-0000037996-23-000012,revenue,158057,million,USD,6,1,2022-12-31,2022-01-01,current_fy,statutory,"<ix:nonFraction unitRef=""usd"" contextRef=""id5d9282c4298481b80715ab6fa2e69d3_D20220101-20221231"" decimals=""-6"" name=""us-gaap:RevenueFromContractWithCustomerExcludingAssessedTax"" format=""ixt:num-dot-decimal"" scale=""6"" id=""id3VybDovL2RvY3MudjEvZG9jOmU1MGFkYjZkODk5ZDRmNmViY2I1ZTczZjdiZDkxNWU3L3NlYzplNTBhZGI2ZDg5OWQ0ZjZlYmNiNWU3M2Y3YmQ5MTVlN18yNzcvZnJhZzpiYmI5NjQxZWE0Y2M0NzY4OWRjN2FjNzkxYTk1MDczNi90YWJsZTo1ZmFjN2VlYThhYjc0Yzg1YjJhYTc1MzdlMzgwMjFjYS90YWJsZXJhbmdlOjVmYWM3ZWVhOGFiNzRjODViMmFhNzUzN2UzODAyMWNhXzYtNS0xLTEtNzIxNDk_908ea710-4067-453f-8573-5f2c6e706709"">158,057</ix:nonFraction>",iXBRL context id5d9282c4298481b80715ab6fa2e69d3_D20220101-20221231,codex-independent-source-review,2026-08-15T17:30:00+00:00,Verified from consolidated dimension-free RevenueFromContractWithCustomerExcludingAssessedTax iXBRL fact before benchmark extraction,false
gold-ee02-f-0000037996-24-000009-inventory,FORD MOTOR CO,F,ee02-f-0000037996-24-000009,inventory,15651,million,USD,6,1,2023-12-31,,current_instant,statutory,"<ix:nonFraction unitRef=""usd"" contextRef=""c-15"" decimals=""-6"" name=""us-gaap:InventoryNet"" format=""ixt:num-dot-decimal"" scale=""6"" id=""f-276"">15,651</ix:nonFraction>",iXBRL context c-15,codex-independent-source-review,2026-08-15T17:30:00+00:00,Verified from consolidated dimension-free InventoryNet iXBRL fact before benchmark extraction,false
gold-ee02-f-0000037996-24-000009-operating_cash_flow,FORD MOTOR CO,F,ee02-f-0000037996-24-000009,operating_cash_flow,14918,million,USD,6,1,2023-12-31,2023-01-01,current_fy,statutory,"<ix:nonFraction unitRef=""usd"" contextRef=""c-1"" decimals=""-6"" name=""us-gaap:NetCashProvidedByUsedInOperatingActivities"" format=""ixt:num-dot-decimal"" scale=""6"" id=""f-109"">14,918</ix:nonFraction>",iXBRL context c-1,codex-independent-source-review,2026-08-15T17:30:00+00:00,Verified from consolidated dimension-free NetCashProvidedByUsedInOperatingActivities iXBRL fact before benchmark extraction,false
gold-ee02-f-0000037996-24-000009-operating_profit,FORD MOTOR CO,F,ee02-f-0000037996-24-000009,operating_profit,5458,million,USD,6,1,2023-12-31,2023-01-01,current_fy,statutory,"<ix:nonFraction unitRef=""usd"" contextRef=""c-1"" decimals=""-6"" name=""us-gaap:OperatingIncomeLoss"" format=""ixt:num-dot-decimal"" scale=""6"" id=""f-199"">5,458</ix:nonFraction>",iXBRL context c-1,codex-independent-source-review,2026-08-15T17:30:00+00:00,Verified from consolidated dimension-free OperatingIncomeLoss iXBRL fact before benchmark extraction,false
gold-ee02-f-0000037996-24-000009-receivables,FORD MOTOR CO,F,ee02-f-0000037996-24-000009,receivables,15601,million,USD,6,1,2023-12-31,,current_instant,statutory,"<ix:nonFraction unitRef=""usd"" contextRef=""c-15"" decimals=""-6"" name=""us-gaap:AccountsReceivableNetCurrent"" format=""ixt:num-dot-decimal"" scale=""6"" id=""f-274"">15,601</ix:nonFraction>",iXBRL context c-15,codex-independent-source-review,2026-08-15T17:30:00+00:00,Verified from consolidated dimension-free AccountsReceivableNetCurrent iXBRL fact before benchmark extraction,false
gold-ee02-f-0000037996-24-000009-restructuring_charges,FORD MOTOR CO,F,ee02-f-0000037996-24-000009,restructuring_charges,67,million,USD,6,1,2023-12-31,2023-01-01,current_fy,statutory,"<ix:nonFraction unitRef=""usd"" contextRef=""c-1"" decimals=""-6"" name=""us-gaap:RestructuringCharges"" format=""ixt:num-dot-decimal"" scale=""6"" id=""f-3087"">67</ix:nonFraction>",iXBRL context c-1,codex-independent-source-review,2026-08-15T17:30:00+00:00,Verified from consolidated dimension-free RestructuringCharges iXBRL fact before benchmark extraction,false
gold-ee02-f-0000037996-24-000009-revenue,FORD MOTOR CO,F,ee02-f-0000037996-24-000009,revenue,176191,million,USD,6,1,2023-12-31,2023-01-01,current_fy,statutory,"<ix:nonFraction unitRef=""usd"" contextRef=""c-1"" decimals=""-6"" name=""us-gaap:RevenueFromContractWithCustomerExcludingAssessedTax"" format=""ixt:num-dot-decimal"" scale=""6"" id=""f-184"">176,191</ix:nonFraction>",iXBRL context c-1,codex-independent-source-review,2026-08-15T17:30:00+00:00,Verified from consolidated dimension-free RevenueFromContractWithCustomerExcludingAssessedTax iXBRL fact before benchmark extraction,false
gold-ee02-f-0000037996-24-000185-inventory,FORD MOTOR CO,F,ee02-f-0000037996-24-000185,inventory,18025,million,USD,6,1,2024-09-30,,current_instant,statutory,"<ix:nonFraction unitRef=""usd"" contextRef=""c-19"" decimals=""-6"" name=""us-gaap:InventoryNet"" format=""ixt:num-dot-decimal"" scale=""6"" id=""f-169"">18,025</ix:nonFraction>",iXBRL context c-19,codex-independent-source-review,2026-08-15T17:30:00+00:00,Verified from consolidated dimension-free InventoryNet iXBRL fact before benchmark extraction,false
gold-ee02-f-0000037996-24-000185-operating_cash_flow,FORD MOTOR CO,F,ee02-f-0000037996-24-000185,operating_cash_flow,12395,million,USD,6,1,2024-09-30,2024-01-01,current_ytd,statutory,"<ix:nonFraction unitRef=""usd"" contextRef=""c-1"" decimals=""-6"" name=""us-gaap:NetCashProvidedByUsedInOperatingActivities"" format=""ixt:num-dot-decimal"" scale=""6"" id=""f-279"">12,395</ix:nonFraction>",iXBRL context c-1,codex-independent-source-review,2026-08-15T17:30:00+00:00,Verified from consolidated dimension-free NetCashProvidedByUsedInOperatingActivities iXBRL fact before benchmark extraction,false
gold-ee02-f-0000037996-24-000185-operating_profit,FORD MOTOR CO,F,ee02-f-0000037996-24-000185,operating_profit,3988,million,USD,6,1,2024-09-30,2024-01-01,current_ytd,statutory,"<ix:nonFraction unitRef=""usd"" contextRef=""c-1"" decimals=""-6"" name=""us-gaap:OperatingIncomeLoss"" format=""ixt:num-dot-decimal"" scale=""6"" id=""f-71"">3,988</ix:nonFraction>",iXBRL context c-1,codex-independent-source-review,2026-08-15T17:30:00+00:00,Verified from consolidated dimension-free OperatingIncomeLoss iXBRL fact before benchmark extraction,false
gold-ee02-f-0000037996-24-000185-receivables,FORD MOTOR CO,F,ee02-f-0000037996-24-000185,receivables,16469,million,USD,6,1,2024-09-30,,current_instant,statutory,"<ix:nonFraction unitRef=""usd"" contextRef=""c-19"" decimals=""-6"" name=""us-gaap:AccountsReceivableNetCurrent"" format=""ixt:num-dot-decimal"" scale=""6"" id=""f-167"">16,469</ix:nonFraction>",iXBRL context c-19,codex-independent-source-review,2026-08-15T17:30:00+00:00,Verified from consolidated dimension-free AccountsReceivableNetCurrent iXBRL fact before benchmark extraction,false
gold-ee02-f-0000037996-24-000185-revenue,FORD MOTOR CO,F,ee02-f-0000037996-24-000185,revenue,136781,million,USD,6,1,2024-09-30,2024-01-01,current_ytd,statutory,"<ix:nonFraction unitRef=""usd"" contextRef=""c-1"" decimals=""-6"" name=""us-gaap:RevenueFromContractWithCustomerExcludingAssessedTax"" format=""ixt:num-dot-decimal"" scale=""6"" id=""f-51"">136,781</ix:nonFraction>",iXBRL context c-1,codex-independent-source-review,2026-08-15T17:30:00+00:00,Verified from consolidated dimension-free RevenueFromContractWithCustomerExcludingAssessedTax iXBRL fact before benchmark extraction,false
gold-ee02-fdx-0000950170-23-033201-impairment_charges,FEDEX CORP,FDX,ee02-fdx-0000950170-23-033201,impairment_charges,117,million,USD,6,1,2023-05-31,2022-06-01,current_fy,statutory,"<ix:nonFraction id=""F_7821079e-ccb5-408f-be7c-4ff8ad8a86c4"" contextRef=""C_2a1bdaa8-2416-458d-bc2d-d3b4af0a6ba0"" name=""us-gaap:AssetImpairmentCharges"" unitRef=""U_USD"" scale=""6"" decimals=""-6"" format=""ixt:numdotdecimal"">117</ix:nonFraction>",iXBRL context C_2a1bdaa8-2416-458d-bc2d-d3b4af0a6ba0,codex-independent-source-review,2026-08-15T17:30:00+00:00,Verified from consolidated dimension-free AssetImpairmentCharges iXBRL fact before benchmark extraction,false
gold-ee02-fdx-0000950170-23-033201-operating_cash_flow,FEDEX CORP,FDX,ee02-fdx-0000950170-23-033201,operating_cash_flow,8848,million,USD,6,1,2023-05-31,2022-06-01,current_fy,statutory,"<ix:nonFraction id=""F_daac5775-7f94-472a-9da3-ef1cf1734a32"" contextRef=""C_2a1bdaa8-2416-458d-bc2d-d3b4af0a6ba0"" name=""us-gaap:NetCashProvidedByUsedInOperatingActivities"" unitRef=""U_USD"" scale=""6"" decimals=""-6"" format=""ixt:numdotdecimal"">8,848</ix:nonFraction>",iXBRL context C_2a1bdaa8-2416-458d-bc2d-d3b4af0a6ba0,codex-independent-source-review,2026-08-15T17:30:00+00:00,Verified from consolidated dimension-free NetCashProvidedByUsedInOperatingActivities iXBRL fact before benchmark extraction,false
gold-ee02-fdx-0000950170-23-033201-operating_profit,FEDEX CORP,FDX,ee02-fdx-0000950170-23-033201,operating_profit,4912,million,USD,6,1,2023-05-31,2022-06-01,current_fy,statutory,"<ix:nonFraction id=""F_fb09d1cc-560e-4d33-a54f-3b1a1ec23fc0"" contextRef=""C_2a1bdaa8-2416-458d-bc2d-d3b4af0a6ba0"" name=""us-gaap:OperatingIncomeLoss"" unitRef=""U_USD"" scale=""6"" decimals=""-6"" format=""ixt:numdotdecimal"">4,912</ix:nonFraction>",iXBRL context C_2a1bdaa8-2416-458d-bc2d-d3b4af0a6ba0,codex-independent-source-review,2026-08-15T17:30:00+00:00,Verified from consolidated dimension-free OperatingIncomeLoss iXBRL fact before benchmark extraction,false
gold-ee02-fdx-0000950170-23-033201-revenue,FEDEX CORP,FDX,ee02-fdx-0000950170-23-033201,revenue,90155,million,USD,6,1,2023-05-31,2022-06-01,current_fy,statutory,"<ix:nonFraction id=""F_93666170-591b-4d28-a72c-499700166e67"" contextRef=""C_2a1bdaa8-2416-458d-bc2d-d3b4af0a6ba0"" name=""us-gaap:RevenueFromContractWithCustomerExcludingAssessedTax"" unitRef=""U_USD"" scale=""6"" decimals=""-6"" format=""ixt:numdotdecimal"">90,155</ix:nonFraction>",iXBRL context C_2a1bdaa8-2416-458d-bc2d-d3b4af0a6ba0,codex-independent-source-review,2026-08-15T17:30:00+00:00,Verified from consolidated dimension-free RevenueFromContractWithCustomerExcludingAssessedTax iXBRL fact before benchmark extraction,false
gold-ee02-fdx-0000950170-24-083577-impairment_charges,FEDEX CORP,FDX,ee02-fdx-0000950170-24-083577,impairment_charges,157,million,USD,6,1,2024-05-31,2023-06-01,current_fy,statutory,"<ix:nonFraction id=""F_303875f4-eee9-4b83-bca5-946d9d131053"" contextRef=""C_749b88de-119c-422a-8b0a-ad5381517767"" name=""us-gaap:AssetImpairmentCharges"" unitRef=""U_USD"" scale=""6"" decimals=""-6"" format=""ixt:num-dot-decimal"">157</ix:nonFraction>",iXBRL context C_749b88de-119c-422a-8b0a-ad5381517767,codex-independent-source-review,2026-08-15T17:30:00+00:00,Verified from consolidated dimension-free AssetImpairmentCharges iXBRL fact before benchmark extraction,false
gold-ee02-fdx-0000950170-24-083577-operating_cash_flow,FEDEX CORP,FDX,ee02-fdx-0000950170-24-083577,operating_cash_flow,8312,million,USD,6,1,2024-05-31,2023-06-01,current_fy,statutory,"<ix:nonFraction id=""F_61a47eba-a097-4254-b66f-399b477278c6"" contextRef=""C_749b88de-119c-422a-8b0a-ad5381517767"" name=""us-gaap:NetCashProvidedByUsedInOperatingActivities"" unitRef=""U_USD"" scale=""6"" decimals=""-6"" format=""ixt:num-dot-decimal"">8,312</ix:nonFraction>",iXBRL context C_749b88de-119c-422a-8b0a-ad5381517767,codex-independent-source-review,2026-08-15T17:30:00+00:00,Verified from consolidated dimension-free NetCashProvidedByUsedInOperatingActivities iXBRL fact before benchmark extraction,false
gold-ee02-fdx-0000950170-24-083577-operating_profit,FEDEX CORP,FDX,ee02-fdx-0000950170-24-083577,operating_profit,5559,million,USD,6,1,2024-05-31,2023-06-01,current_fy,statutory,"<ix:nonFraction id=""F_d3c04902-d435-437b-9886-be4d05129dbf"" contextRef=""C_749b88de-119c-422a-8b0a-ad5381517767"" name=""us-gaap:OperatingIncomeLoss"" unitRef=""U_USD"" scale=""6"" decimals=""-6"" format=""ixt:num-dot-decimal"">5,559</ix:nonFraction>",iXBRL context C_749b88de-119c-422a-8b0a-ad5381517767,codex-independent-source-review,2026-08-15T17:30:00+00:00,Verified from consolidated dimension-free OperatingIncomeLoss iXBRL fact before benchmark extraction,false
gold-ee02-fdx-0000950170-24-083577-revenue,FEDEX CORP,FDX,ee02-fdx-0000950170-24-083577,revenue,87693,million,USD,6,1,2024-05-31,2023-06-01,current_fy,statutory,"<ix:nonFraction id=""F_3bb640d5-74b9-4941-ab00-f7652a7458bf"" contextRef=""C_749b88de-119c-422a-8b0a-ad5381517767"" name=""us-gaap:RevenueFromContractWithCustomerExcludingAssessedTax"" unitRef=""U_USD"" scale=""6"" decimals=""-6"" format=""ixt:num-dot-decimal"">87,693</ix:nonFraction>",iXBRL context C_749b88de-119c-422a-8b0a-ad5381517767,codex-independent-source-review,2026-08-15T17:30:00+00:00,Verified from consolidated dimension-free RevenueFromContractWithCustomerExcludingAssessedTax iXBRL fact before benchmark extraction,false
gold-ee02-fdx-0000950170-24-138460-operating_cash_flow,FEDEX CORP,FDX,ee02-fdx-0000950170-24-138460,operating_cash_flow,2505,million,USD,6,1,2024-11-30,2024-06-01,current_ytd,statutory,"<ix:nonFraction id=""F_6efad735-b1b8-465a-a7f5-bd941566ec2f"" contextRef=""C_eec5d034-e206-4fb8-a36e-f961dbfdd273"" name=""us-gaap:NetCashProvidedByUsedInOperatingActivities"" unitRef=""U_USD"" scale=""6"" decimals=""-6"" format=""ixt:num-dot-decimal"">2,505</ix:nonFraction>",iXBRL context C_eec5d034-e206-4fb8-a36e-f961dbfdd273,codex-independent-source-review,2026-08-15T17:30:00+00:00,Verified from consolidated dimension-free NetCashProvidedByUsedInOperatingActivities iXBRL fact before benchmark extraction,false
gold-ee02-fdx-0000950170-24-138460-operating_profit,FEDEX CORP,FDX,ee02-fdx-0000950170-24-138460,operating_profit,2132,million,USD,6,1,2024-11-30,2024-06-01,current_ytd,statutory,"<ix:nonFraction id=""F_da591b25-a958-4b87-9246-fb63e962f724"" contextRef=""C_eec5d034-e206-4fb8-a36e-f961dbfdd273"" name=""us-gaap:OperatingIncomeLoss"" unitRef=""U_USD"" scale=""6"" decimals=""-6"" format=""ixt:num-dot-decimal"">2,132</ix:nonFraction>",iXBRL context C_eec5d034-e206-4fb8-a36e-f961dbfdd273,codex-independent-source-review,2026-08-15T17:30:00+00:00,Verified from consolidated dimension-free OperatingIncomeLoss iXBRL fact before benchmark extraction,false
gold-ee02-fdx-0000950170-24-138460-revenue,FEDEX CORP,FDX,ee02-fdx-0000950170-24-138460,revenue,43546,million,USD,6,1,2024-11-30,2024-06-01,current_ytd,statutory,"<ix:nonFraction id=""F_97ef1f0c-a6cf-48f1-b5c3-01952a5b39a8"" contextRef=""C_eec5d034-e206-4fb8-a36e-f961dbfdd273"" name=""us-gaap:RevenueFromContractWithCustomerExcludingAssessedTax"" unitRef=""U_USD"" scale=""6"" decimals=""-6"" format=""ixt:num-dot-decimal"">43,546</ix:nonFraction>",iXBRL context C_eec5d034-e206-4fb8-a36e-f961dbfdd273,codex-independent-source-review,2026-08-15T17:30:00+00:00,Verified from consolidated dimension-free RevenueFromContractWithCustomerExcludingAssessedTax iXBRL fact before benchmark extraction,false
gold-ee02-ge-0000040545-23-000023-capex,GENERAL ELECTRIC CO,GE,ee02-ge-0000040545-23-000023,capex,1371,million,USD,6,1,2022-12-31,2022-01-01,current_fy,statutory,"<ix:nonFraction unitRef=""usd"" contextRef=""if0cc44b875a84cd3909cdd03262feb78_D20220101-20221231"" decimals=""-6"" name=""us-gaap:PaymentsToAcquirePropertyPlantAndEquipment"" format=""ixt:num-dot-decimal"" scale=""6"" id=""id3VybDovL2RvY3MudjEvZG9jOjc0MzkxZjNmOTQxODRkOTBhNmRiNWZiYjBhY2NkYjgxL3NlYzo3NDM5MWYzZjk0MTg0ZDkwYTZkYjVmYmIwYWNjZGI4MV84NS9mcmFnOmQ2YTJjZjlkY2MxZDQ5NjRiZTA3ZDBmZWJiMjg0MTQ4L3RhYmxlOjA2MGNjOTZhOWYxMDQ0NDJhMzhhZmY5YmJlZDY2Nzg1L3RhYmxlcmFuZ2U6MDYwY2M5NmE5ZjEwNDQ0MmEzOGFmZjliYmVkNjY3ODVfMzMtMS0xLTEtNzYwMTUw_33b3f1dc-6d00-4567-93b4-072ac3a7b3a1"">1,371</ix:nonFraction>",iXBRL context if0cc44b875a84cd3909cdd03262feb78_D20220101-20221231,codex-independent-source-review,2026-08-15T17:30:00+00:00,Verified from consolidated dimension-free PaymentsToAcquirePropertyPlantAndEquipment iXBRL fact before benchmark extraction,false
gold-ee02-ge-0000040545-23-000023-inventory,GENERAL ELECTRIC CO,GE,ee02-ge-0000040545-23-000023,inventory,17403,million,USD,6,1,2022-12-31,,current_instant,statutory,"<ix:nonFraction unitRef=""usd"" contextRef=""i8d29162e90f143108ad0132d7f587666_I20221231"" decimals=""-6"" name=""us-gaap:InventoryNet"" format=""ixt:num-dot-decimal"" scale=""6"" id=""id3VybDovL2RvY3MudjEvZG9jOjc0MzkxZjNmOTQxODRkOTBhNmRiNWZiYjBhY2NkYjgxL3NlYzo3NDM5MWYzZjk0MTg0ZDkwYTZkYjVmYmIwYWNjZGI4MV83OS9mcmFnOjA5YzkwZGY3ZmUxNTRlOWVhNTZmNzZhY2QyMTlmZGFhL3RhYmxlOjBmZTYxYTUzZDhlYzQ2NzRhYmQ3YzljZmFkMTVkMjFkL3RhYmxlcmFuZ2U6MGZlNjFhNTNkOGVjNDY3NGFiZDdjOWNmYWQxNWQyMWRfOC0xLTEtMS03NjAxNTA_fff22b5c-38c3-4a27-8a3b-3e42ba9e4e7d"">17,403</ix:nonFraction>",iXBRL context i8d29162e90f143108ad0132d7f587666_I20221231,codex-independent-source-review,2026-08-15T17:30:00+00:00,Verified from consolidated dimension-free InventoryNet iXBRL fact before benchmark extraction,false
gold-ee02-ge-0000040545-23-000023-operating_cash_flow,GENERAL ELECTRIC CO,GE,ee02-ge-0000040545-23-000023,operating_cash_flow,5916,million,USD,6,1,2022-12-31,2022-01-01,current_fy,statutory,"<ix:nonFraction unitRef=""usd"" contextRef=""if0cc44b875a84cd3909cdd03262feb78_D20220101-20221231"" decimals=""-6"" name=""us-gaap:NetCashProvidedByUsedInOperatingActivities"" format=""ixt:num-dot-decimal"" scale=""6"" id=""id3VybDovL2RvY3MudjEvZG9jOjc0MzkxZjNmOTQxODRkOTBhNmRiNWZiYjBhY2NkYjgxL3NlYzo3NDM5MWYzZjk0MTg0ZDkwYTZkYjVmYmIwYWNjZGI4MV84NS9mcmFnOmQ2YTJjZjlkY2MxZDQ5NjRiZTA3ZDBmZWJiMjg0MTQ4L3RhYmxlOjA2MGNjOTZhOWYxMDQ0NDJhMzhhZmY5YmJlZDY2Nzg1L3RhYmxlcmFuZ2U6MDYwY2M5NmE5ZjEwNDQ0MmEzOGFmZjliYmVkNjY3ODVfMzEtMS0xLTEtNzYwMTUw_f2573fd6-c2b7-4915-a4be-0c9e99b3539d"">5,916</ix:nonFraction>",iXBRL context if0cc44b875a84cd3909cdd03262feb78_D20220101-20221231,codex-independent-source-review,2026-08-15T17:30:00+00:00,Verified from consolidated dimension-free NetCashProvidedByUsedInOperatingActivities iXBRL fact before benchmark extraction,false
gold-ee02-ge-0000040545-23-000023-restructuring_charges,GENERAL ELECTRIC CO,GE,ee02-ge-0000040545-23-000023,restructuring_charges,578,million,USD,6,1,2022-12-31,2022-01-01,current_fy,statutory,"<ix:nonFraction unitRef=""usd"" contextRef=""if0cc44b875a84cd3909cdd03262feb78_D20220101-20221231"" decimals=""-6"" name=""us-gaap:RestructuringCharges"" scale=""6"" id=""id3VybDovL2RvY3MudjEvZG9jOjc0MzkxZjNmOTQxODRkOTBhNmRiNWZiYjBhY2NkYjgxL3NlYzo3NDM5MWYzZjk0MTg0ZDkwYTZkYjVmYmIwYWNjZGI4MV8yMzQ2L2ZyYWc6YmM0Zjg0YTZkMDliNDM3ZmFkMjAzMDdiYWZiNWJjZGIvdGFibGU6YWU3YTUwYjJhNDI1NGVkZDgyZTVjZWE2OTY1OTdiMjQvdGFibGVyYW5nZTphZTdhNTBiMmE0MjU0ZWRkODJlNWNlYTY5NjU5N2IyNF8zLTQtMS0xLTg0MTM3MQ_c66dda42-5316-456c-85d3-0d3fe1a9e51e"">578</ix:nonFraction>",iXBRL context if0cc44b875a84cd3909cdd03262feb78_D20220101-20221231,codex-independent-source-review,2026-08-15T17:30:00+00:00,Verified from consolidated dimension-free RestructuringCharges iXBRL fact before benchmark extraction,false
gold-ee02-ge-0000040545-23-000023-revenue,GENERAL ELECTRIC CO,GE,ee02-ge-0000040545-23-000023,revenue,76555,million,USD,6,1,2022-12-31,2022-01-01,current_fy,statutory,"<ix:nonFraction unitRef=""usd"" contextRef=""if0cc44b875a84cd3909cdd03262feb78_D20220101-20221231"" decimals=""-6"" name=""us-gaap:Revenues"" format=""ixt:num-dot-decimal"" scale=""6"" id=""id3VybDovL2RvY3MudjEvZG9jOjc0MzkxZjNmOTQxODRkOTBhNmRiNWZiYjBhY2NkYjgxL3NlYzo3NDM5MWYzZjk0MTg0ZDkwYTZkYjVmYmIwYWNjZGI4MV83Ni9mcmFnOjVhMzZiODQzYWRmMDQyY2VhZTE5MmFlZjI5MWQyNGM3L3RhYmxlOjk0YjkzYzA3M2IxOTRkMzU4MDVkYzBkZWRhNWEzYmZhL3RhYmxlcmFuZ2U6OTRiOTNjMDczYjE5NGQzNTgwNWRjMGRlZGE1YTNiZmFfOC0xLTEtMS03NjAxNTA_e41603fc-adf5-4580-8511-0334c869878d"">76,555</ix:nonFraction>",iXBRL context if0cc44b875a84cd3909cdd03262feb78_D20220101-20221231,codex-independent-source-review,2026-08-15T17:30:00+00:00,Verified from consolidated dimension-free Revenues iXBRL fact before benchmark extraction,false
gold-ee02-ge-0000040545-24-000027-inventory,GENERAL ELECTRIC CO,GE,ee02-ge-0000040545-24-000027,inventory,16528,million,USD,6,1,2023-12-31,,current_instant,statutory,"<ix:nonFraction unitRef=""usd"" contextRef=""c-18"" decimals=""-6"" name=""us-gaap:InventoryNet"" format=""ixt:num-dot-decimal"" scale=""6"" id=""f-164"">16,528</ix:nonFraction>",iXBRL context c-18,codex-independent-source-review,2026-08-15T17:30:00+00:00,Verified from consolidated dimension-free InventoryNet iXBRL fact before benchmark extraction,false
gold-ee02-ge-0000040545-24-000027-operating_cash_flow,GENERAL ELECTRIC CO,GE,ee02-ge-0000040545-24-000027,operating_cash_flow,5179,million,USD,6,1,2023-12-31,2023-01-01,current_fy,statutory,"<ix:nonFraction unitRef=""usd"" contextRef=""c-1"" decimals=""-6"" name=""us-gaap:NetCashProvidedByUsedInOperatingActivities"" format=""ixt:num-dot-decimal"" scale=""6"" id=""f-301"">5,179</ix:nonFraction>",iXBRL context c-1,codex-independent-source-review,2026-08-15T17:30:00+00:00,Verified from consolidated dimension-free NetCashProvidedByUsedInOperatingActivities iXBRL fact before benchmark extraction,false
gold-ee02-ge-0000040545-24-000027-restructuring_charges,GENERAL ELECTRIC CO,GE,ee02-ge-0000040545-24-000027,restructuring_charges,403,million,USD,6,1,2023-12-31,2023-01-01,current_fy,statutory,"<ix:nonFraction unitRef=""usd"" contextRef=""c-1"" decimals=""-6"" name=""us-gaap:RestructuringCharges"" scale=""6"" id=""f-2917"">403</ix:nonFraction>",iXBRL context c-1,codex-independent-source-review,2026-08-15T17:30:00+00:00,Verified from consolidated dimension-free RestructuringCharges iXBRL fact before benchmark extraction,false
gold-ee02-ge-0000040545-24-000027-revenue,GENERAL ELECTRIC CO,GE,ee02-ge-0000040545-24-000027,revenue,67954,million,USD,6,1,2023-12-31,2023-01-01,current_fy,statutory,"<ix:nonFraction unitRef=""usd"" contextRef=""c-1"" decimals=""-6"" name=""us-gaap:Revenues"" format=""ixt:num-dot-decimal"" scale=""6"" id=""f-62"">67,954</ix:nonFraction>",iXBRL context c-1,codex-independent-source-review,2026-08-15T17:30:00+00:00,Verified from consolidated dimension-free Revenues iXBRL fact before benchmark extraction,false
gold-ee02-ge-0000040545-24-000200-inventory,GENERAL ELECTRIC CO,GE,ee02-ge-0000040545-24-000200,inventory,9718,million,USD,6,1,2024-09-30,,current_instant,statutory,"<ix:nonFraction unitRef=""usd"" contextRef=""c-8"" decimals=""-6"" name=""us-gaap:InventoryNet"" format=""ixt:num-dot-decimal"" scale=""6"" id=""f-186"">9,718</ix:nonFraction>",iXBRL context c-8,codex-independent-source-review,2026-08-15T17:30:00+00:00,Verified from consolidated dimension-free InventoryNet iXBRL fact before benchmark extraction,false
gold-ee02-ge-0000040545-24-000200-operating_cash_flow,GENERAL ELECTRIC CO,GE,ee02-ge-0000040545-24-000200,operating_cash_flow,3413,million,USD,6,1,2024-09-30,2024-01-01,current_ytd,statutory,"<ix:nonFraction unitRef=""usd"" contextRef=""c-1"" decimals=""-6"" name=""us-gaap:NetCashProvidedByUsedInOperatingActivities"" format=""ixt:num-dot-decimal"" scale=""6"" id=""f-306"">3,413</ix:nonFraction>",iXBRL context c-1,codex-independent-source-review,2026-08-15T17:30:00+00:00,Verified from consolidated dimension-free NetCashProvidedByUsedInOperatingActivities iXBRL fact before benchmark extraction,false
gold-ee02-ge-0000040545-24-000200-restructuring_charges,GENERAL ELECTRIC CO,GE,ee02-ge-0000040545-24-000200,restructuring_charges,408,million,USD,6,1,2024-09-30,2024-01-01,current_ytd,statutory,"<ix:nonFraction unitRef=""usd"" contextRef=""c-1"" decimals=""-6"" name=""us-gaap:RestructuringAndRelatedCostIncurredCost"" scale=""6"" id=""f-70"">408</ix:nonFraction>",iXBRL context c-1,codex-independent-source-review,2026-08-15T17:30:00+00:00,Verified from consolidated dimension-free RestructuringAndRelatedCostIncurredCost iXBRL fact before benchmark extraction,false
gold-ee02-ge-0000040545-24-000200-revenue,GENERAL ELECTRIC CO,GE,ee02-ge-0000040545-24-000200,revenue,27890,million,USD,6,1,2024-09-30,2024-01-01,current_ytd,statutory,"<ix:nonFraction unitRef=""usd"" contextRef=""c-1"" decimals=""-6"" name=""us-gaap:Revenues"" format=""ixt:num-dot-decimal"" scale=""6"" id=""f-54"">27,890</ix:nonFraction>",iXBRL context c-1,codex-independent-source-review,2026-08-15T17:30:00+00:00,Verified from consolidated dimension-free Revenues iXBRL fact before benchmark extraction,false
gold-ee02-gm-0001467858-23-000029-capex,General Motors Co,GM,ee02-gm-0001467858-23-000029,capex,9238,million,USD,6,1,2022-12-31,2022-01-01,current_fy,statutory,"<ix:nonFraction unitRef=""usd"" contextRef=""i54614f9fe73a4097b96289e9485dcca5_D20220101-20221231"" decimals=""-6"" name=""us-gaap:PaymentsToAcquirePropertyPlantAndEquipment"" format=""ixt:num-dot-decimal"" scale=""6"" id=""id3VybDovL2RvY3MudjEvZG9jOjU0YzliMTc2YzA4MDRmY2FiZTUxZDVmODEwMWU2MTkwL3NlYzo1NGM5YjE3NmMwODA0ZmNhYmU1MWQ1ZjgxMDFlNjE5MF8xMDkvZnJhZzozNjA3OWE0Zjg2N2U0ZTkzYmVjOTEzZGU5MjdjYmYzOC90YWJsZTo2ZDkzODliNTllMTI0N2FiODQ3NjRhMDVmZTdhOTY5NC90YWJsZXJhbmdlOjZkOTM4OWI1OWUxMjQ3YWI4NDc2NGEwNWZlN2E5Njk0XzE3LTEtMS0xLTc2Mjcx_042231a3-d554-4b45-be48-57f83308fc37"">9,238</ix:nonFraction>",iXBRL context i54614f9fe73a4097b96289e9485dcca5_D20220101-20221231,codex-independent-source-review,2026-08-15T17:30:00+00:00,Verified from consolidated dimension-free PaymentsToAcquirePropertyPlantAndEquipment iXBRL fact before benchmark extraction,false
gold-ee02-gm-0001467858-23-000029-impairment_charges,General Motors Co,GM,ee02-gm-0001467858-23-000029,impairment_charges,12,million,USD,6,1,2022-12-31,2022-01-01,current_fy,statutory,"<ix:nonFraction unitRef=""usd"" contextRef=""i54614f9fe73a4097b96289e9485dcca5_D20220101-20221231"" decimals=""-6"" name=""us-gaap:AssetImpairmentCharges"" scale=""6"" id=""id3VybDovL2RvY3MudjEvZG9jOjU0YzliMTc2YzA4MDRmY2FiZTUxZDVmODEwMWU2MTkwL3NlYzo1NGM5YjE3NmMwODA0ZmNhYmU1MWQ1ZjgxMDFlNjE5MF8xOTMvZnJhZzo3ZWFiODE0ZDk1NjI0OGY5ODFhMDIyNTdjM2FhY2Q2YS90YWJsZTowNDA2OWRkMGU3MDk0Y2E1OTZhMjJlZTdjZTliOGY1MC90YWJsZXJhbmdlOjA0MDY5ZGQwZTcwOTRjYTU5NmEyMmVlN2NlOWI4ZjUwXzE5LTE3LTEtMS03NjI3MQ_a814ba0f-5156-4358-8784-36fff0efb5cd"">12</ix:nonFraction>",iXBRL context i54614f9fe73a4097b96289e9485dcca5_D20220101-20221231,codex-independent-source-review,2026-08-15T17:30:00+00:00,Verified from consolidated dimension-free AssetImpairmentCharges iXBRL fact before benchmark extraction,false
gold-ee02-gm-0001467858-23-000029-inventory,General Motors Co,GM,ee02-gm-0001467858-23-000029,inventory,15366,million,USD,6,1,2022-12-31,,current_instant,statutory,"<ix:nonFraction unitRef=""usd"" contextRef=""i6fdec88fd6bc4990bb3c58396cba5077_I20221231"" decimals=""-6"" name=""us-gaap:InventoryNet"" format=""ixt:num-dot-decimal"" scale=""6"" id=""id3VybDovL2RvY3MudjEvZG9jOjU0YzliMTc2YzA4MDRmY2FiZTUxZDVmODEwMWU2MTkwL3NlYzo1NGM5YjE3NmMwODA0ZmNhYmU1MWQ1ZjgxMDFlNjE5MF8xMDYvZnJhZzo2NGRjOTllMjAzYTc0NGRmODRlZWJiNjQwZmIzNzA3My90YWJsZTowMjA2NzNjZDdkOTI0NmUxOThlYjU4MzBjOGZhZjAzMC90YWJsZXJhbmdlOjAyMDY3M2NkN2Q5MjQ2ZTE5OGViNTgzMGM4ZmFmMDMwXzgtMS0xLTEtNzYyNzE_7032108b-4a59-43fc-b7e5-20512c482fe2"">15,366</ix:nonFraction>",iXBRL context i6fdec88fd6bc4990bb3c58396cba5077_I20221231,codex-independent-source-review,2026-08-15T17:30:00+00:00,Verified from consolidated dimension-free InventoryNet iXBRL fact before benchmark extraction,false
gold-ee02-gm-0001467858-23-000029-operating_cash_flow,General Motors Co,GM,ee02-gm-0001467858-23-000029,operating_cash_flow,16043,million,USD,6,1,2022-12-31,2022-01-01,current_fy,statutory,"<ix:nonFraction unitRef=""usd"" contextRef=""i54614f9fe73a4097b96289e9485dcca5_D20220101-20221231"" decimals=""-6"" name=""us-gaap:NetCashProvidedByUsedInOperatingActivities"" format=""ixt:num-dot-decimal"" scale=""6"" id=""id3VybDovL2RvY3MudjEvZG9jOjU0YzliMTc2YzA4MDRmY2FiZTUxZDVmODEwMWU2MTkwL3NlYzo1NGM5YjE3NmMwODA0ZmNhYmU1MWQ1ZjgxMDFlNjE5MF8xMDkvZnJhZzozNjA3OWE0Zjg2N2U0ZTkzYmVjOTEzZGU5MjdjYmYzOC90YWJsZTo2ZDkzODliNTllMTI0N2FiODQ3NjRhMDVmZTdhOTY5NC90YWJsZXJhbmdlOjZkOTM4OWI1OWUxMjQ3YWI4NDc2NGEwNWZlN2E5Njk0XzE1LTEtMS0xLTc2Mjcx_bee5396b-ff3d-47a7-a405-778f5106d629"">16,043</ix:nonFraction>",iXBRL context i54614f9fe73a4097b96289e9485dcca5_D20220101-20221231,codex-independent-source-review,2026-08-15T17:30:00+00:00,Verified from consolidated dimension-free NetCashProvidedByUsedInOperatingActivities iXBRL fact before benchmark extraction,false
gold-ee02-gm-0001467858-23-000029-operating_profit,General Motors Co,GM,ee02-gm-0001467858-23-000029,operating_profit,10315,million,USD,6,1,2022-12-31,2022-01-01,current_fy,statutory,"<ix:nonFraction unitRef=""usd"" contextRef=""i54614f9fe73a4097b96289e9485dcca5_D20220101-20221231"" decimals=""-6"" name=""us-gaap:OperatingIncomeLoss"" format=""ixt:num-dot-decimal"" scale=""6"" id=""id3VybDovL2RvY3MudjEvZG9jOjU0YzliMTc2YzA4MDRmY2FiZTUxZDVmODEwMWU2MTkwL3NlYzo1NGM5YjE3NmMwODA0ZmNhYmU1MWQ1ZjgxMDFlNjE5MF8xMDMvZnJhZzoyMWU4MzAzYjVlMDY0YjhkOTg3ZGFkMTg5MzY1ZjY0NS90YWJsZTo2MGU0OTg3MjkyNmM0YWM1YjE1MWI3ZjUwODNjNjgwYi90YWJsZXJhbmdlOjYwZTQ5ODcyOTI2YzRhYzViMTUxYjdmNTA4M2M2ODBiXzEyLTEtMS0xLTc2Mjcx_d3b0bcfe-40d2-4775-aebf-47a15c15d13f"">10,315</ix:nonFraction>",iXBRL context i54614f9fe73a4097b96289e9485dcca5_D20220101-20221231,codex-independent-source-review,2026-08-15T17:30:00+00:00,Verified from consolidated dimension-free OperatingIncomeLoss iXBRL fact before benchmark extraction,false
gold-ee02-gm-0001467858-23-000029-receivables,General Motors Co,GM,ee02-gm-0001467858-23-000029,receivables,13333,million,USD,6,1,2022-12-31,,current_instant,statutory,"<ix:nonFraction unitRef=""usd"" contextRef=""i6fdec88fd6bc4990bb3c58396cba5077_I20221231"" decimals=""-6"" name=""us-gaap:AccountsReceivableNetCurrent"" format=""ixt:num-dot-decimal"" scale=""6"" id=""id3VybDovL2RvY3MudjEvZG9jOjU0YzliMTc2YzA4MDRmY2FiZTUxZDVmODEwMWU2MTkwL3NlYzo1NGM5YjE3NmMwODA0ZmNhYmU1MWQ1ZjgxMDFlNjE5MF8xMDYvZnJhZzo2NGRjOTllMjAzYTc0NGRmODRlZWJiNjQwZmIzNzA3My90YWJsZTowMjA2NzNjZDdkOTI0NmUxOThlYjU4MzBjOGZhZjAzMC90YWJsZXJhbmdlOjAyMDY3M2NkN2Q5MjQ2ZTE5OGViNTgzMGM4ZmFmMDMwXzYtMS0xLTEtNzYyNzE_4db6bdde-f135-416f-aaa8-f9e2356aae7b"">13,333</ix:nonFraction>",iXBRL context i6fdec88fd6bc4990bb3c58396cba5077_I20221231,codex-independent-source-review,2026-08-15T17:30:00+00:00,Verified from consolidated dimension-free AccountsReceivableNetCurrent iXBRL fact before benchmark extraction,false
gold-ee02-gm-0001467858-23-000029-restructuring_charges,General Motors Co,GM,ee02-gm-0001467858-23-000029,restructuring_charges,522,million,USD,6,1,2022-12-31,2022-01-01,current_fy,statutory,"<ix:nonFraction unitRef=""usd"" contextRef=""i54614f9fe73a4097b96289e9485dcca5_D20220101-20221231"" decimals=""-6"" name=""us-gaap:RestructuringCharges"" scale=""6"" id=""id3VybDovL2RvY3MudjEvZG9jOjU0YzliMTc2YzA4MDRmY2FiZTUxZDVmODEwMWU2MTkwL3NlYzo1NGM5YjE3NmMwODA0ZmNhYmU1MWQ1ZjgxMDFlNjE5MF8xNzgvZnJhZzpkMDliY2FlYWFiMWI0OWJmYTZkNGVkYzVmNjE2ZGMxZC90YWJsZToyNGVkYWViMmU4Nzk0NGJmOTc0MTNjNDc4YzE4ZWM0Yy90YWJsZXJhbmdlOjI0ZWRhZWIyZTg3OTQ0YmY5NzQxM2M0NzhjMThlYzRjXzMtMS0xLTEtNzYyNzE_7a39734b-dec0-4b82-88d2-4d5919cbc1b7"">522</ix:nonFraction>",iXBRL context i54614f9fe73a4097b96289e9485dcca5_D20220101-20221231,codex-independent-source-review,2026-08-15T17:30:00+00:00,Verified from consolidated dimension-free RestructuringCharges iXBRL fact before benchmark extraction,false
gold-ee02-gm-0001467858-23-000029-revenue,General Motors Co,GM,ee02-gm-0001467858-23-000029,revenue,143975,million,USD,6,1,2022-12-31,2022-01-01,current_fy,statutory,"<ix:nonFraction unitRef=""usd"" contextRef=""i54614f9fe73a4097b96289e9485dcca5_D20220101-20221231"" decimals=""-6"" name=""us-gaap:RevenueFromContractWithCustomerExcludingAssessedTax"" format=""ixt:num-dot-decimal"" scale=""6"" id=""id3VybDovL2RvY3MudjEvZG9jOjU0YzliMTc2YzA4MDRmY2FiZTUxZDVmODEwMWU2MTkwL3NlYzo1NGM5YjE3NmMwODA0ZmNhYmU1MWQ1ZjgxMDFlNjE5MF8xMjEvZnJhZzplMDBlYWY3ZTI1Mzc0MTA4YjlmMjg1MDAxNzUxNmJjMC90YWJsZTphNjAyOGM2YzNlNDk0MjA2YWU1MDA3YjM5MGU4Yjc2NC90YWJsZXJhbmdlOmE2MDI4YzZjM2U0OTQyMDZhZTUwMDdiMzkwZThiNzY0XzUtMTUtMS0xLTc2Mjcx_3857a7bc-0449-49e1-b49a-6815d1c975df"">143,975</ix:nonFraction>",iXBRL context i54614f9fe73a4097b96289e9485dcca5_D20220101-20221231,codex-independent-source-review,2026-08-15T17:30:00+00:00,Verified from consolidated dimension-free RevenueFromContractWithCustomerExcludingAssessedTax iXBRL fact before benchmark extraction,false
gold-ee02-gm-0001467858-24-000031-capex,General Motors Co,GM,ee02-gm-0001467858-24-000031,capex,10970,million,USD,6,1,2023-12-31,2023-01-01,current_fy,statutory,"<ix:nonFraction unitRef=""usd"" contextRef=""c-1"" decimals=""-6"" name=""us-gaap:PaymentsToAcquirePropertyPlantAndEquipment"" format=""ixt:num-dot-decimal"" scale=""6"" id=""f-238"">10,970</ix:nonFraction>",iXBRL context c-1,codex-independent-source-review,2026-08-15T17:30:00+00:00,Verified from consolidated dimension-free PaymentsToAcquirePropertyPlantAndEquipment iXBRL fact before benchmark extraction,false
gold-ee02-gm-0001467858-24-000031-impairment_charges,General Motors Co,GM,ee02-gm-0001467858-24-000031,impairment_charges,209,million,USD,6,1,2023-12-31,2023-01-01,current_fy,statutory,"<ix:nonFraction unitRef=""usd"" contextRef=""c-1"" decimals=""-6"" name=""us-gaap:AssetImpairmentCharges"" scale=""6"" id=""f-2440"">209</ix:nonFraction>",iXBRL context c-1,codex-independent-source-review,2026-08-15T17:30:00+00:00,Verified from consolidated dimension-free AssetImpairmentCharges iXBRL fact before benchmark extraction,false
gold-ee02-gm-0001467858-24-000031-inventory,General Motors Co,GM,ee02-gm-0001467858-24-000031,inventory,16461,million,USD,6,1,2023-12-31,,current_instant,statutory,"<ix:nonFraction unitRef=""usd"" contextRef=""c-12"" decimals=""-6"" name=""us-gaap:InventoryNet"" format=""ixt:num-dot-decimal"" scale=""6"" id=""f-133"">16,461</ix:nonFraction>",iXBRL context c-12,codex-independent-source-review,2026-08-15T17:30:00+00:00,Verified from consolidated dimension-free InventoryNet iXBRL fact before benchmark extraction,false
gold-ee02-gm-0001467858-24-000031-operating_cash_flow,General Motors Co,GM,ee02-gm-0001467858-24-000031,operating_cash_flow,20930,million,USD,6,1,2023-12-31,2023-01-01,current_fy,statutory,"<ix:nonFraction unitRef=""usd"" contextRef=""c-1"" decimals=""-6"" name=""us-gaap:NetCashProvidedByUsedInOperatingActivities"" format=""ixt:num-dot-decimal"" scale=""6"" id=""f-235"">20,930</ix:nonFraction>",iXBRL context c-1,codex-independent-source-review,2026-08-15T17:30:00+00:00,Verified from consolidated dimension-free NetCashProvidedByUsedInOperatingActivities iXBRL fact before benchmark extraction,false
gold-ee02-gm-0001467858-24-000031-operating_profit,General Motors Co,GM,ee02-gm-0001467858-24-000031,operating_profit,9298,million,USD,6,1,2023-12-31,2023-01-01,current_fy,statutory,"<ix:nonFraction unitRef=""usd"" contextRef=""c-1"" decimals=""-6"" name=""us-gaap:OperatingIncomeLoss"" format=""ixt:num-dot-decimal"" scale=""6"" id=""f-58"">9,298</ix:nonFraction>",iXBRL context c-1,codex-independent-source-review,2026-08-15T17:30:00+00:00,Verified from consolidated dimension-free OperatingIncomeLoss iXBRL fact before benchmark extraction,false
gold-ee02-gm-0001467858-24-000031-receivables,General Motors Co,GM,ee02-gm-0001467858-24-000031,receivables,12378,million,USD,6,1,2023-12-31,,current_instant,statutory,"<ix:nonFraction unitRef=""usd"" contextRef=""c-12"" decimals=""-6"" name=""us-gaap:AccountsReceivableNetCurrent"" format=""ixt:num-dot-decimal"" scale=""6"" id=""f-127"">12,378</ix:nonFraction>",iXBRL context c-12,codex-independent-source-review,2026-08-15T17:30:00+00:00,Verified from consolidated dimension-free AccountsReceivableNetCurrent iXBRL fact before benchmark extraction,false
gold-ee02-gm-0001467858-24-000031-restructuring_charges,General Motors Co,GM,ee02-gm-0001467858-24-000031,restructuring_charges,1831,million,USD,6,1,2023-12-31,2023-01-01,current_fy,statutory,"<ix:nonFraction unitRef=""usd"" contextRef=""c-1"" decimals=""-6"" name=""us-gaap:RestructuringCharges"" format=""ixt:num-dot-decimal"" scale=""6"" id=""f-2141"">1,831</ix:nonFraction>",iXBRL context c-1,codex-independent-source-review,2026-08-15T17:30:00+00:00,Verified from consolidated dimension-free RestructuringCharges iXBRL fact before benchmark extraction,false
gold-ee02-gm-0001467858-24-000031-revenue,General Motors Co,GM,ee02-gm-0001467858-24-000031,revenue,157658,million,USD,6,1,2023-12-31,2023-01-01,current_fy,statutory,"<ix:nonFraction unitRef=""usd"" contextRef=""c-1"" decimals=""-6"" name=""us-gaap:RevenueFromContractWithCustomerExcludingAssessedTax"" format=""ixt:num-dot-decimal"" scale=""6"" id=""f-481"">157,658</ix:nonFraction>",iXBRL context c-1,codex-independent-source-review,2026-08-15T17:30:00+00:00,Verified from consolidated dimension-free RevenueFromContractWithCustomerExcludingAssessedTax iXBRL fact before benchmark extraction,false
gold-ee02-gm-0001467858-24-000117-capex,General Motors Co,GM,ee02-gm-0001467858-24-000117,capex,7597,million,USD,6,1,2024-09-30,2024-01-01,current_ytd,statutory,"<ix:nonFraction unitRef=""usd"" contextRef=""c-1"" decimals=""-6"" name=""us-gaap:PaymentsToAcquirePropertyPlantAndEquipment"" format=""ixt:num-dot-decimal"" scale=""6"" id=""f-250"">7,597</ix:nonFraction>",iXBRL context c-1,codex-independent-source-review,2026-08-15T17:30:00+00:00,Verified from consolidated dimension-free PaymentsToAcquirePropertyPlantAndEquipment iXBRL fact before benchmark extraction,false
gold-ee02-gm-0001467858-24-000117-impairment_charges,General Motors Co,GM,ee02-gm-0001467858-24-000117,impairment_charges,605,million,USD,6,1,2024-09-30,2024-01-01,current_ytd,statutory,"<ix:nonFraction unitRef=""usd"" contextRef=""c-1"" decimals=""-6"" name=""us-gaap:AssetImpairmentCharges"" scale=""6"" id=""f-1838"">605</ix:nonFraction>",iXBRL context c-1,codex-independent-source-review,2026-08-15T17:30:00+00:00,Verified from consolidated dimension-free AssetImpairmentCharges iXBRL fact before benchmark extraction,false
gold-ee02-gm-0001467858-24-000117-inventory,General Motors Co,GM,ee02-gm-0001467858-24-000117,inventory,17325,million,USD,6,1,2024-09-30,,current_instant,statutory,"<ix:nonFraction unitRef=""usd"" contextRef=""c-14"" decimals=""-6"" name=""us-gaap:InventoryNet"" format=""ixt:num-dot-decimal"" scale=""6"" id=""f-158"">17,325</ix:nonFraction>",iXBRL context c-14,codex-independent-source-review,2026-08-15T17:30:00+00:00,Verified from consolidated dimension-free InventoryNet iXBRL fact before benchmark extraction,false
gold-ee02-gm-0001467858-24-000117-operating_cash_flow,General Motors Co,GM,ee02-gm-0001467858-24-000117,operating_cash_flow,15989,million,USD,6,1,2024-09-30,2024-01-01,current_ytd,statutory,"<ix:nonFraction unitRef=""usd"" contextRef=""c-1"" decimals=""-6"" name=""us-gaap:NetCashProvidedByUsedInOperatingActivities"" format=""ixt:num-dot-decimal"" scale=""6"" id=""f-248"">15,989</ix:nonFraction>",iXBRL context c-1,codex-independent-source-review,2026-08-15T17:30:00+00:00,Verified from consolidated dimension-free NetCashProvidedByUsedInOperatingActivities iXBRL fact before benchmark extraction,false
gold-ee02-gm-0001467858-24-000117-operating_profit,General Motors Co,GM,ee02-gm-0001467858-24-000117,operating_profit,11262,million,USD,6,1,2024-09-30,2024-01-01,current_ytd,statutory,"<ix:nonFraction unitRef=""usd"" contextRef=""c-1"" decimals=""-6"" name=""us-gaap:OperatingIncomeLoss"" format=""ixt:num-dot-decimal"" scale=""6"" id=""f-60"">11,262</ix:nonFraction>",iXBRL context c-1,codex-independent-source-review,2026-08-15T17:30:00+00:00,Verified from consolidated dimension-free OperatingIncomeLoss iXBRL fact before benchmark extraction,false
gold-ee02-gm-0001467858-24-000117-receivables,General Motors Co,GM,ee02-gm-0001467858-24-000117,receivables,13782,million,USD,6,1,2024-09-30,,current_instant,statutory,"<ix:nonFraction unitRef=""usd"" contextRef=""c-14"" decimals=""-6"" name=""us-gaap:AccountsReceivableNetCurrent"" format=""ixt:num-dot-decimal"" scale=""6"" id=""f-152"">13,782</ix:nonFraction>",iXBRL context c-14,codex-independent-source-review,2026-08-15T17:30:00+00:00,Verified from consolidated dimension-free AccountsReceivableNetCurrent iXBRL fact before benchmark extraction,false
gold-ee02-gm-0001467858-24-000117-restructuring_charges,General Motors Co,GM,ee02-gm-0001467858-24-000117,restructuring_charges,781,million,USD,6,1,2024-09-30,2024-01-01,current_ytd,statutory,"<ix:nonFraction unitRef=""usd"" contextRef=""c-1"" decimals=""-6"" name=""us-gaap:RestructuringCharges"" scale=""6"" id=""f-1469"">781</ix:nonFraction>",iXBRL context c-1,codex-independent-source-review,2026-08-15T17:30:00+00:00,Verified from consolidated dimension-free RestructuringCharges iXBRL fact before benchmark extraction,false
gold-ee02-gm-0001467858-24-000117-revenue,General Motors Co,GM,ee02-gm-0001467858-24-000117,revenue,128008,million,USD,6,1,2024-09-30,2024-01-01,current_ytd,statutory,"<ix:nonFraction unitRef=""usd"" contextRef=""c-1"" decimals=""-6"" name=""us-gaap:RevenueFromContractWithCustomerExcludingAssessedTax"" format=""ixt:num-dot-decimal"" scale=""6"" id=""f-589"">128,008</ix:nonFraction>",iXBRL context c-1,codex-independent-source-review,2026-08-15T17:30:00+00:00,Verified from consolidated dimension-free RevenueFromContractWithCustomerExcludingAssessedTax iXBRL fact before benchmark extraction,false
gold-ee02-hon-0000773840-23-000013-capex,HONEYWELL INTERNATIONAL INC,HON,ee02-hon-0000773840-23-000013,capex,766,million,USD,6,1,2022-12-31,2022-01-01,current_fy,statutory,"<ix:nonFraction unitRef=""usd"" contextRef=""i9032c603a70a48fa8b2a099e9d3c00bd_D20220101-20221231"" decimals=""-6"" name=""us-gaap:PaymentsToAcquirePropertyPlantAndEquipment"" scale=""6"" id=""id3VybDovL2RvY3MudjEvZG9jOmE5ZjYwZDMwOWQ5YzQyNmY4ZDAwMjI5OTg2NDNmNTIyL3NlYzphOWY2MGQzMDlkOWM0MjZmOGQwMDIyOTk4NjQzZjUyMl8xNDIvZnJhZzphNWFlMjIxY2U4MzY0YWYxYjdhODhlNzA3NTQ3ZDViMy90YWJsZTpkYTYwYWJmOTFhZWY0NTZiOGE1ZmE5YjJmYTI2NDE2My90YWJsZXJhbmdlOmRhNjBhYmY5MWFlZjQ1NmI4YTVmYTliMmZhMjY0MTYzXzI3LTEtMS0xLTE1OTQwMg_fd3b3df7-2a72-498e-a057-daff296ebdf8"">766</ix:nonFraction>",iXBRL context i9032c603a70a48fa8b2a099e9d3c00bd_D20220101-20221231,codex-independent-source-review,2026-08-15T17:30:00+00:00,Verified from consolidated dimension-free PaymentsToAcquirePropertyPlantAndEquipment iXBRL fact before benchmark extraction,false
gold-ee02-hon-0000773840-23-000013-inventory,HONEYWELL INTERNATIONAL INC,HON,ee02-hon-0000773840-23-000013,inventory,5538,million,USD,6,1,2022-12-31,,current_instant,statutory,"<ix:nonFraction unitRef=""usd"" contextRef=""ia8df64d9c75547ee95a5f3b422d9784b_I20221231"" decimals=""-6"" name=""us-gaap:InventoryNet"" format=""ixt:num-dot-decimal"" scale=""6"" id=""id3VybDovL2RvY3MudjEvZG9jOmE5ZjYwZDMwOWQ5YzQyNmY4ZDAwMjI5OTg2NDNmNTIyL3NlYzphOWY2MGQzMDlkOWM0MjZmOGQwMDIyOTk4NjQzZjUyMl8xMzkvZnJhZzo3NDVjNGNhMTcyMjI0NTAyOTUzYWNlYzAwNGVlMDFjZi90YWJsZTpmMDkzMTZmOWU0NDA0ZjMzYmRhY2ExYjk2NDczYmMwMC90YWJsZXJhbmdlOmYwOTMxNmY5ZTQ0MDRmMzNiZGFjYTFiOTY0NzNiYzAwXzgtMS0xLTEtMTU5NDAy_ffef3cff-171c-404b-89fe-a86e9d6d6760"">5,538</ix:nonFraction>",iXBRL context ia8df64d9c75547ee95a5f3b422d9784b_I20221231,codex-independent-source-review,2026-08-15T17:30:00+00:00,Verified from consolidated dimension-free InventoryNet iXBRL fact before benchmark extraction,false
gold-ee02-hon-0000773840-23-000013-operating_cash_flow,HONEYWELL INTERNATIONAL INC,HON,ee02-hon-0000773840-23-000013,operating_cash_flow,5274,million,USD,6,1,2022-12-31,2022-01-01,current_fy,statutory,"<ix:nonFraction unitRef=""usd"" contextRef=""i9032c603a70a48fa8b2a099e9d3c00bd_D20220101-20221231"" decimals=""-6"" name=""us-gaap:NetCashProvidedByUsedInOperatingActivities"" format=""ixt:num-dot-decimal"" scale=""6"" id=""id3VybDovL2RvY3MudjEvZG9jOmE5ZjYwZDMwOWQ5YzQyNmY4ZDAwMjI5OTg2NDNmNTIyL3NlYzphOWY2MGQzMDlkOWM0MjZmOGQwMDIyOTk4NjQzZjUyMl8xNDIvZnJhZzphNWFlMjIxY2U4MzY0YWYxYjdhODhlNzA3NTQ3ZDViMy90YWJsZTpkYTYwYWJmOTFhZWY0NTZiOGE1ZmE5YjJmYTI2NDE2My90YWJsZXJhbmdlOmRhNjBhYmY5MWFlZjQ1NmI4YTVmYTliMmZhMjY0MTYzXzI1LTEtMS0xLTE1OTQwMg_5de7d59f-dd76-48d2-b3f3-66267ee77eed"">5,274</ix:nonFraction>",iXBRL context i9032c603a70a48fa8b2a099e9d3c00bd_D20220101-20221231,codex-independent-source-review,2026-08-15T17:30:00+00:00,Verified from consolidated dimension-free NetCashProvidedByUsedInOperatingActivities iXBRL fact before benchmark extraction,false
gold-ee02-hon-0000773840-23-000013-receivables,HONEYWELL INTERNATIONAL INC,HON,ee02-hon-0000773840-23-000013,receivables,7440,million,USD,6,1,2022-12-31,,current_instant,statutory,"<ix:nonFraction unitRef=""usd"" contextRef=""ia8df64d9c75547ee95a5f3b422d9784b_I20221231"" decimals=""-6"" name=""us-gaap:AccountsReceivableNetCurrent"" format=""ixt:num-dot-decimal"" scale=""6"" id=""id3VybDovL2RvY3MudjEvZG9jOmE5ZjYwZDMwOWQ5YzQyNmY4ZDAwMjI5OTg2NDNmNTIyL3NlYzphOWY2MGQzMDlkOWM0MjZmOGQwMDIyOTk4NjQzZjUyMl8xMzkvZnJhZzo3NDVjNGNhMTcyMjI0NTAyOTUzYWNlYzAwNGVlMDFjZi90YWJsZTpmMDkzMTZmOWU0NDA0ZjMzYmRhY2ExYjk2NDczYmMwMC90YWJsZXJhbmdlOmYwOTMxNmY5ZTQ0MDRmMzNiZGFjYTFiOTY0NzNiYzAwXzctMS0xLTEtMTU5NDAy_3e8d8664-68ea-47df-a740-ab22815983b6"">7,440</ix:nonFraction>",iXBRL context ia8df64d9c75547ee95a5f3b422d9784b_I20221231,codex-independent-source-review,2026-08-15T17:30:00+00:00,Verified from consolidated dimension-free AccountsReceivableNetCurrent iXBRL fact before benchmark extraction,false
gold-ee02-hon-0000773840-23-000013-restructuring_charges,HONEYWELL INTERNATIONAL INC,HON,ee02-hon-0000773840-23-000013,restructuring_charges,364,million,USD,6,1,2022-12-31,2022-01-01,current_fy,statutory,"<ix:nonFraction unitRef=""usd"" contextRef=""i9032c603a70a48fa8b2a099e9d3c00bd_D20220101-20221231"" decimals=""-6"" name=""us-gaap:RestructuringAndRelatedCostIncurredCost"" scale=""6"" id=""id3VybDovL2RvY3MudjEvZG9jOmE5ZjYwZDMwOWQ5YzQyNmY4ZDAwMjI5OTg2NDNmNTIyL3NlYzphOWY2MGQzMDlkOWM0MjZmOGQwMDIyOTk4NjQzZjUyMl8xNjAvZnJhZzplOGEwZjJmMDg4YmI0ZTc2YjRkN2VkYzczYjc0NmNhNy90YWJsZTo0MTIyYjhiNGMxYmY0NWVhYjI0NWFiNmE2OTI0ZTQ0Mi90YWJsZXJhbmdlOjQxMjJiOGI0YzFiZjQ1ZWFiMjQ1YWI2YTY5MjRlNDQyXzYtMi0xLTEtMTU5NDAy_7a70fe63-75d6-45e7-a194-86dc8a109b7b"">364</ix:nonFraction>",iXBRL context i9032c603a70a48fa8b2a099e9d3c00bd_D20220101-20221231,codex-independent-source-review,2026-08-15T17:30:00+00:00,Verified from consolidated dimension-free RestructuringAndRelatedCostIncurredCost iXBRL fact before benchmark extraction,false
gold-ee02-hon-0000773840-23-000013-revenue,HONEYWELL INTERNATIONAL INC,HON,ee02-hon-0000773840-23-000013,revenue,35466,million,USD,6,1,2022-12-31,2022-01-01,current_fy,statutory,"<ix:nonFraction unitRef=""usd"" contextRef=""i9032c603a70a48fa8b2a099e9d3c00bd_D20220101-20221231"" decimals=""-6"" name=""us-gaap:RevenueFromContractWithCustomerExcludingAssessedTax"" format=""ixt:num-dot-decimal"" scale=""6"" id=""id3VybDovL2RvY3MudjEvZG9jOmE5ZjYwZDMwOWQ5YzQyNmY4ZDAwMjI5OTg2NDNmNTIyL3NlYzphOWY2MGQzMDlkOWM0MjZmOGQwMDIyOTk4NjQzZjUyMl8xMzMvZnJhZzo5MjUzZDliMjkxMzk0YTJkOTFhZjNlOTIzODEzNjRhMi90YWJsZToyMTZlZDAzM2IzOGM0MDI1YTQ2NDFlMTMxMDU2NjhiMS90YWJsZXJhbmdlOjIxNmVkMDMzYjM4YzQwMjVhNDY0MWUxMzEwNTY2OGIxXzUtMS0xLTEtMTU5NDAy_9af89cc8-7fce-4127-9618-94dd15c08b78"">35,466</ix:nonFraction>",iXBRL context i9032c603a70a48fa8b2a099e9d3c00bd_D20220101-20221231,codex-independent-source-review,2026-08-15T17:30:00+00:00,Verified from consolidated dimension-free RevenueFromContractWithCustomerExcludingAssessedTax iXBRL fact before benchmark extraction,false
gold-ee02-hon-0000773840-24-000014-capex,HONEYWELL INTERNATIONAL INC,HON,ee02-hon-0000773840-24-000014,capex,1039,million,USD,6,1,2023-12-31,2023-01-01,current_fy,statutory,"<ix:nonFraction unitRef=""usd"" contextRef=""c-1"" decimals=""-6"" name=""us-gaap:PaymentsToAcquirePropertyPlantAndEquipment"" format=""ixt:num-dot-decimal"" scale=""6"" id=""f-286"">1,039</ix:nonFraction>",iXBRL context c-1,codex-independent-source-review,2026-08-15T17:30:00+00:00,Verified from consolidated dimension-free PaymentsToAcquirePropertyPlantAndEquipment iXBRL fact before benchmark extraction,false
gold-ee02-hon-0000773840-24-000014-inventory,HONEYWELL INTERNATIONAL INC,HON,ee02-hon-0000773840-24-000014,inventory,6178,million,USD,6,1,2023-12-31,,current_instant,statutory,"<ix:nonFraction unitRef=""usd"" contextRef=""c-19"" decimals=""-6"" name=""us-gaap:InventoryNet"" format=""ixt:num-dot-decimal"" scale=""6"" id=""f-164"">6,178</ix:nonFraction>",iXBRL context c-19,codex-independent-source-review,2026-08-15T17:30:00+00:00,Verified from consolidated dimension-free InventoryNet iXBRL fact before benchmark extraction,false
gold-ee02-hon-0000773840-24-000014-operating_cash_flow,HONEYWELL INTERNATIONAL INC,HON,ee02-hon-0000773840-24-000014,operating_cash_flow,5340,million,USD,6,1,2023-12-31,2023-01-01,current_fy,statutory,"<ix:nonFraction unitRef=""usd"" contextRef=""c-1"" decimals=""-6"" name=""us-gaap:NetCashProvidedByUsedInOperatingActivities"" format=""ixt:num-dot-decimal"" scale=""6"" id=""f-283"">5,340</ix:nonFraction>",iXBRL context c-1,codex-independent-source-review,2026-08-15T17:30:00+00:00,Verified from consolidated dimension-free NetCashProvidedByUsedInOperatingActivities iXBRL fact before benchmark extraction,false
gold-ee02-hon-0000773840-24-000014-receivables,HONEYWELL INTERNATIONAL INC,HON,ee02-hon-0000773840-24-000014,receivables,7530,million,USD,6,1,2023-12-31,,current_instant,statutory,"<ix:nonFraction unitRef=""usd"" contextRef=""c-19"" decimals=""-6"" name=""us-gaap:AccountsReceivableNetCurrent"" format=""ixt:num-dot-decimal"" scale=""6"" id=""f-162"">7,530</ix:nonFraction>",iXBRL context c-19,codex-independent-source-review,2026-08-15T17:30:00+00:00,Verified from consolidated dimension-free AccountsReceivableNetCurrent iXBRL fact before benchmark extraction,false
gold-ee02-hon-0000773840-24-000014-restructuring_charges,HONEYWELL INTERNATIONAL INC,HON,ee02-hon-0000773840-24-000014,restructuring_charges,286,million,USD,6,1,2023-12-31,2023-01-01,current_fy,statutory,"<ix:nonFraction unitRef=""usd"" contextRef=""c-1"" decimals=""-6"" name=""us-gaap:RestructuringAndRelatedCostIncurredCost"" scale=""6"" id=""f-652"">286</ix:nonFraction>",iXBRL context c-1,codex-independent-source-review,2026-08-15T17:30:00+00:00,Verified from consolidated dimension-free RestructuringAndRelatedCostIncurredCost iXBRL fact before benchmark extraction,false
gold-ee02-hon-0000773840-24-000014-revenue,HONEYWELL INTERNATIONAL INC,HON,ee02-hon-0000773840-24-000014,revenue,36662,million,USD,6,1,2023-12-31,2023-01-01,current_fy,statutory,"<ix:nonFraction unitRef=""usd"" contextRef=""c-1"" decimals=""-6"" name=""us-gaap:RevenueFromContractWithCustomerExcludingAssessedTax"" format=""ixt:num-dot-decimal"" scale=""6"" id=""f-60"">36,662</ix:nonFraction>",iXBRL context c-1,codex-independent-source-review,2026-08-15T17:30:00+00:00,Verified from consolidated dimension-free RevenueFromContractWithCustomerExcludingAssessedTax iXBRL fact before benchmark extraction,false
gold-ee02-hon-0000773840-24-000099-capex,HONEYWELL INTERNATIONAL INC,HON,ee02-hon-0000773840-24-000099,capex,771,million,USD,6,1,2024-09-30,2024-01-01,current_ytd,statutory,"<ix:nonFraction unitRef=""usd"" contextRef=""c-1"" decimals=""-6"" name=""us-gaap:PaymentsToAcquirePropertyPlantAndEquipment"" scale=""6"" id=""f-285"">771</ix:nonFraction>",iXBRL context c-1,codex-independent-source-review,2026-08-15T17:30:00+00:00,Verified from consolidated dimension-free PaymentsToAcquirePropertyPlantAndEquipment iXBRL fact before benchmark extraction,false
gold-ee02-hon-0000773840-24-000099-inventory,HONEYWELL INTERNATIONAL INC,HON,ee02-hon-0000773840-24-000099,inventory,6338,million,USD,6,1,2024-09-30,,current_instant,statutory,"<ix:nonFraction unitRef=""usd"" contextRef=""c-10"" decimals=""-6"" name=""us-gaap:InventoryNet"" format=""ixt:num-dot-decimal"" scale=""6"" id=""f-179"">6,338</ix:nonFraction>",iXBRL context c-10,codex-independent-source-review,2026-08-15T17:30:00+00:00,Verified from consolidated dimension-free InventoryNet iXBRL fact before benchmark extraction,false
gold-ee02-hon-0000773840-24-000099-operating_cash_flow,HONEYWELL INTERNATIONAL INC,HON,ee02-hon-0000773840-24-000099,operating_cash_flow,3816,million,USD,6,1,2024-09-30,2024-01-01,current_ytd,statutory,"<ix:nonFraction unitRef=""usd"" contextRef=""c-1"" decimals=""-6"" name=""us-gaap:NetCashProvidedByUsedInOperatingActivities"" format=""ixt:num-dot-decimal"" scale=""6"" id=""f-283"">3,816</ix:nonFraction>",iXBRL context c-1,codex-independent-source-review,2026-08-15T17:30:00+00:00,Verified from consolidated dimension-free NetCashProvidedByUsedInOperatingActivities iXBRL fact before benchmark extraction,false
gold-ee02-hon-0000773840-24-000099-operating_profit,HONEYWELL INTERNATIONAL INC,HON,ee02-hon-0000773840-24-000099,operating_profit,6589,million,USD,6,1,2024-09-30,2024-01-01,current_ytd,statutory,"<ix:nonFraction unitRef=""usd"" contextRef=""c-1"" decimals=""-6"" name=""us-gaap:OperatingIncomeLoss"" format=""ixt:num-dot-decimal"" scale=""6"" id=""f-1811"">6,589</ix:nonFraction>",iXBRL context c-1,codex-independent-source-review,2026-08-15T17:30:00+00:00,Verified from consolidated dimension-free OperatingIncomeLoss iXBRL fact before benchmark extraction,false
gold-ee02-hon-0000773840-24-000099-receivables,HONEYWELL INTERNATIONAL INC,HON,ee02-hon-0000773840-24-000099,receivables,7884,million,USD,6,1,2024-09-30,,current_instant,statutory,"<ix:nonFraction unitRef=""usd"" contextRef=""c-10"" decimals=""-6"" name=""us-gaap:AccountsReceivableNetCurrent"" format=""ixt:num-dot-decimal"" scale=""6"" id=""f-177"">7,884</ix:nonFraction>",iXBRL context c-10,codex-independent-source-review,2026-08-15T17:30:00+00:00,Verified from consolidated dimension-free AccountsReceivableNetCurrent iXBRL fact before benchmark extraction,false
gold-ee02-hon-0000773840-24-000099-restructuring_charges,HONEYWELL INTERNATIONAL INC,HON,ee02-hon-0000773840-24-000099,restructuring_charges,89,million,USD,6,1,2024-09-30,2024-01-01,current_ytd,statutory,"<ix:nonFraction unitRef=""usd"" contextRef=""c-1"" decimals=""-6"" name=""us-gaap:RestructuringAndRelatedCostIncurredCost"" scale=""6"" id=""f-689"">89</ix:nonFraction>",iXBRL context c-1,codex-independent-source-review,2026-08-15T17:30:00+00:00,Verified from consolidated dimension-free RestructuringAndRelatedCostIncurredCost iXBRL fact before benchmark extraction,false
gold-ee02-hon-0000773840-24-000099-revenue,HONEYWELL INTERNATIONAL INC,HON,ee02-hon-0000773840-24-000099,revenue,28410,million,USD,6,1,2024-09-30,2024-01-01,current_ytd,statutory,"<ix:nonFraction unitRef=""usd"" contextRef=""c-1"" decimals=""-6"" name=""us-gaap:RevenueFromContractWithCustomerExcludingAssessedTax"" format=""ixt:num-dot-decimal"" scale=""6"" id=""f-61"">28,410</ix:nonFraction>",iXBRL context c-1,codex-independent-source-review,2026-08-15T17:30:00+00:00,Verified from consolidated dimension-free RevenueFromContractWithCustomerExcludingAssessedTax iXBRL fact before benchmark extraction,false
gold-ee02-hpq-0000047217-23-000100-inventory,HP INC,HPQ,ee02-hpq-0000047217-23-000100,inventory,6862,million,USD,6,1,2023-10-31,,current_instant,statutory,"<ix:nonFraction unitRef=""usd"" contextRef=""c-6"" decimals=""-6"" name=""us-gaap:InventoryNet"" format=""ixt:num-dot-decimal"" scale=""6"" id=""f-141"">6,862</ix:nonFraction>",iXBRL context c-6,codex-independent-source-review,2026-08-15T17:30:00+00:00,Verified from consolidated dimension-free InventoryNet iXBRL fact before benchmark extraction,false
gold-ee02-hpq-0000047217-23-000100-operating_cash_flow,HP INC,HPQ,ee02-hpq-0000047217-23-000100,operating_cash_flow,3571,million,USD,6,1,2023-10-31,2022-11-01,current_fy,statutory,"<ix:nonFraction unitRef=""usd"" contextRef=""c-1"" decimals=""-6"" name=""us-gaap:NetCashProvidedByUsedInOperatingActivities"" format=""ixt:num-dot-decimal"" scale=""6"" id=""f-239"">3,571</ix:nonFraction>",iXBRL context c-1,codex-independent-source-review,2026-08-15T17:30:00+00:00,Verified from consolidated dimension-free NetCashProvidedByUsedInOperatingActivities iXBRL fact before benchmark extraction,false
gold-ee02-hpq-0000047217-23-000100-operating_profit,HP INC,HPQ,ee02-hpq-0000047217-23-000100,operating_profit,3456,million,USD,6,1,2023-10-31,2022-11-01,current_fy,statutory,"<ix:nonFraction unitRef=""usd"" contextRef=""c-1"" decimals=""-6"" name=""us-gaap:OperatingIncomeLoss"" format=""ixt:num-dot-decimal"" scale=""6"" id=""f-66"">3,456</ix:nonFraction>",iXBRL context c-1,codex-independent-source-review,2026-08-15T17:30:00+00:00,Verified from consolidated dimension-free OperatingIncomeLoss iXBRL fact before benchmark extraction,false
gold-ee02-hpq-0000047217-23-000100-receivables,HP INC,HPQ,ee02-hpq-0000047217-23-000100,receivables,4237,million,USD,6,1,2023-10-31,,current_instant,statutory,"<ix:nonFraction unitRef=""usd"" contextRef=""c-6"" decimals=""-6"" name=""us-gaap:AccountsReceivableNetCurrent"" format=""ixt:num-dot-decimal"" scale=""6"" id=""f-139"">4,237</ix:nonFraction>",iXBRL context c-6,codex-independent-source-review,2026-08-15T17:30:00+00:00,Verified from consolidated dimension-free AccountsReceivableNetCurrent iXBRL fact before benchmark extraction,false
gold-ee02-hpq-0000047217-23-000100-restructuring_charges,HP INC,HPQ,ee02-hpq-0000047217-23-000100,restructuring_charges,444,million,USD,6,1,2023-10-31,2022-11-01,current_fy,statutory,"<ix:nonFraction unitRef=""usd"" contextRef=""c-1"" decimals=""-6"" name=""us-gaap:RestructuringCharges"" scale=""6"" id=""f-573"">444</ix:nonFraction>",iXBRL context c-1,codex-independent-source-review,2026-08-15T17:30:00+00:00,Verified from consolidated dimension-free RestructuringCharges iXBRL fact before benchmark extraction,false
gold-ee02-hpq-0000047217-23-000100-revenue,HP INC,HPQ,ee02-hpq-0000047217-23-000100,revenue,53718,million,USD,6,1,2023-10-31,2022-11-01,current_fy,statutory,"<ix:nonFraction unitRef=""usd"" contextRef=""c-1"" decimals=""-6"" name=""us-gaap:Revenues"" format=""ixt:num-dot-decimal"" scale=""6"" id=""f-39"">53,718</ix:nonFraction>",iXBRL context c-1,codex-independent-source-review,2026-08-15T17:30:00+00:00,Verified from consolidated dimension-free Revenues iXBRL fact before benchmark extraction,false
gold-ee02-hpq-0000047217-24-000080-inventory,HP INC,HPQ,ee02-hpq-0000047217-24-000080,inventory,7720,million,USD,6,1,2024-10-31,,current_instant,statutory,"<ix:nonFraction unitRef=""usd"" contextRef=""c-15"" decimals=""-6"" name=""us-gaap:InventoryNet"" format=""ixt:num-dot-decimal"" scale=""6"" id=""f-159"">7,720</ix:nonFraction>",iXBRL context c-15,codex-independent-source-review,2026-08-15T17:30:00+00:00,Verified from consolidated dimension-free InventoryNet iXBRL fact before benchmark extraction,false
gold-ee02-hpq-0000047217-24-000080-operating_cash_flow,HP INC,HPQ,ee02-hpq-0000047217-24-000080,operating_cash_flow,3749,million,USD,6,1,2024-10-31,2023-11-01,current_fy,statutory,"<ix:nonFraction unitRef=""usd"" contextRef=""c-1"" decimals=""-6"" name=""us-gaap:NetCashProvidedByUsedInOperatingActivities"" format=""ixt:num-dot-decimal"" scale=""6"" id=""f-254"">3,749</ix:nonFraction>",iXBRL context c-1,codex-independent-source-review,2026-08-15T17:30:00+00:00,Verified from consolidated dimension-free NetCashProvidedByUsedInOperatingActivities iXBRL fact before benchmark extraction,false
gold-ee02-hpq-0000047217-24-000080-operating_profit,HP INC,HPQ,ee02-hpq-0000047217-24-000080,operating_profit,3818,million,USD,6,1,2024-10-31,2023-11-01,current_fy,statutory,"<ix:nonFraction unitRef=""usd"" contextRef=""c-1"" decimals=""-6"" name=""us-gaap:OperatingIncomeLoss"" format=""ixt:num-dot-decimal"" scale=""6"" id=""f-84"">3,818</ix:nonFraction>",iXBRL context c-1,codex-independent-source-review,2026-08-15T17:30:00+00:00,Verified from consolidated dimension-free OperatingIncomeLoss iXBRL fact before benchmark extraction,false
gold-ee02-hpq-0000047217-24-000080-receivables,HP INC,HPQ,ee02-hpq-0000047217-24-000080,receivables,5117,million,USD,6,1,2024-10-31,,current_instant,statutory,"<ix:nonFraction unitRef=""usd"" contextRef=""c-15"" decimals=""-6"" name=""us-gaap:AccountsReceivableNetCurrent"" format=""ixt:num-dot-decimal"" scale=""6"" id=""f-157"">5,117</ix:nonFraction>",iXBRL context c-15,codex-independent-source-review,2026-08-15T17:30:00+00:00,Verified from consolidated dimension-free AccountsReceivableNetCurrent iXBRL fact before benchmark extraction,false
gold-ee02-hpq-0000047217-24-000080-restructuring_charges,HP INC,HPQ,ee02-hpq-0000047217-24-000080,restructuring_charges,233,million,USD,6,1,2024-10-31,2023-11-01,current_fy,statutory,"<ix:nonFraction unitRef=""usd"" contextRef=""c-1"" decimals=""-6"" name=""us-gaap:RestructuringCharges"" scale=""6"" id=""f-587"">233</ix:nonFraction>",iXBRL context c-1,codex-independent-source-review,2026-08-15T17:30:00+00:00,Verified from consolidated dimension-free RestructuringCharges iXBRL fact before benchmark extraction,false
gold-ee02-hpq-0000047217-24-000080-revenue,HP INC,HPQ,ee02-hpq-0000047217-24-000080,revenue,53559,million,USD,6,1,2024-10-31,2023-11-01,current_fy,statutory,"<ix:nonFraction unitRef=""usd"" contextRef=""c-1"" decimals=""-6"" name=""us-gaap:Revenues"" format=""ixt:num-dot-decimal"" scale=""6"" id=""f-48"">53,559</ix:nonFraction>",iXBRL context c-1,codex-independent-source-review,2026-08-15T17:30:00+00:00,Verified from consolidated dimension-free Revenues iXBRL fact before benchmark extraction,false
gold-ee02-intc-0000050863-23-000006-capex,INTEL CORP,INTC,ee02-intc-0000050863-23-000006,capex,24844,million,USD,6,1,2022-12-31,2021-12-26,current_fy,statutory,"<ix:nonFraction unitRef=""usd"" contextRef=""i62d01ac524414bc6817507f65831f4e4_D20211226-20221231"" decimals=""-6"" name=""us-gaap:PaymentsToAcquirePropertyPlantAndEquipment"" format=""ixt:num-dot-decimal"" scale=""6"" id=""id3VybDovL2RvY3MudjEvZG9jOjhhYWE3YjRkYmQyZTQxOWNhMGY1YzMwYWY4NWExMWFhL3NlYzo4YWFhN2I0ZGJkMmU0MTljYTBmNWMzMGFmODVhMTFhYV8yNjUvZnJhZzo4NGM2NzAyNzhmMTg0OWVjOWM1NGQ5MDg2NDM4ZTc0Ni90YWJsZTo2Y2E1OTQxZDA0OWM0YmU3OTcyOGIwMmQ3Y2I0YmUyZC90YWJsZXJhbmdlOjZjYTU5NDFkMDQ5YzRiZTc5NzI4YjAyZDdjYjRiZTJkXzI1LTItMS0xLTUzMjAzNQ_b6ddae06-a93d-44b5-9eff-1fcdce89fd98"">24,844</ix:nonFraction>",iXBRL context i62d01ac524414bc6817507f65831f4e4_D20211226-20221231,codex-independent-source-review,2026-08-15T17:30:00+00:00,Verified from consolidated dimension-free PaymentsToAcquirePropertyPlantAndEquipment iXBRL fact before benchmark extraction,false
gold-ee02-intc-0000050863-23-000006-impairment_charges,INTEL CORP,INTC,ee02-intc-0000050863-23-000006,impairment_charges,151,million,USD,6,1,2022-12-31,2021-12-26,current_fy,statutory,"<ix:nonFraction unitRef=""usd"" contextRef=""i62d01ac524414bc6817507f65831f4e4_D20211226-20221231"" decimals=""-6"" name=""us-gaap:AssetImpairmentCharges"" scale=""6"" id=""id3VybDovL2RvY3MudjEvZG9jOjhhYWE3YjRkYmQyZTQxOWNhMGY1YzMwYWY4NWExMWFhL3NlYzo4YWFhN2I0ZGJkMmU0MTljYTBmNWMzMGFmODVhMTFhYV80MDMvZnJhZzpjMWVmN2JmOTIwN2I0NTMxODU1ZTJhY2I0MTdhNzZmOC90YWJsZTo0OWIzYzY2NjRjNjE0YmI1ODcyNjkwNjM5YmU5OWY4NS90YWJsZXJhbmdlOjQ5YjNjNjY2NGM2MTRiYjU4NzI2OTA2MzliZTk5Zjg1XzMtMi0xLTEtNTMyMDM1_931f86f8-f436-4db4-b489-3356a3a87e97"">151</ix:nonFraction>",iXBRL context i62d01ac524414bc6817507f65831f4e4_D20211226-20221231,codex-independent-source-review,2026-08-15T17:30:00+00:00,Verified from consolidated dimension-free AssetImpairmentCharges iXBRL fact before benchmark extraction,false
gold-ee02-intc-0000050863-23-000006-inventory,INTEL CORP,INTC,ee02-intc-0000050863-23-000006,inventory,13224,million,USD,6,1,2022-12-31,,current_instant,statutory,"<ix:nonFraction unitRef=""usd"" contextRef=""i45d711c950914abb99b67c50fe28c1fc_I20221231"" decimals=""-6"" name=""us-gaap:InventoryNet"" format=""ixt:num-dot-decimal"" scale=""6"" id=""id3VybDovL2RvY3MudjEvZG9jOjhhYWE3YjRkYmQyZTQxOWNhMGY1YzMwYWY4NWExMWFhL3NlYzo4YWFhN2I0ZGJkMmU0MTljYTBmNWMzMGFmODVhMTFhYV8yNTkvZnJhZzoxM2NiNjE5NjQ3Zjk0NjFmOWJlMTlmODAzYmUwMGFjMy90YWJsZTo1NDVjYmE0OGJjYTc0OGU4YTRjMzhiNGI1MzA1NDAxYi90YWJsZXJhbmdlOjU0NWNiYTQ4YmNhNzQ4ZThhNGMzOGI0YjUzMDU0MDFiXzctMi0xLTEtNTMyMDM1_6150ce5e-43b0-4b10-895b-bcec95d4ea79"">13,224</ix:nonFraction>",iXBRL context i45d711c950914abb99b67c50fe28c1fc_I20221231,codex-independent-source-review,2026-08-15T17:30:00+00:00,Verified from consolidated dimension-free InventoryNet iXBRL fact before benchmark extraction,false
gold-ee02-intc-0000050863-23-000006-operating_cash_flow,INTEL CORP,INTC,ee02-intc-0000050863-23-000006,operating_cash_flow,15433,million,USD,6,1,2022-12-31,2021-12-26,current_fy,statutory,"<ix:nonFraction unitRef=""usd"" contextRef=""i62d01ac524414bc6817507f65831f4e4_D20211226-20221231"" decimals=""-6"" name=""us-gaap:NetCashProvidedByUsedInOperatingActivities"" format=""ixt:num-dot-decimal"" scale=""6"" id=""id3VybDovL2RvY3MudjEvZG9jOjhhYWE3YjRkYmQyZTQxOWNhMGY1YzMwYWY4NWExMWFhL3NlYzo4YWFhN2I0ZGJkMmU0MTljYTBmNWMzMGFmODVhMTFhYV8yNjUvZnJhZzo4NGM2NzAyNzhmMTg0OWVjOWM1NGQ5MDg2NDM4ZTc0Ni90YWJsZTo2Y2E1OTQxZDA0OWM0YmU3OTcyOGIwMmQ3Y2I0YmUyZC90YWJsZXJhbmdlOjZjYTU5NDFkMDQ5YzRiZTc5NzI4YjAyZDdjYjRiZTJkXzIzLTItMS0xLTUzMjAzNQ_934339fc-553c-4d85-adcf-8658c39df612"">15,433</ix:nonFraction>",iXBRL context i62d01ac524414bc6817507f65831f4e4_D20211226-20221231,codex-independent-source-review,2026-08-15T17:30:00+00:00,Verified from consolidated dimension-free NetCashProvidedByUsedInOperatingActivities iXBRL fact before benchmark extraction,false
gold-ee02-intc-0000050863-23-000006-operating_profit,INTEL CORP,INTC,ee02-intc-0000050863-23-000006,operating_profit,2334,million,USD,6,1,2022-12-31,2021-12-26,current_fy,statutory,"<ix:nonFraction unitRef=""usd"" contextRef=""i62d01ac524414bc6817507f65831f4e4_D20211226-20221231"" decimals=""-6"" name=""us-gaap:OperatingIncomeLoss"" format=""ixt:num-dot-decimal"" scale=""6"" id=""id3VybDovL2RvY3MudjEvZG9jOjhhYWE3YjRkYmQyZTQxOWNhMGY1YzMwYWY4NWExMWFhL3NlYzo4YWFhN2I0ZGJkMmU0MTljYTBmNWMzMGFmODVhMTFhYV8yNTMvZnJhZzo2ZmU2MTU2YjJkNjE0MTkzYjU1OTlmYzRjZjY1NTM4NS90YWJsZTo2OWI1M2M4ZTY4Njc0OTBkOWQ1MzBhYzI1MWFhNTAyZC90YWJsZXJhbmdlOjY5YjUzYzhlNjg2NzQ5MGQ5ZDUzMGFjMjUxYWE1MDJkXzktMi0xLTEtNTMyMDM1_1948eb33-5593-4851-92a9-786f0f8be816"">2,334</ix:nonFraction>",iXBRL context i62d01ac524414bc6817507f65831f4e4_D20211226-20221231,codex-independent-source-review,2026-08-15T17:30:00+00:00,Verified from consolidated dimension-free OperatingIncomeLoss iXBRL fact before benchmark extraction,false
gold-ee02-intc-0000050863-23-000006-receivables,INTEL CORP,INTC,ee02-intc-0000050863-23-000006,receivables,4133,million,USD,6,1,2022-12-31,,current_instant,statutory,"<ix:nonFraction unitRef=""usd"" contextRef=""i45d711c950914abb99b67c50fe28c1fc_I20221231"" decimals=""-6"" name=""us-gaap:AccountsReceivableNetCurrent"" format=""ixt:num-dot-decimal"" scale=""6"" id=""id3VybDovL2RvY3MudjEvZG9jOjhhYWE3YjRkYmQyZTQxOWNhMGY1YzMwYWY4NWExMWFhL3NlYzo4YWFhN2I0ZGJkMmU0MTljYTBmNWMzMGFmODVhMTFhYV8yNTkvZnJhZzoxM2NiNjE5NjQ3Zjk0NjFmOWJlMTlmODAzYmUwMGFjMy90YWJsZTo1NDVjYmE0OGJjYTc0OGU4YTRjMzhiNGI1MzA1NDAxYi90YWJsZXJhbmdlOjU0NWNiYTQ4YmNhNzQ4ZThhNGMzOGI0YjUzMDU0MDFiXzYtMi0xLTEtNTMyMDM1_5c0b2e83-5f35-42f6-9750-e14a3db9a395"">4,133</ix:nonFraction>",iXBRL context i45d711c950914abb99b67c50fe28c1fc_I20221231,codex-independent-source-review,2026-08-15T17:30:00+00:00,Verified from consolidated dimension-free AccountsReceivableNetCurrent iXBRL fact before benchmark extraction,false
gold-ee02-intc-0000050863-23-000006-restructuring_charges,INTEL CORP,INTC,ee02-intc-0000050863-23-000006,restructuring_charges,1074,million,USD,6,1,2022-12-31,2021-12-26,current_fy,statutory,"<ix:nonFraction unitRef=""usd"" contextRef=""i62d01ac524414bc6817507f65831f4e4_D20211226-20221231"" decimals=""-6"" name=""us-gaap:RestructuringCharges"" format=""ixt:num-dot-decimal"" scale=""6"" id=""id3VybDovL2RvY3MudjEvZG9jOjhhYWE3YjRkYmQyZTQxOWNhMGY1YzMwYWY4NWExMWFhL3NlYzo4YWFhN2I0ZGJkMmU0MTljYTBmNWMzMGFmODVhMTFhYV8yNjUvZnJhZzo4NGM2NzAyNzhmMTg0OWVjOWM1NGQ5MDg2NDM4ZTc0Ni90YWJsZTo2Y2E1OTQxZDA0OWM0YmU3OTcyOGIwMmQ3Y2I0YmUyZC90YWJsZXJhbmdlOjZjYTU5NDFkMDQ5YzRiZTc5NzI4YjAyZDdjYjRiZTJkXzgtMi0xLTEtNTMyMDM1_9daf43b4-5688-422f-b286-f6dbf22291a4"">1,074</ix:nonFraction>",iXBRL context i62d01ac524414bc6817507f65831f4e4_D20211226-20221231,codex-independent-source-review,2026-08-15T17:30:00+00:00,Verified from consolidated dimension-free RestructuringCharges iXBRL fact before benchmark extraction,false
gold-ee02-intc-0000050863-23-000006-revenue,INTEL CORP,INTC,ee02-intc-0000050863-23-000006,revenue,63054,million,USD,6,1,2022-12-31,2021-12-26,current_fy,statutory,"<ix:nonFraction unitRef=""usd"" contextRef=""i62d01ac524414bc6817507f65831f4e4_D20211226-20221231"" decimals=""-6"" name=""us-gaap:RevenueFromContractWithCustomerExcludingAssessedTax"" format=""ixt:num-dot-decimal"" scale=""6"" id=""id3VybDovL2RvY3MudjEvZG9jOjhhYWE3YjRkYmQyZTQxOWNhMGY1YzMwYWY4NWExMWFhL3NlYzo4YWFhN2I0ZGJkMmU0MTljYTBmNWMzMGFmODVhMTFhYV8yNTMvZnJhZzo2ZmU2MTU2YjJkNjE0MTkzYjU1OTlmYzRjZjY1NTM4NS90YWJsZTo2OWI1M2M4ZTY4Njc0OTBkOWQ1MzBhYzI1MWFhNTAyZC90YWJsZXJhbmdlOjY5YjUzYzhlNjg2NzQ5MGQ5ZDUzMGFjMjUxYWE1MDJkXzEtMi0xLTEtNTMyMDM1_8f9c15bc-9f30-4964-b8c3-201759438e68"">63,054</ix:nonFraction>",iXBRL context i62d01ac524414bc6817507f65831f4e4_D20211226-20221231,codex-independent-source-review,2026-08-15T17:30:00+00:00,Verified from consolidated dimension-free RevenueFromContractWithCustomerExcludingAssessedTax iXBRL fact before benchmark extraction,false
gold-ee02-intc-0000050863-24-000010-capex,INTEL CORP,INTC,ee02-intc-0000050863-24-000010,capex,25750,million,USD,6,1,2023-12-30,2023-01-01,current_fy,statutory,"<ix:nonFraction unitRef=""usd"" contextRef=""c-1"" decimals=""-6"" name=""us-gaap:PaymentsToAcquirePropertyPlantAndEquipment"" format=""ixt:num-dot-decimal"" scale=""6"" id=""f-248"">25,750</ix:nonFraction>",iXBRL context c-1,codex-independent-source-review,2026-08-15T17:30:00+00:00,Verified from consolidated dimension-free PaymentsToAcquirePropertyPlantAndEquipment iXBRL fact before benchmark extraction,false
gold-ee02-intc-0000050863-24-000010-impairment_charges,INTEL CORP,INTC,ee02-intc-0000050863-24-000010,impairment_charges,45,million,USD,6,1,2023-12-30,2023-01-01,current_fy,statutory,"<ix:nonFraction unitRef=""usd"" contextRef=""c-1"" decimals=""-6"" name=""us-gaap:AssetImpairmentCharges"" scale=""6"" id=""f-690"">45</ix:nonFraction>",iXBRL context c-1,codex-independent-source-review,2026-08-15T17:30:00+00:00,Verified from consolidated dimension-free AssetImpairmentCharges iXBRL fact before benchmark extraction,false
gold-ee02-intc-0000050863-24-000010-inventory,INTEL CORP,INTC,ee02-intc-0000050863-24-000010,inventory,11127,million,USD,6,1,2023-12-30,,current_instant,statutory,"<ix:nonFraction unitRef=""usd"" contextRef=""c-7"" decimals=""-6"" name=""us-gaap:InventoryNet"" format=""ixt:num-dot-decimal"" scale=""6"" id=""f-131"">11,127</ix:nonFraction>",iXBRL context c-7,codex-independent-source-review,2026-08-15T17:30:00+00:00,Verified from consolidated dimension-free InventoryNet iXBRL fact before benchmark extraction,false
gold-ee02-intc-0000050863-24-000010-operating_cash_flow,INTEL CORP,INTC,ee02-intc-0000050863-24-000010,operating_cash_flow,11471,million,USD,6,1,2023-12-30,2023-01-01,current_fy,statutory,"<ix:nonFraction unitRef=""usd"" contextRef=""c-1"" decimals=""-6"" name=""us-gaap:NetCashProvidedByUsedInOperatingActivities"" format=""ixt:num-dot-decimal"" scale=""6"" id=""f-245"">11,471</ix:nonFraction>",iXBRL context c-1,codex-independent-source-review,2026-08-15T17:30:00+00:00,Verified from consolidated dimension-free NetCashProvidedByUsedInOperatingActivities iXBRL fact before benchmark extraction,false
gold-ee02-intc-0000050863-24-000010-operating_profit,INTEL CORP,INTC,ee02-intc-0000050863-24-000010,operating_profit,93,million,USD,6,1,2023-12-30,2023-01-01,current_fy,statutory,"<ix:nonFraction unitRef=""usd"" contextRef=""c-1"" decimals=""-6"" name=""us-gaap:OperatingIncomeLoss"" scale=""6"" id=""f-65"">93</ix:nonFraction>",iXBRL context c-1,codex-independent-source-review,2026-08-15T17:30:00+00:00,Verified from consolidated dimension-free OperatingIncomeLoss iXBRL fact before benchmark extraction,false
gold-ee02-intc-0000050863-24-000010-receivables,INTEL CORP,INTC,ee02-intc-0000050863-24-000010,receivables,3402,million,USD,6,1,2023-12-30,,current_instant,statutory,"<ix:nonFraction unitRef=""usd"" contextRef=""c-7"" decimals=""-6"" name=""us-gaap:AccountsReceivableNetCurrent"" format=""ixt:num-dot-decimal"" scale=""6"" id=""f-129"">3,402</ix:nonFraction>",iXBRL context c-7,codex-independent-source-review,2026-08-15T17:30:00+00:00,Verified from consolidated dimension-free AccountsReceivableNetCurrent iXBRL fact before benchmark extraction,false
gold-ee02-intc-0000050863-24-000010-restructuring_charges,INTEL CORP,INTC,ee02-intc-0000050863-24-000010,restructuring_charges,-424,million,USD,6,-1,2023-12-30,2023-01-01,current_fy,statutory,"<ix:nonFraction unitRef=""usd"" contextRef=""c-1"" decimals=""-6"" sign=""-"" name=""us-gaap:RestructuringCharges"" scale=""6"" id=""f-209"">424</ix:nonFraction>",iXBRL context c-1,codex-independent-source-review,2026-08-15T17:30:00+00:00,Verified from consolidated dimension-free RestructuringCharges iXBRL fact before benchmark extraction,false
gold-ee02-intc-0000050863-24-000010-revenue,INTEL CORP,INTC,ee02-intc-0000050863-24-000010,revenue,54228,million,USD,6,1,2023-12-30,2023-01-01,current_fy,statutory,"<ix:nonFraction unitRef=""usd"" contextRef=""c-1"" decimals=""-6"" name=""us-gaap:RevenueFromContractWithCustomerExcludingAssessedTax"" format=""ixt:num-dot-decimal"" scale=""6"" id=""f-44"">54,228</ix:nonFraction>",iXBRL context c-1,codex-independent-source-review,2026-08-15T17:30:00+00:00,Verified from consolidated dimension-free RevenueFromContractWithCustomerExcludingAssessedTax iXBRL fact before benchmark extraction,false
gold-ee02-intc-0000050863-24-000149-capex,INTEL CORP,INTC,ee02-intc-0000050863-24-000149,capex,18110,million,USD,6,1,2024-09-28,2023-12-31,current_ytd,statutory,"<ix:nonFraction unitRef=""usd"" contextRef=""c-1"" decimals=""-6"" name=""us-gaap:PaymentsToAcquirePropertyPlantAndEquipment"" format=""ixt:num-dot-decimal"" scale=""6"" id=""f-236"">18,110</ix:nonFraction>",iXBRL context c-1,codex-independent-source-review,2026-08-15T17:30:00+00:00,Verified from consolidated dimension-free PaymentsToAcquirePropertyPlantAndEquipment iXBRL fact before benchmark extraction,false
gold-ee02-intc-0000050863-24-000149-impairment_charges,INTEL CORP,INTC,ee02-intc-0000050863-24-000149,impairment_charges,3612,million,USD,6,1,2024-09-28,2023-12-31,current_ytd,statutory,"<ix:nonFraction unitRef=""usd"" contextRef=""c-1"" decimals=""-6"" name=""us-gaap:AssetImpairmentCharges"" format=""ixt:num-dot-decimal"" scale=""6"" id=""f-678"">3,612</ix:nonFraction>",iXBRL context c-1,codex-independent-source-review,2026-08-15T17:30:00+00:00,Verified from consolidated dimension-free AssetImpairmentCharges iXBRL fact before benchmark extraction,false
gold-ee02-intc-0000050863-24-000149-inventory,INTEL CORP,INTC,ee02-intc-0000050863-24-000149,inventory,12062,million,USD,6,1,2024-09-28,,current_instant,statutory,"<ix:nonFraction unitRef=""usd"" contextRef=""c-6"" decimals=""-6"" name=""us-gaap:InventoryNet"" format=""ixt:num-dot-decimal"" scale=""6"" id=""f-147"">12,062</ix:nonFraction>",iXBRL context c-6,codex-independent-source-review,2026-08-15T17:30:00+00:00,Verified from consolidated dimension-free InventoryNet iXBRL fact before benchmark extraction,false
gold-ee02-intc-0000050863-24-000149-operating_cash_flow,INTEL CORP,INTC,ee02-intc-0000050863-24-000149,operating_cash_flow,5123,million,USD,6,1,2024-09-28,2023-12-31,current_ytd,statutory,"<ix:nonFraction unitRef=""usd"" contextRef=""c-1"" decimals=""-6"" name=""us-gaap:NetCashProvidedByUsedInOperatingActivities"" format=""ixt:num-dot-decimal"" scale=""6"" id=""f-234"">5,123</ix:nonFraction>",iXBRL context c-1,codex-independent-source-review,2026-08-15T17:30:00+00:00,Verified from consolidated dimension-free NetCashProvidedByUsedInOperatingActivities iXBRL fact before benchmark extraction,false
gold-ee02-intc-0000050863-24-000149-operating_profit,INTEL CORP,INTC,ee02-intc-0000050863-24-000149,operating_profit,-12090,million,USD,6,-1,2024-09-28,2023-12-31,current_ytd,statutory,"<ix:nonFraction unitRef=""usd"" contextRef=""c-1"" decimals=""-6"" sign=""-"" name=""us-gaap:OperatingIncomeLoss"" format=""ixt:num-dot-decimal"" scale=""6"" id=""f-60"">12,090</ix:nonFraction>",iXBRL context c-1,codex-independent-source-review,2026-08-15T17:30:00+00:00,Verified from consolidated dimension-free OperatingIncomeLoss iXBRL fact before benchmark extraction,false
gold-ee02-intc-0000050863-24-000149-receivables,INTEL CORP,INTC,ee02-intc-0000050863-24-000149,receivables,3121,million,USD,6,1,2024-09-28,,current_instant,statutory,"<ix:nonFraction unitRef=""usd"" contextRef=""c-6"" decimals=""-6"" name=""us-gaap:AccountsReceivableNetCurrent"" format=""ixt:num-dot-decimal"" scale=""6"" id=""f-145"">3,121</ix:nonFraction>",iXBRL context c-6,codex-independent-source-review,2026-08-15T17:30:00+00:00,Verified from consolidated dimension-free AccountsReceivableNetCurrent iXBRL fact before benchmark extraction,false
gold-ee02-intc-0000050863-24-000149-restructuring_charges,INTEL CORP,INTC,ee02-intc-0000050863-24-000149,restructuring_charges,3626,million,USD,6,1,2024-09-28,2023-12-31,current_ytd,statutory,"<ix:nonFraction unitRef=""usd"" contextRef=""c-1"" decimals=""-6"" name=""us-gaap:RestructuringCharges"" format=""ixt:num-dot-decimal"" scale=""6"" id=""f-210"">3,626</ix:nonFraction>",iXBRL context c-1,codex-independent-source-review,2026-08-15T17:30:00+00:00,Verified from consolidated dimension-free RestructuringCharges iXBRL fact before benchmark extraction,false
gold-ee02-intc-0000050863-24-000149-revenue,INTEL CORP,INTC,ee02-intc-0000050863-24-000149,revenue,38841,million,USD,6,1,2024-09-28,2023-12-31,current_ytd,statutory,"<ix:nonFraction unitRef=""usd"" contextRef=""c-1"" decimals=""-6"" name=""us-gaap:RevenueFromContractWithCustomerExcludingAssessedTax"" format=""ixt:num-dot-decimal"" scale=""6"" id=""f-32"">38,841</ix:nonFraction>",iXBRL context c-1,codex-independent-source-review,2026-08-15T17:30:00+00:00,Verified from consolidated dimension-free RevenueFromContractWithCustomerExcludingAssessedTax iXBRL fact before benchmark extraction,false
gold-ee02-mmm-0000066740-23-000014-capex,3M CO,MMM,ee02-mmm-0000066740-23-000014,capex,1749,million,USD,6,1,2022-12-31,2022-01-01,current_fy,statutory,"<ix:nonFraction unitRef=""usd"" contextRef=""i787e5bb92a57419eb1119a84a421596f_D20220101-20221231"" decimals=""-6"" name=""us-gaap:PaymentsToAcquirePropertyPlantAndEquipment"" format=""ixt:num-dot-decimal"" scale=""6"" id=""id3VybDovL2RvY3MudjEvZG9jOjMzNDg2YmU4ZGUxNDRiOTlhYTQ0NGI5NzJiNjkxMTAwL3NlYzozMzQ4NmJlOGRlMTQ0Yjk5YWE0NDRiOTcyYjY5MTEwMF8yOC9mcmFnOmY3OGQ4ZmRmOTJlZTRiNjJhZjgxMmE0MmRjZTU1MGJjL3RhYmxlOmEzZjMzMTE0ZWIxMzRjOWE5Y2Q0ZjhkMTQyZmQ4Mzg1L3RhYmxlcmFuZ2U6YTNmMzMxMTRlYjEzNGM5YTljZDRmOGQxNDJmZDgzODVfMjAtNi0xLTEtMjYzOTA0_70872a05-0690-40f4-8e1b-73af7a932327"">1,749</ix:nonFraction>",iXBRL context i787e5bb92a57419eb1119a84a421596f_D20220101-20221231,codex-independent-source-review,2026-08-15T17:30:00+00:00,Verified from consolidated dimension-free PaymentsToAcquirePropertyPlantAndEquipment iXBRL fact before benchmark extraction,false
gold-ee02-mmm-0000066740-23-000014-inventory,3M CO,MMM,ee02-mmm-0000066740-23-000014,inventory,5372,million,USD,6,1,2022-12-31,,current_instant,statutory,"<ix:nonFraction unitRef=""usd"" contextRef=""i60fd63dd89d74df8b18c1a0d9054f11e_I20221231"" decimals=""-6"" name=""us-gaap:InventoryNet"" format=""ixt:num-dot-decimal"" scale=""6"" id=""id3VybDovL2RvY3MudjEvZG9jOjMzNDg2YmU4ZGUxNDRiOTlhYTQ0NGI5NzJiNjkxMTAwL3NlYzozMzQ4NmJlOGRlMTQ0Yjk5YWE0NDRiOTcyYjY5MTEwMF8yNS9mcmFnOjBkOGVjZmUwNGMzYjQ4ODA5MzQ0NDAxYWVkNzZiNjk1L3RhYmxlOjU5NDc3ZTI2YmQyNzQ5Mzk5ZTBiZDNjZjIwZDYyZjdjL3RhYmxlcmFuZ2U6NTk0NzdlMjZiZDI3NDkzOTllMGJkM2NmMjBkNjJmN2NfMTAtMi0xLTEtMjQ5MDAy_fa39999d-b88c-49d9-bd15-4e0da9fb5cee"">5,372</ix:nonFraction>",iXBRL context i60fd63dd89d74df8b18c1a0d9054f11e_I20221231,codex-independent-source-review,2026-08-15T17:30:00+00:00,Verified from consolidated dimension-free InventoryNet iXBRL fact before benchmark extraction,false
gold-ee02-mmm-0000066740-23-000014-operating_cash_flow,3M CO,MMM,ee02-mmm-0000066740-23-000014,operating_cash_flow,5591,million,USD,6,1,2022-12-31,2022-01-01,current_fy,statutory,"<ix:nonFraction unitRef=""usd"" contextRef=""i787e5bb92a57419eb1119a84a421596f_D20220101-20221231"" decimals=""-6"" name=""us-gaap:NetCashProvidedByUsedInOperatingActivities"" format=""ixt:num-dot-decimal"" scale=""6"" id=""id3VybDovL2RvY3MudjEvZG9jOjMzNDg2YmU4ZGUxNDRiOTlhYTQ0NGI5NzJiNjkxMTAwL3NlYzozMzQ4NmJlOGRlMTQ0Yjk5YWE0NDRiOTcyYjY5MTEwMF8yOC9mcmFnOmY3OGQ4ZmRmOTJlZTRiNjJhZjgxMmE0MmRjZTU1MGJjL3RhYmxlOmEzZjMzMTE0ZWIxMzRjOWE5Y2Q0ZjhkMTQyZmQ4Mzg1L3RhYmxlcmFuZ2U6YTNmMzMxMTRlYjEzNGM5YTljZDRmOGQxNDJmZDgzODVfMTctNi0xLTEtMjYzODky_91034451-26f1-4e2c-94de-75f262768c44"">5,591</ix:nonFraction>",iXBRL context i787e5bb92a57419eb1119a84a421596f_D20220101-20221231,codex-independent-source-review,2026-08-15T17:30:00+00:00,Verified from consolidated dimension-free NetCashProvidedByUsedInOperatingActivities iXBRL fact before benchmark extraction,false
gold-ee02-mmm-0000066740-23-000014-operating_profit,3M CO,MMM,ee02-mmm-0000066740-23-000014,operating_profit,6539,million,USD,6,1,2022-12-31,2022-01-01,current_fy,statutory,"<ix:nonFraction unitRef=""usd"" contextRef=""i787e5bb92a57419eb1119a84a421596f_D20220101-20221231"" decimals=""-6"" name=""us-gaap:OperatingIncomeLoss"" format=""ixt:num-dot-decimal"" scale=""6"" id=""id3VybDovL2RvY3MudjEvZG9jOjMzNDg2YmU4ZGUxNDRiOTlhYTQ0NGI5NzJiNjkxMTAwL3NlYzozMzQ4NmJlOGRlMTQ0Yjk5YWE0NDRiOTcyYjY5MTEwMF8xOS9mcmFnOjMzMjkyYjllM2Y1MTQyYmRiOGQ4ZTcyYjNjMGQ1ZGJmL3RhYmxlOjU2N2Y4Y2VjODY1NzQ4MjdhMWU3ZDRiZmNjZGU0MGM0L3RhYmxlcmFuZ2U6NTY3ZjhjZWM4NjU3NDgyN2ExZTdkNGJmY2NkZTQwYzRfMTAtMTAtMS0xLTI2MzMzOQ_695b513c-b7cc-422e-95cb-b7e6f7ce18ef"">6,539</ix:nonFraction>",iXBRL context i787e5bb92a57419eb1119a84a421596f_D20220101-20221231,codex-independent-source-review,2026-08-15T17:30:00+00:00,Verified from consolidated dimension-free OperatingIncomeLoss iXBRL fact before benchmark extraction,false
gold-ee02-mmm-0000066740-23-000014-receivables,3M CO,MMM,ee02-mmm-0000066740-23-000014,receivables,4532,million,USD,6,1,2022-12-31,,current_instant,statutory,"<ix:nonFraction unitRef=""usd"" contextRef=""i60fd63dd89d74df8b18c1a0d9054f11e_I20221231"" decimals=""-6"" name=""us-gaap:AccountsReceivableNetCurrent"" format=""ixt:num-dot-decimal"" scale=""6"" id=""id3VybDovL2RvY3MudjEvZG9jOjMzNDg2YmU4ZGUxNDRiOTlhYTQ0NGI5NzJiNjkxMTAwL3NlYzozMzQ4NmJlOGRlMTQ0Yjk5YWE0NDRiOTcyYjY5MTEwMF8yNS9mcmFnOjBkOGVjZmUwNGMzYjQ4ODA5MzQ0NDAxYWVkNzZiNjk1L3RhYmxlOjU5NDc3ZTI2YmQyNzQ5Mzk5ZTBiZDNjZjIwZDYyZjdjL3RhYmxlcmFuZ2U6NTk0NzdlMjZiZDI3NDkzOTllMGJkM2NmMjBkNjJmN2NfNS0yLTEtMS0yNDkwMDI_46373d01-108b-4c66-ab1e-40b7eed050d0"">4,532</ix:nonFraction>",iXBRL context i60fd63dd89d74df8b18c1a0d9054f11e_I20221231,codex-independent-source-review,2026-08-15T17:30:00+00:00,Verified from consolidated dimension-free AccountsReceivableNetCurrent iXBRL fact before benchmark extraction,false
gold-ee02-mmm-0000066740-23-000014-revenue,3M CO,MMM,ee02-mmm-0000066740-23-000014,revenue,34229,million,USD,6,1,2022-12-31,2022-01-01,current_fy,statutory,"<ix:nonFraction unitRef=""usd"" contextRef=""i787e5bb92a57419eb1119a84a421596f_D20220101-20221231"" decimals=""-6"" name=""us-gaap:Revenues"" format=""ixt:num-dot-decimal"" scale=""6"" id=""id3VybDovL2RvY3MudjEvZG9jOjMzNDg2YmU4ZGUxNDRiOTlhYTQ0NGI5NzJiNjkxMTAwL3NlYzozMzQ4NmJlOGRlMTQ0Yjk5YWE0NDRiOTcyYjY5MTEwMF8xOS9mcmFnOjMzMjkyYjllM2Y1MTQyYmRiOGQ4ZTcyYjNjMGQ1ZGJmL3RhYmxlOjU2N2Y4Y2VjODY1NzQ4MjdhMWU3ZDRiZmNjZGU0MGM0L3RhYmxlcmFuZ2U6NTY3ZjhjZWM4NjU3NDgyN2ExZTdkNGJmY2NkZTQwYzRfMi0xMC0xLTEtMjYzMzE4_368b49c1-63d6-414a-b282-9a515c75dd82"">34,229</ix:nonFraction>",iXBRL context i787e5bb92a57419eb1119a84a421596f_D20220101-20221231,codex-independent-source-review,2026-08-15T17:30:00+00:00,Verified from consolidated dimension-free Revenues iXBRL fact before benchmark extraction,false
gold-ee02-mmm-0000066740-24-000016-capex,3M CO,MMM,ee02-mmm-0000066740-24-000016,capex,1615,million,USD,6,1,2023-12-31,2023-01-01,current_fy,statutory,"<ix:nonFraction unitRef=""usd"" contextRef=""c-1"" decimals=""-6"" name=""us-gaap:PaymentsToAcquirePropertyPlantAndEquipment"" format=""ixt:num-dot-decimal"" scale=""6"" id=""f-361"">1,615</ix:nonFraction>",iXBRL context c-1,codex-independent-source-review,2026-08-15T17:30:00+00:00,Verified from consolidated dimension-free PaymentsToAcquirePropertyPlantAndEquipment iXBRL fact before benchmark extraction,false
gold-ee02-mmm-0000066740-24-000016-inventory,3M CO,MMM,ee02-mmm-0000066740-24-000016,inventory,4822,million,USD,6,1,2023-12-31,,current_instant,statutory,"<ix:nonFraction unitRef=""usd"" contextRef=""c-11"" decimals=""-6"" name=""us-gaap:InventoryNet"" format=""ixt:num-dot-decimal"" scale=""6"" id=""f-149"">4,822</ix:nonFraction>",iXBRL context c-11,codex-independent-source-review,2026-08-15T17:30:00+00:00,Verified from consolidated dimension-free InventoryNet iXBRL fact before benchmark extraction,false
gold-ee02-mmm-0000066740-24-000016-operating_cash_flow,3M CO,MMM,ee02-mmm-0000066740-24-000016,operating_cash_flow,6680,million,USD,6,1,2023-12-31,2023-01-01,current_fy,statutory,"<ix:nonFraction unitRef=""usd"" contextRef=""c-1"" decimals=""-6"" name=""us-gaap:NetCashProvidedByUsedInOperatingActivities"" format=""ixt:num-dot-decimal"" scale=""6"" id=""f-358"">6,680</ix:nonFraction>",iXBRL context c-1,codex-independent-source-review,2026-08-15T17:30:00+00:00,Verified from consolidated dimension-free NetCashProvidedByUsedInOperatingActivities iXBRL fact before benchmark extraction,false
gold-ee02-mmm-0000066740-24-000016-operating_profit,3M CO,MMM,ee02-mmm-0000066740-24-000016,operating_profit,-9128,million,USD,6,-1,2023-12-31,2023-01-01,current_fy,statutory,"<ix:nonFraction unitRef=""usd"" contextRef=""c-1"" decimals=""-6"" sign=""-"" name=""us-gaap:OperatingIncomeLoss"" format=""ixt:num-dot-decimal"" scale=""6"" id=""f-72"">9,128</ix:nonFraction>",iXBRL context c-1,codex-independent-source-review,2026-08-15T17:30:00+00:00,Verified from consolidated dimension-free OperatingIncomeLoss iXBRL fact before benchmark extraction,false
gold-ee02-mmm-0000066740-24-000016-receivables,3M CO,MMM,ee02-mmm-0000066740-24-000016,receivables,4750,million,USD,6,1,2023-12-31,,current_instant,statutory,"<ix:nonFraction unitRef=""usd"" contextRef=""c-11"" decimals=""-6"" name=""us-gaap:AccountsReceivableNetCurrent"" format=""ixt:num-dot-decimal"" scale=""6"" id=""f-141"">4,750</ix:nonFraction>",iXBRL context c-11,codex-independent-source-review,2026-08-15T17:30:00+00:00,Verified from consolidated dimension-free AccountsReceivableNetCurrent iXBRL fact before benchmark extraction,false
gold-ee02-mmm-0000066740-24-000016-revenue,3M CO,MMM,ee02-mmm-0000066740-24-000016,revenue,32681,million,USD,6,1,2023-12-31,2023-01-01,current_fy,statutory,"<ix:nonFraction unitRef=""usd"" contextRef=""c-1"" decimals=""-6"" name=""us-gaap:Revenues"" format=""ixt:num-dot-decimal"" scale=""6"" id=""f-51"">32,681</ix:nonFraction>",iXBRL context c-1,codex-independent-source-review,2026-08-15T17:30:00+00:00,Verified from consolidated dimension-free Revenues iXBRL fact before benchmark extraction,false
gold-ee02-msft-0000950170-23-035122-capex,MICROSOFT CORP,MSFT,ee02-msft-0000950170-23-035122,capex,28107,million,USD,6,1,2023-06-30,2022-07-01,current_fy,statutory,"<ix:nonFraction id=""F_b46cc955-7ab2-483b-81b7-1c652d624bc5"" contextRef=""C_da7a1266-ce2b-41b7-83ff-bb6e03dc1fa5"" name=""us-gaap:PaymentsToAcquirePropertyPlantAndEquipment"" unitRef=""U_USD"" scale=""6"" decimals=""-6"" format=""ixt:num-dot-decimal"">28,107</ix:nonFraction>",iXBRL context C_da7a1266-ce2b-41b7-83ff-bb6e03dc1fa5,codex-independent-source-review,2026-08-15T17:30:00+00:00,Verified from consolidated dimension-free PaymentsToAcquirePropertyPlantAndEquipment iXBRL fact before benchmark extraction,false
gold-ee02-msft-0000950170-23-035122-inventory,MICROSOFT CORP,MSFT,ee02-msft-0000950170-23-035122,inventory,2500,million,USD,6,1,2023-06-30,,current_instant,statutory,"<ix:nonFraction id=""F_cac8c656-72e3-4872-8e53-bb6adfbb6722"" contextRef=""C_d4129f7a-27bd-4daf-8d40-6ace4c3b7548"" name=""us-gaap:InventoryNet"" unitRef=""U_USD"" scale=""6"" decimals=""-6"" format=""ixt:num-dot-decimal"">2,500</ix:nonFraction>",iXBRL context C_d4129f7a-27bd-4daf-8d40-6ace4c3b7548,codex-independent-source-review,2026-08-15T17:30:00+00:00,Verified from consolidated dimension-free InventoryNet iXBRL fact before benchmark extraction,false
gold-ee02-msft-0000950170-23-035122-operating_cash_flow,MICROSOFT CORP,MSFT,ee02-msft-0000950170-23-035122,operating_cash_flow,87582,million,USD,6,1,2023-06-30,2022-07-01,current_fy,statutory,"<ix:nonFraction id=""F_98a44173-0601-4d40-980a-0ac8e42e1f26"" contextRef=""C_da7a1266-ce2b-41b7-83ff-bb6e03dc1fa5"" name=""us-gaap:NetCashProvidedByUsedInOperatingActivities"" unitRef=""U_USD"" scale=""6"" decimals=""-6"" format=""ixt:num-dot-decimal"">87,582</ix:nonFraction>",iXBRL context C_da7a1266-ce2b-41b7-83ff-bb6e03dc1fa5,codex-independent-source-review,2026-08-15T17:30:00+00:00,Verified from consolidated dimension-free NetCashProvidedByUsedInOperatingActivities iXBRL fact before benchmark extraction,false
gold-ee02-msft-0000950170-23-035122-operating_profit,MICROSOFT CORP,MSFT,ee02-msft-0000950170-23-035122,operating_profit,88523,million,USD,6,1,2023-06-30,2022-07-01,current_fy,statutory,"<ix:nonFraction id=""F_1815dec1-a18d-4a8d-98a0-bb61a45c47ae"" contextRef=""C_da7a1266-ce2b-41b7-83ff-bb6e03dc1fa5"" name=""us-gaap:OperatingIncomeLoss"" unitRef=""U_USD"" scale=""6"" decimals=""-6"" format=""ixt:num-dot-decimal"">88,523</ix:nonFraction>",iXBRL context C_da7a1266-ce2b-41b7-83ff-bb6e03dc1fa5,codex-independent-source-review,2026-08-15T17:30:00+00:00,Verified from consolidated dimension-free OperatingIncomeLoss iXBRL fact before benchmark extraction,false
gold-ee02-msft-0000950170-23-035122-receivables,MICROSOFT CORP,MSFT,ee02-msft-0000950170-23-035122,receivables,48688,million,USD,6,1,2023-06-30,,current_instant,statutory,"<ix:nonFraction id=""F_258ef975-ded1-49a5-84cf-fa085fff88a0"" contextRef=""C_d4129f7a-27bd-4daf-8d40-6ace4c3b7548"" name=""us-gaap:AccountsReceivableNetCurrent"" unitRef=""U_USD"" scale=""6"" decimals=""-6"" format=""ixt:num-dot-decimal"">48,688</ix:nonFraction>",iXBRL context C_d4129f7a-27bd-4daf-8d40-6ace4c3b7548,codex-independent-source-review,2026-08-15T17:30:00+00:00,Verified from consolidated dimension-free AccountsReceivableNetCurrent iXBRL fact before benchmark extraction,false
gold-ee02-msft-0000950170-23-035122-revenue,MICROSOFT CORP,MSFT,ee02-msft-0000950170-23-035122,revenue,211915,million,USD,6,1,2023-06-30,2022-07-01,current_fy,statutory,"<ix:nonFraction id=""F_1574d8d7-79cc-48b4-b29c-3394ed5cb819"" contextRef=""C_da7a1266-ce2b-41b7-83ff-bb6e03dc1fa5"" name=""us-gaap:RevenueFromContractWithCustomerExcludingAssessedTax"" unitRef=""U_USD"" scale=""6"" decimals=""-6"" format=""ixt:num-dot-decimal"">211,915</ix:nonFraction>",iXBRL context C_da7a1266-ce2b-41b7-83ff-bb6e03dc1fa5,codex-independent-source-review,2026-08-15T17:30:00+00:00,Verified from consolidated dimension-free RevenueFromContractWithCustomerExcludingAssessedTax iXBRL fact before benchmark extraction,false
gold-ee02-msft-0000950170-24-087843-capex,MICROSOFT CORP,MSFT,ee02-msft-0000950170-24-087843,capex,44477,million,USD,6,1,2024-06-30,2023-07-01,current_fy,statutory,"<ix:nonFraction id=""F_71ff2950-cbd3-4c83-bb23-32de50415b63"" contextRef=""C_6dbdb3a2-9baf-41b4-922d-f59879124337"" name=""us-gaap:PaymentsToAcquirePropertyPlantAndEquipment"" unitRef=""U_USD"" scale=""6"" decimals=""-6"" format=""ixt:num-dot-decimal"">44,477</ix:nonFraction>",iXBRL context C_6dbdb3a2-9baf-41b4-922d-f59879124337,codex-independent-source-review,2026-08-15T17:30:00+00:00,Verified from consolidated dimension-free PaymentsToAcquirePropertyPlantAndEquipment iXBRL fact before benchmark extraction,false
gold-ee02-msft-0000950170-24-087843-inventory,MICROSOFT CORP,MSFT,ee02-msft-0000950170-24-087843,inventory,1246,million,USD,6,1,2024-06-30,,current_instant,statutory,"<ix:nonFraction id=""F_25a4aa8e-5944-47f9-a389-18d457b0037c"" contextRef=""C_910b395a-5d62-4894-aa42-1da4086261cc"" name=""us-gaap:InventoryNet"" unitRef=""U_USD"" scale=""6"" decimals=""-6"" format=""ixt:num-dot-decimal"">1,246</ix:nonFraction>",iXBRL context C_910b395a-5d62-4894-aa42-1da4086261cc,codex-independent-source-review,2026-08-15T17:30:00+00:00,Verified from consolidated dimension-free InventoryNet iXBRL fact before benchmark extraction,false
gold-ee02-msft-0000950170-24-087843-operating_cash_flow,MICROSOFT CORP,MSFT,ee02-msft-0000950170-24-087843,operating_cash_flow,118548,million,USD,6,1,2024-06-30,2023-07-01,current_fy,statutory,"<ix:nonFraction id=""F_5e3b81df-e81c-454e-a9d2-a11ba652f66b"" contextRef=""C_6dbdb3a2-9baf-41b4-922d-f59879124337"" name=""us-gaap:NetCashProvidedByUsedInOperatingActivities"" unitRef=""U_USD"" scale=""6"" decimals=""-6"" format=""ixt:num-dot-decimal"">118,548</ix:nonFraction>",iXBRL context C_6dbdb3a2-9baf-41b4-922d-f59879124337,codex-independent-source-review,2026-08-15T17:30:00+00:00,Verified from consolidated dimension-free NetCashProvidedByUsedInOperatingActivities iXBRL fact before benchmark extraction,false
gold-ee02-msft-0000950170-24-087843-operating_profit,MICROSOFT CORP,MSFT,ee02-msft-0000950170-24-087843,operating_profit,109433,million,USD,6,1,2024-06-30,2023-07-01,current_fy,statutory,"<ix:nonFraction id=""F_9f7b7768-a2fe-467b-a8b5-4ef00c08bfd6"" contextRef=""C_6dbdb3a2-9baf-41b4-922d-f59879124337"" name=""us-gaap:OperatingIncomeLoss"" unitRef=""U_USD"" scale=""6"" decimals=""-6"" format=""ixt:num-dot-decimal"">109,433</ix:nonFraction>",iXBRL context C_6dbdb3a2-9baf-41b4-922d-f59879124337,codex-independent-source-review,2026-08-15T17:30:00+00:00,Verified from consolidated dimension-free OperatingIncomeLoss iXBRL fact before benchmark extraction,false
gold-ee02-msft-0000950170-24-087843-receivables,MICROSOFT CORP,MSFT,ee02-msft-0000950170-24-087843,receivables,56924,million,USD,6,1,2024-06-30,,current_instant,statutory,"<ix:nonFraction id=""F_7fbd4443-1f89-4237-b4db-1d14acd338b3"" contextRef=""C_910b395a-5d62-4894-aa42-1da4086261cc"" name=""us-gaap:AccountsReceivableNetCurrent"" unitRef=""U_USD"" scale=""6"" decimals=""-6"" format=""ixt:num-dot-decimal"">56,924</ix:nonFraction>",iXBRL context C_910b395a-5d62-4894-aa42-1da4086261cc,codex-independent-source-review,2026-08-15T17:30:00+00:00,Verified from consolidated dimension-free AccountsReceivableNetCurrent iXBRL fact before benchmark extraction,false
gold-ee02-msft-0000950170-24-087843-revenue,MICROSOFT CORP,MSFT,ee02-msft-0000950170-24-087843,revenue,245122,million,USD,6,1,2024-06-30,2023-07-01,current_fy,statutory,"<ix:nonFraction id=""F_3c083f9d-9cbe-4037-b6c1-310e199227a1"" contextRef=""C_6dbdb3a2-9baf-41b4-922d-f59879124337"" name=""us-gaap:RevenueFromContractWithCustomerExcludingAssessedTax"" unitRef=""U_USD"" scale=""6"" decimals=""-6"" format=""ixt:num-dot-decimal"">245,122</ix:nonFraction>",iXBRL context C_6dbdb3a2-9baf-41b4-922d-f59879124337,codex-independent-source-review,2026-08-15T17:30:00+00:00,Verified from consolidated dimension-free RevenueFromContractWithCustomerExcludingAssessedTax iXBRL fact before benchmark extraction,false
gold-ee02-msft-0000950170-24-118967-capex,MICROSOFT CORP,MSFT,ee02-msft-0000950170-24-118967,capex,14923,million,USD,6,1,2024-09-30,2024-07-01,current_quarter,statutory,"<ix:nonFraction id=""F_cc704c9e-2992-4450-9a58-325dbbd53494"" contextRef=""C_d3ddc11e-6dbd-479e-bbe6-c539e2f4c163"" name=""us-gaap:PaymentsToAcquirePropertyPlantAndEquipment"" unitRef=""U_USD"" scale=""6"" decimals=""-6"" format=""ixt:num-dot-decimal"">14,923</ix:nonFraction>",iXBRL context C_d3ddc11e-6dbd-479e-bbe6-c539e2f4c163,codex-independent-source-review,2026-08-15T17:30:00+00:00,Verified from consolidated dimension-free PaymentsToAcquirePropertyPlantAndEquipment iXBRL fact before benchmark extraction,false
gold-ee02-msft-0000950170-24-118967-inventory,MICROSOFT CORP,MSFT,ee02-msft-0000950170-24-118967,inventory,1626,million,USD,6,1,2024-09-30,,current_instant,statutory,"<ix:nonFraction id=""F_ee0d1107-4b75-4f47-a9b3-5750a3fbd0ac"" contextRef=""C_118d01ba-5bba-4505-9658-fa0d182bdfd3"" name=""us-gaap:InventoryNet"" unitRef=""U_USD"" scale=""6"" decimals=""-6"" format=""ixt:num-dot-decimal"">1,626</ix:nonFraction>",iXBRL context C_118d01ba-5bba-4505-9658-fa0d182bdfd3,codex-independent-source-review,2026-08-15T17:30:00+00:00,Verified from consolidated dimension-free InventoryNet iXBRL fact before benchmark extraction,false
gold-ee02-msft-0000950170-24-118967-operating_cash_flow,MICROSOFT CORP,MSFT,ee02-msft-0000950170-24-118967,operating_cash_flow,34180,million,USD,6,1,2024-09-30,2024-07-01,current_quarter,statutory,"<ix:nonFraction id=""F_3b43822b-83f5-4236-9a54-c9ba28ca2dbf"" contextRef=""C_d3ddc11e-6dbd-479e-bbe6-c539e2f4c163"" name=""us-gaap:NetCashProvidedByUsedInOperatingActivities"" unitRef=""U_USD"" scale=""6"" decimals=""-6"" format=""ixt:num-dot-decimal"">34,180</ix:nonFraction>",iXBRL context C_d3ddc11e-6dbd-479e-bbe6-c539e2f4c163,codex-independent-source-review,2026-08-15T17:30:00+00:00,Verified from consolidated dimension-free NetCashProvidedByUsedInOperatingActivities iXBRL fact before benchmark extraction,false
gold-ee02-msft-0000950170-24-118967-operating_profit,MICROSOFT CORP,MSFT,ee02-msft-0000950170-24-118967,operating_profit,30552,million,USD,6,1,2024-09-30,2024-07-01,current_quarter,statutory,"<ix:nonFraction id=""F_03d922e7-75d9-4994-912d-c7376a5fb98e"" contextRef=""C_d3ddc11e-6dbd-479e-bbe6-c539e2f4c163"" name=""us-gaap:OperatingIncomeLoss"" unitRef=""U_USD"" scale=""6"" decimals=""-6"" format=""ixt:num-dot-decimal"">30,552</ix:nonFraction>",iXBRL context C_d3ddc11e-6dbd-479e-bbe6-c539e2f4c163,codex-independent-source-review,2026-08-15T17:30:00+00:00,Verified from consolidated dimension-free OperatingIncomeLoss iXBRL fact before benchmark extraction,false
gold-ee02-msft-0000950170-24-118967-receivables,MICROSOFT CORP,MSFT,ee02-msft-0000950170-24-118967,receivables,44148,million,USD,6,1,2024-09-30,,current_instant,statutory,"<ix:nonFraction id=""F_ac016672-468e-4d42-aac4-2f00417582b5"" contextRef=""C_118d01ba-5bba-4505-9658-fa0d182bdfd3"" name=""us-gaap:AccountsReceivableNetCurrent"" unitRef=""U_USD"" scale=""6"" decimals=""-6"" format=""ixt:num-dot-decimal"">44,148</ix:nonFraction>",iXBRL context C_118d01ba-5bba-4505-9658-fa0d182bdfd3,codex-independent-source-review,2026-08-15T17:30:00+00:00,Verified from consolidated dimension-free AccountsReceivableNetCurrent iXBRL fact before benchmark extraction,false
gold-ee02-msft-0000950170-24-118967-revenue,MICROSOFT CORP,MSFT,ee02-msft-0000950170-24-118967,revenue,65585,million,USD,6,1,2024-09-30,2024-07-01,current_quarter,statutory,"<ix:nonFraction id=""F_9fbcc289-fc6d-4304-946e-c96a8058e717"" contextRef=""C_d3ddc11e-6dbd-479e-bbe6-c539e2f4c163"" name=""us-gaap:RevenueFromContractWithCustomerExcludingAssessedTax"" unitRef=""U_USD"" scale=""6"" decimals=""-6"" format=""ixt:num-dot-decimal"">65,585</ix:nonFraction>",iXBRL context C_d3ddc11e-6dbd-479e-bbe6-c539e2f4c163,codex-independent-source-review,2026-08-15T17:30:00+00:00,Verified from consolidated dimension-free RevenueFromContractWithCustomerExcludingAssessedTax iXBRL fact before benchmark extraction,false
gold-ee02-nue-0001564590-23-002793-capex,NUCOR CORP,NUE,ee02-nue-0001564590-23-002793,capex,1947.897,million,USD,3,1,2022-12-31,2022-01-01,current_fy,statutory,"<ix:nonFraction unitRef=""U_iso4217USD"" id=""F_000383"" name=""us-gaap:PaymentsToAcquirePropertyPlantAndEquipment"" contextRef=""C_0000073309_20220101_20221231"" decimals=""-3"" format=""ixt:numdotdecimal"" scale=""3"">1,947,897</ix:nonFraction>",iXBRL context C_0000073309_20220101_20221231,codex-independent-source-review,2026-08-15T17:30:00+00:00,Verified from consolidated dimension-free PaymentsToAcquirePropertyPlantAndEquipment iXBRL fact before benchmark extraction,false
gold-ee02-nue-0001564590-23-002793-inventory,NUCOR CORP,NUE,ee02-nue-0001564590-23-002793,inventory,5453.531,million,USD,3,1,2022-12-31,,current_instant,statutory,"<ix:nonFraction unitRef=""U_iso4217USD"" id=""F_000043"" name=""us-gaap:InventoryNet"" contextRef=""C_0000073309_20221231"" decimals=""-3"" format=""ixt:numdotdecimal"" scale=""3"">5,453,531</ix:nonFraction>",iXBRL context C_0000073309_20221231,codex-independent-source-review,2026-08-15T17:30:00+00:00,Verified from consolidated dimension-free InventoryNet iXBRL fact before benchmark extraction,false
gold-ee02-nue-0001564590-23-002793-operating_cash_flow,NUCOR CORP,NUE,ee02-nue-0001564590-23-002793,operating_cash_flow,10072.054,million,USD,3,1,2022-12-31,2022-01-01,current_fy,statutory,"<ix:nonFraction unitRef=""U_iso4217USD"" id=""F_000380"" name=""us-gaap:NetCashProvidedByUsedInOperatingActivities"" contextRef=""C_0000073309_20220101_20221231"" decimals=""-3"" format=""ixt:numdotdecimal"" scale=""3"">10,072,054</ix:nonFraction>",iXBRL context C_0000073309_20220101_20221231,codex-independent-source-review,2026-08-15T17:30:00+00:00,Verified from consolidated dimension-free NetCashProvidedByUsedInOperatingActivities iXBRL fact before benchmark extraction,false
gold-ee02-nue-0001564590-23-002793-receivables,NUCOR CORP,NUE,ee02-nue-0001564590-23-002793,receivables,3591.03,million,USD,3,1,2022-12-31,,current_instant,statutory,"<ix:nonFraction unitRef=""U_iso4217USD"" id=""F_000041"" name=""us-gaap:AccountsReceivableNetCurrent"" contextRef=""C_0000073309_20221231"" decimals=""-3"" format=""ixt:numdotdecimal"" scale=""3"">3,591,030</ix:nonFraction>",iXBRL context C_0000073309_20221231,codex-independent-source-review,2026-08-15T17:30:00+00:00,Verified from consolidated dimension-free AccountsReceivableNetCurrent iXBRL fact before benchmark extraction,false
gold-ee02-nue-0001564590-23-002793-revenue,NUCOR CORP,NUE,ee02-nue-0001564590-23-002793,revenue,41512.467,million,USD,3,1,2022-12-31,2022-01-01,current_fy,statutory,"<ix:nonFraction unitRef=""U_iso4217USD"" id=""F_000105"" name=""us-gaap:RevenueFromContractWithCustomerExcludingAssessedTax"" contextRef=""C_0000073309_20220101_20221231"" decimals=""-3"" format=""ixt:numdotdecimal"" scale=""3"">41,512,467</ix:nonFraction>",iXBRL context C_0000073309_20220101_20221231,codex-independent-source-review,2026-08-15T17:30:00+00:00,Verified from consolidated dimension-free RevenueFromContractWithCustomerExcludingAssessedTax iXBRL fact before benchmark extraction,false
gold-ee02-nue-0000950170-24-021195-capex,NUCOR CORP,NUE,ee02-nue-0000950170-24-021195,capex,2214.157,million,USD,3,1,2023-12-31,2023-01-01,current_fy,statutory,"<ix:nonFraction id=""F_c6887dfd-cdbe-4703-97ae-58cdc94b307f"" contextRef=""C_8822b403-1d1d-4def-9dbb-0ad9857ed7f5"" name=""us-gaap:PaymentsToAcquirePropertyPlantAndEquipment"" unitRef=""U_USD"" scale=""3"" decimals=""-3"" format=""ixt:num-dot-decimal"">2,214,157</ix:nonFraction>",iXBRL context C_8822b403-1d1d-4def-9dbb-0ad9857ed7f5,codex-independent-source-review,2026-08-15T17:30:00+00:00,Verified from consolidated dimension-free PaymentsToAcquirePropertyPlantAndEquipment iXBRL fact before benchmark extraction,false
gold-ee02-nue-0000950170-24-021195-inventory,NUCOR CORP,NUE,ee02-nue-0000950170-24-021195,inventory,5577.758,million,USD,3,1,2023-12-31,,current_instant,statutory,"<ix:nonFraction id=""F_5a0f862d-222f-48f1-b9e4-b82845dd0742"" contextRef=""C_faa0cef5-7d02-4eef-8932-855cad4321bb"" name=""us-gaap:InventoryNet"" unitRef=""U_USD"" scale=""3"" decimals=""-3"" format=""ixt:num-dot-decimal"">5,577,758</ix:nonFraction>",iXBRL context C_faa0cef5-7d02-4eef-8932-855cad4321bb,codex-independent-source-review,2026-08-15T17:30:00+00:00,Verified from consolidated dimension-free InventoryNet iXBRL fact before benchmark extraction,false
gold-ee02-nue-0000950170-24-021195-operating_cash_flow,NUCOR CORP,NUE,ee02-nue-0000950170-24-021195,operating_cash_flow,7111.931,million,USD,3,1,2023-12-31,2023-01-01,current_fy,statutory,"<ix:nonFraction id=""F_c5f1d226-6e75-47e9-8c02-30654f18f74d"" contextRef=""C_8822b403-1d1d-4def-9dbb-0ad9857ed7f5"" name=""us-gaap:NetCashProvidedByUsedInOperatingActivities"" unitRef=""U_USD"" scale=""3"" decimals=""-3"" format=""ixt:num-dot-decimal"">7,111,931</ix:nonFraction>",iXBRL context C_8822b403-1d1d-4def-9dbb-0ad9857ed7f5,codex-independent-source-review,2026-08-15T17:30:00+00:00,Verified from consolidated dimension-free NetCashProvidedByUsedInOperatingActivities iXBRL fact before benchmark extraction,false
gold-ee02-nue-0000950170-24-021195-receivables,NUCOR CORP,NUE,ee02-nue-0000950170-24-021195,receivables,2953.311,million,USD,3,1,2023-12-31,,current_instant,statutory,"<ix:nonFraction id=""F_611f0c34-da10-4970-923f-45f0fb0ee9f2"" contextRef=""C_faa0cef5-7d02-4eef-8932-855cad4321bb"" name=""us-gaap:AccountsReceivableNetCurrent"" unitRef=""U_USD"" scale=""3"" decimals=""-3"" format=""ixt:num-dot-decimal"">2,953,311</ix:nonFraction>",iXBRL context C_faa0cef5-7d02-4eef-8932-855cad4321bb,codex-independent-source-review,2026-08-15T17:30:00+00:00,Verified from consolidated dimension-free AccountsReceivableNetCurrent iXBRL fact before benchmark extraction,false
gold-ee02-nue-0000950170-24-021195-revenue,NUCOR CORP,NUE,ee02-nue-0000950170-24-021195,revenue,34713.501,million,USD,3,1,2023-12-31,2023-01-01,current_fy,statutory,"<ix:nonFraction id=""F_96b11c5a-edd8-4580-8683-62cc8e03e1fe"" contextRef=""C_8822b403-1d1d-4def-9dbb-0ad9857ed7f5"" name=""us-gaap:RevenueFromContractWithCustomerExcludingAssessedTax"" unitRef=""U_USD"" scale=""3"" decimals=""-3"" format=""ixt:num-dot-decimal"">34,713,501</ix:nonFraction>",iXBRL context C_8822b403-1d1d-4def-9dbb-0ad9857ed7f5,codex-independent-source-review,2026-08-15T17:30:00+00:00,Verified from consolidated dimension-free RevenueFromContractWithCustomerExcludingAssessedTax iXBRL fact before benchmark extraction,false
gold-ee02-nvda-0001045810-23-000017-inventory,NVIDIA CORP,NVDA,ee02-nvda-0001045810-23-000017,inventory,5159,million,USD,6,1,2023-01-29,,current_instant,statutory,"<ix:nonFraction unitRef=""usd"" contextRef=""i09aa2d0339d44ae0ab29b1068c498c27_I20230129"" decimals=""-6"" name=""us-gaap:InventoryNet"" format=""ixt:num-dot-decimal"" scale=""6"" id=""id3VybDovL2RvY3MudjEvZG9jOjhjZTVjMjViOTM4NDQ1YjFiZWM4MzU3NzdkNmNlY2U5L3NlYzo4Y2U1YzI1YjkzODQ0NWIxYmVjODM1Nzc3ZDZjZWNlOV8xMDMvZnJhZzo0MGFmNDY2YWY0OWQ0YmRiOWE4Mjk4MTUzZWRlNDliNy90YWJsZToyY2Q4YzI2ZjZhMzQ0NjJkYWQ2N2EzNmMxZTg1ZmI2Ni90YWJsZXJhbmdlOjJjZDhjMjZmNmEzNDQ2MmRhZDY3YTM2YzFlODVmYjY2XzYtMS0xLTEtNjYyMDA_2909e1fd-0481-4cb5-92d6-7bec8294bc62"">5,159</ix:nonFraction>",iXBRL context i09aa2d0339d44ae0ab29b1068c498c27_I20230129,codex-independent-source-review,2026-08-15T17:30:00+00:00,Verified from consolidated dimension-free InventoryNet iXBRL fact before benchmark extraction,false
gold-ee02-nvda-0001045810-23-000017-operating_cash_flow,NVIDIA CORP,NVDA,ee02-nvda-0001045810-23-000017,operating_cash_flow,5641,million,USD,6,1,2023-01-29,2022-01-31,current_fy,statutory,"<ix:nonFraction unitRef=""usd"" contextRef=""i793edb174e3c4f8499d46ce84a602d1b_D20220131-20230129"" decimals=""-6"" name=""us-gaap:NetCashProvidedByUsedInOperatingActivities"" format=""ixt:num-dot-decimal"" scale=""6"" id=""id3VybDovL2RvY3MudjEvZG9jOjhjZTVjMjViOTM4NDQ1YjFiZWM4MzU3NzdkNmNlY2U5L3NlYzo4Y2U1YzI1YjkzODQ0NWIxYmVjODM1Nzc3ZDZjZWNlOV8xMTUvZnJhZzplZWQ0YjMxMTc2Njk0MTUxOGZiM2IxYmE2MTA4YTcwYy90YWJsZToxZDc5NDY4NTJkOWU0NzBjOTRlNTM5ZjFkZDcyNDkwNi90YWJsZXJhbmdlOjFkNzk0Njg1MmQ5ZTQ3MGM5NGU1MzlmMWRkNzI0OTA2XzE5LTEtMS0xLTY2MjAw_3cf4c924-9c2a-4727-b01d-80382f027bfb"">5,641</ix:nonFraction>",iXBRL context i793edb174e3c4f8499d46ce84a602d1b_D20220131-20230129,codex-independent-source-review,2026-08-15T17:30:00+00:00,Verified from consolidated dimension-free NetCashProvidedByUsedInOperatingActivities iXBRL fact before benchmark extraction,false
gold-ee02-nvda-0001045810-23-000017-operating_profit,NVIDIA CORP,NVDA,ee02-nvda-0001045810-23-000017,operating_profit,4224,million,USD,6,1,2023-01-29,2022-01-31,current_fy,statutory,"<ix:nonFraction unitRef=""usd"" contextRef=""i793edb174e3c4f8499d46ce84a602d1b_D20220131-20230129"" decimals=""-6"" name=""us-gaap:OperatingIncomeLoss"" format=""ixt:num-dot-decimal"" scale=""6"" id=""id3VybDovL2RvY3MudjEvZG9jOjhjZTVjMjViOTM4NDQ1YjFiZWM4MzU3NzdkNmNlY2U5L3NlYzo4Y2U1YzI1YjkzODQ0NWIxYmVjODM1Nzc3ZDZjZWNlOV85Ny9mcmFnOjZmYzdlYTc1OTNhMDQ4OGJiNjA5OWUwYmY4MTU2NmE2L3RhYmxlOjRhOTEyMTRmYTdhYTQ5ZGVhNzExYWM1OWI3YjJiY2NmL3RhYmxlcmFuZ2U6NGE5MTIxNGZhN2FhNDlkZWE3MTFhYzU5YjdiMmJjY2ZfOS0xLTEtMS02NjIwMA_4bddb1bf-5ed7-44f3-887e-48bed7169239"">4,224</ix:nonFraction>",iXBRL context i793edb174e3c4f8499d46ce84a602d1b_D20220131-20230129,codex-independent-source-review,2026-08-15T17:30:00+00:00,Verified from consolidated dimension-free OperatingIncomeLoss iXBRL fact before benchmark extraction,false
gold-ee02-nvda-0001045810-23-000017-receivables,NVIDIA CORP,NVDA,ee02-nvda-0001045810-23-000017,receivables,3827,million,USD,6,1,2023-01-29,,current_instant,statutory,"<ix:nonFraction unitRef=""usd"" contextRef=""i09aa2d0339d44ae0ab29b1068c498c27_I20230129"" decimals=""-6"" name=""us-gaap:AccountsReceivableNetCurrent"" format=""ixt:num-dot-decimal"" scale=""6"" id=""id3VybDovL2RvY3MudjEvZG9jOjhjZTVjMjViOTM4NDQ1YjFiZWM4MzU3NzdkNmNlY2U5L3NlYzo4Y2U1YzI1YjkzODQ0NWIxYmVjODM1Nzc3ZDZjZWNlOV8xMDMvZnJhZzo0MGFmNDY2YWY0OWQ0YmRiOWE4Mjk4MTUzZWRlNDliNy90YWJsZToyY2Q4YzI2ZjZhMzQ0NjJkYWQ2N2EzNmMxZTg1ZmI2Ni90YWJsZXJhbmdlOjJjZDhjMjZmNmEzNDQ2MmRhZDY3YTM2YzFlODVmYjY2XzUtMS0xLTEtNjYyMDA_744e7ab0-eab5-4c31-b8e3-4343026fa9a0"">3,827</ix:nonFraction>",iXBRL context i09aa2d0339d44ae0ab29b1068c498c27_I20230129,codex-independent-source-review,2026-08-15T17:30:00+00:00,Verified from consolidated dimension-free AccountsReceivableNetCurrent iXBRL fact before benchmark extraction,false
gold-ee02-nvda-0001045810-23-000017-revenue,NVIDIA CORP,NVDA,ee02-nvda-0001045810-23-000017,revenue,26974,million,USD,6,1,2023-01-29,2022-01-31,current_fy,statutory,"<ix:nonFraction unitRef=""usd"" contextRef=""i793edb174e3c4f8499d46ce84a602d1b_D20220131-20230129"" decimals=""-6"" name=""us-gaap:Revenues"" format=""ixt:num-dot-decimal"" scale=""6"" id=""id3VybDovL2RvY3MudjEvZG9jOjhjZTVjMjViOTM4NDQ1YjFiZWM4MzU3NzdkNmNlY2U5L3NlYzo4Y2U1YzI1YjkzODQ0NWIxYmVjODM1Nzc3ZDZjZWNlOV85Ny9mcmFnOjZmYzdlYTc1OTNhMDQ4OGJiNjA5OWUwYmY4MTU2NmE2L3RhYmxlOjRhOTEyMTRmYTdhYTQ5ZGVhNzExYWM1OWI3YjJiY2NmL3RhYmxlcmFuZ2U6NGE5MTIxNGZhN2FhNDlkZWE3MTFhYzU5YjdiMmJjY2ZfMi0xLTEtMS02NjIwMA_2bf1423a-72e7-4a88-8f04-74e849305a32"">26,974</ix:nonFraction>",iXBRL context i793edb174e3c4f8499d46ce84a602d1b_D20220131-20230129,codex-independent-source-review,2026-08-15T17:30:00+00:00,Verified from consolidated dimension-free Revenues iXBRL fact before benchmark extraction,false
gold-ee02-nvda-0001045810-24-000029-inventory,NVIDIA CORP,NVDA,ee02-nvda-0001045810-24-000029,inventory,5282,million,USD,6,1,2024-01-28,,current_instant,statutory,"<ix:nonFraction unitRef=""usd"" contextRef=""c-9"" decimals=""-6"" name=""us-gaap:InventoryNet"" format=""ixt:num-dot-decimal"" scale=""6"" id=""f-139"">5,282</ix:nonFraction>",iXBRL context c-9,codex-independent-source-review,2026-08-15T17:30:00+00:00,Verified from consolidated dimension-free InventoryNet iXBRL fact before benchmark extraction,false
gold-ee02-nvda-0001045810-24-000029-operating_cash_flow,NVIDIA CORP,NVDA,ee02-nvda-0001045810-24-000029,operating_cash_flow,28090,million,USD,6,1,2024-01-28,2023-01-30,current_fy,statutory,"<ix:nonFraction unitRef=""usd"" contextRef=""c-1"" decimals=""-6"" name=""us-gaap:NetCashProvidedByUsedInOperatingActivities"" format=""ixt:num-dot-decimal"" scale=""6"" id=""f-336"">28,090</ix:nonFraction>",iXBRL context c-1,codex-independent-source-review,2026-08-15T17:30:00+00:00,Verified from consolidated dimension-free NetCashProvidedByUsedInOperatingActivities iXBRL fact before benchmark extraction,false
gold-ee02-nvda-0001045810-24-000029-operating_profit,NVIDIA CORP,NVDA,ee02-nvda-0001045810-24-000029,operating_profit,32972,million,USD,6,1,2024-01-28,2023-01-30,current_fy,statutory,"<ix:nonFraction unitRef=""usd"" contextRef=""c-1"" decimals=""-6"" name=""us-gaap:OperatingIncomeLoss"" format=""ixt:num-dot-decimal"" scale=""6"" id=""f-70"">32,972</ix:nonFraction>",iXBRL context c-1,codex-independent-source-review,2026-08-15T17:30:00+00:00,Verified from consolidated dimension-free OperatingIncomeLoss iXBRL fact before benchmark extraction,false
gold-ee02-nvda-0001045810-24-000029-receivables,NVIDIA CORP,NVDA,ee02-nvda-0001045810-24-000029,receivables,9999,million,USD,6,1,2024-01-28,,current_instant,statutory,"<ix:nonFraction unitRef=""usd"" contextRef=""c-9"" decimals=""-6"" name=""us-gaap:AccountsReceivableNetCurrent"" format=""ixt:num-dot-decimal"" scale=""6"" id=""f-137"">9,999</ix:nonFraction>",iXBRL context c-9,codex-independent-source-review,2026-08-15T17:30:00+00:00,Verified from consolidated dimension-free AccountsReceivableNetCurrent iXBRL fact before benchmark extraction,false
gold-ee02-nvda-0001045810-24-000029-revenue,NVIDIA CORP,NVDA,ee02-nvda-0001045810-24-000029,revenue,60922,million,USD,6,1,2024-01-28,2023-01-30,current_fy,statutory,"<ix:nonFraction unitRef=""usd"" contextRef=""c-1"" decimals=""-6"" name=""us-gaap:Revenues"" format=""ixt:num-dot-decimal"" scale=""6"" id=""f-49"">60,922</ix:nonFraction>",iXBRL context c-1,codex-independent-source-review,2026-08-15T17:30:00+00:00,Verified from consolidated dimension-free Revenues iXBRL fact before benchmark extraction,false
gold-ee02-ph-0000076334-23-000042-capex,Parker-Hannifin Corp,PH,ee02-ph-0000076334-23-000042,capex,380.747,million,USD,3,1,2023-06-30,2022-07-01,current_fy,statutory,"<ix:nonFraction unitRef=""usd"" contextRef=""c-1"" decimals=""-3"" name=""us-gaap:PaymentsToAcquirePropertyPlantAndEquipment"" format=""ixt:num-dot-decimal"" scale=""3"" id=""f-266"">380,747</ix:nonFraction>",iXBRL context c-1,codex-independent-source-review,2026-08-15T17:30:00+00:00,Verified from consolidated dimension-free PaymentsToAcquirePropertyPlantAndEquipment iXBRL fact before benchmark extraction,false
gold-ee02-ph-0000076334-23-000042-inventory,Parker-Hannifin Corp,PH,ee02-ph-0000076334-23-000042,inventory,2907.879,million,USD,3,1,2023-06-30,,current_instant,statutory,"<ix:nonFraction unitRef=""usd"" contextRef=""c-6"" decimals=""-3"" name=""us-gaap:InventoryNet"" format=""ixt:num-dot-decimal"" scale=""3"" id=""f-118"">2,907,879</ix:nonFraction>",iXBRL context c-6,codex-independent-source-review,2026-08-15T17:30:00+00:00,Verified from consolidated dimension-free InventoryNet iXBRL fact before benchmark extraction,false
gold-ee02-ph-0000076334-23-000042-operating_cash_flow,Parker-Hannifin Corp,PH,ee02-ph-0000076334-23-000042,operating_cash_flow,2979.93,million,USD,3,1,2023-06-30,2022-07-01,current_fy,statutory,"<ix:nonFraction unitRef=""usd"" contextRef=""c-1"" decimals=""-3"" name=""us-gaap:NetCashProvidedByUsedInOperatingActivities"" format=""ixt:num-dot-decimal"" scale=""3"" id=""f-259"">2,979,930</ix:nonFraction>",iXBRL context c-1,codex-independent-source-review,2026-08-15T17:30:00+00:00,Verified from consolidated dimension-free NetCashProvidedByUsedInOperatingActivities iXBRL fact before benchmark extraction,false
gold-ee02-ph-0000076334-23-000042-operating_profit,Parker-Hannifin Corp,PH,ee02-ph-0000076334-23-000042,operating_profit,3404.177,million,USD,3,1,2023-06-30,2022-07-01,current_fy,statutory,"<ix:nonFraction unitRef=""usd"" contextRef=""c-1"" decimals=""-3"" name=""us-gaap:OperatingIncomeLoss"" format=""ixt:num-dot-decimal"" scale=""3"" id=""f-1674"">3,404,177</ix:nonFraction>",iXBRL context c-1,codex-independent-source-review,2026-08-15T17:30:00+00:00,Verified from consolidated dimension-free OperatingIncomeLoss iXBRL fact before benchmark extraction,false
gold-ee02-ph-0000076334-23-000042-revenue,Parker-Hannifin Corp,PH,ee02-ph-0000076334-23-000042,revenue,19065.194,million,USD,3,1,2023-06-30,2022-07-01,current_fy,statutory,"<ix:nonFraction unitRef=""usd"" contextRef=""c-1"" decimals=""-3"" name=""us-gaap:RevenueFromContractWithCustomerExcludingAssessedTax"" format=""ixt:num-dot-decimal"" scale=""3"" id=""f-38"">19,065,194</ix:nonFraction>",iXBRL context c-1,codex-independent-source-review,2026-08-15T17:30:00+00:00,Verified from consolidated dimension-free RevenueFromContractWithCustomerExcludingAssessedTax iXBRL fact before benchmark extraction,false
gold-ee02-ph-0000076334-24-000044-capex,Parker-Hannifin Corp,PH,ee02-ph-0000076334-24-000044,capex,400.112,million,USD,3,1,2024-06-30,2023-07-01,current_fy,statutory,"<ix:nonFraction unitRef=""usd"" contextRef=""c-1"" decimals=""-3"" name=""us-gaap:PaymentsToAcquirePropertyPlantAndEquipment"" format=""ixt:num-dot-decimal"" scale=""3"" id=""f-262"">400,112</ix:nonFraction>",iXBRL context c-1,codex-independent-source-review,2026-08-15T17:30:00+00:00,Verified from consolidated dimension-free PaymentsToAcquirePropertyPlantAndEquipment iXBRL fact before benchmark extraction,false
gold-ee02-ph-0000076334-24-000044-inventory,Parker-Hannifin Corp,PH,ee02-ph-0000076334-24-000044,inventory,2786.8,million,USD,3,1,2024-06-30,,current_instant,statutory,"<ix:nonFraction unitRef=""usd"" contextRef=""c-6"" decimals=""-3"" name=""us-gaap:InventoryNet"" format=""ixt:num-dot-decimal"" scale=""3"" id=""f-117"">2,786,800</ix:nonFraction>",iXBRL context c-6,codex-independent-source-review,2026-08-15T17:30:00+00:00,Verified from consolidated dimension-free InventoryNet iXBRL fact before benchmark extraction,false
gold-ee02-ph-0000076334-24-000044-operating_cash_flow,Parker-Hannifin Corp,PH,ee02-ph-0000076334-24-000044,operating_cash_flow,3384.329,million,USD,3,1,2024-06-30,2023-07-01,current_fy,statutory,"<ix:nonFraction unitRef=""usd"" contextRef=""c-1"" decimals=""-3"" name=""us-gaap:NetCashProvidedByUsedInOperatingActivities"" format=""ixt:num-dot-decimal"" scale=""3"" id=""f-255"">3,384,329</ix:nonFraction>",iXBRL context c-1,codex-independent-source-review,2026-08-15T17:30:00+00:00,Verified from consolidated dimension-free NetCashProvidedByUsedInOperatingActivities iXBRL fact before benchmark extraction,false
gold-ee02-ph-0000076334-24-000044-operating_profit,Parker-Hannifin Corp,PH,ee02-ph-0000076334-24-000044,operating_profit,4068.818,million,USD,3,1,2024-06-30,2023-07-01,current_fy,statutory,"<ix:nonFraction unitRef=""usd"" contextRef=""c-1"" decimals=""-3"" name=""us-gaap:OperatingIncomeLoss"" format=""ixt:num-dot-decimal"" scale=""3"" id=""f-1755"">4,068,818</ix:nonFraction>",iXBRL context c-1,codex-independent-source-review,2026-08-15T17:30:00+00:00,Verified from consolidated dimension-free OperatingIncomeLoss iXBRL fact before benchmark extraction,false
gold-ee02-ph-0000076334-24-000044-revenue,Parker-Hannifin Corp,PH,ee02-ph-0000076334-24-000044,revenue,19929.606,million,USD,3,1,2024-06-30,2023-07-01,current_fy,statutory,"<ix:nonFraction unitRef=""usd"" contextRef=""c-1"" decimals=""-3"" name=""us-gaap:RevenueFromContractWithCustomerExcludingAssessedTax"" format=""ixt:num-dot-decimal"" scale=""3"" id=""f-39"">19,929,606</ix:nonFraction>",iXBRL context c-1,codex-independent-source-review,2026-08-15T17:30:00+00:00,Verified from consolidated dimension-free RevenueFromContractWithCustomerExcludingAssessedTax iXBRL fact before benchmark extraction,false
gold-ee02-ups-0001090727-23-000006-capex,UNITED PARCEL SERVICE INC,UPS,ee02-ups-0001090727-23-000006,capex,4769,million,USD,6,1,2022-12-31,2022-01-01,current_fy,statutory,"<ix:nonFraction unitRef=""usd"" contextRef=""ibdba93a89b424b04bcf640f45f119103_D20220101-20221231"" decimals=""-6"" name=""us-gaap:PaymentsToAcquirePropertyPlantAndEquipment"" format=""ixt:num-dot-decimal"" scale=""6"" id=""id3VybDovL2RvY3MudjEvZG9jOjM1YTFhZGY2ZmI3ZTQxMDk4ZjYyYzNlOTVmOWY1MDQ1L3NlYzozNWExYWRmNmZiN2U0MTA5OGY2MmMzZTk1ZjlmNTA0NV8xMzYvZnJhZzo4MmFmMTVlYTQ1MzY0NDlkOTIwNDMyYzNjMDQwNTUxNi90YWJsZToyNzllODNkMThkZDk0NzBkYjBiYWE2Yzk2MDRkYjk5MS90YWJsZXJhbmdlOjI3OWU4M2QxOGRkOTQ3MGRiMGJhYTZjOTYwNGRiOTkxXzI0LTEtMS0xLTM4OTMxMQ_d3d45d29-a4a9-4a27-a79a-5c5aeb611ee2"">4,769</ix:nonFraction>",iXBRL context ibdba93a89b424b04bcf640f45f119103_D20220101-20221231,codex-independent-source-review,2026-08-15T17:30:00+00:00,Verified from consolidated dimension-free PaymentsToAcquirePropertyPlantAndEquipment iXBRL fact before benchmark extraction,false
gold-ee02-ups-0001090727-23-000006-inventory,UNITED PARCEL SERVICE INC,UPS,ee02-ups-0001090727-23-000006,inventory,889,million,USD,6,1,2022-12-31,,current_instant,statutory,"<ix:nonFraction unitRef=""usd"" contextRef=""ibd57e2e66966478c8c0d88c85da54b63_I20221231"" decimals=""-6"" name=""us-gaap:InventoryNet"" scale=""6"" id=""id3VybDovL2RvY3MudjEvZG9jOjM1YTFhZGY2ZmI3ZTQxMDk4ZjYyYzNlOTVmOWY1MDQ1L3NlYzozNWExYWRmNmZiN2U0MTA5OGY2MmMzZTk1ZjlmNTA0NV8xNDIvZnJhZzpiNjhkYzg5MTZkYjI0MDcxYjU5MzFmZjQ4NzcxOTk1ZS90ZXh0cmVnaW9uOmI2OGRjODkxNmRiMjQwNzFiNTkzMWZmNDg3NzE5OTVlXzgyNDYzMzcyMzY5NDg_4860b9ec-59a6-4fe5-b400-c1cf71677ba0"">889</ix:nonFraction>",iXBRL context ibd57e2e66966478c8c0d88c85da54b63_I20221231,codex-independent-source-review,2026-08-15T17:30:00+00:00,Verified from consolidated dimension-free InventoryNet iXBRL fact before benchmark extraction,false
gold-ee02-ups-0001090727-23-000006-operating_cash_flow,UNITED PARCEL SERVICE INC,UPS,ee02-ups-0001090727-23-000006,operating_cash_flow,14104,million,USD,6,1,2022-12-31,2022-01-01,current_fy,statutory,"<ix:nonFraction unitRef=""usd"" contextRef=""ibdba93a89b424b04bcf640f45f119103_D20220101-20221231"" decimals=""-6"" name=""us-gaap:NetCashProvidedByUsedInOperatingActivities"" format=""ixt:num-dot-decimal"" scale=""6"" id=""id3VybDovL2RvY3MudjEvZG9jOjM1YTFhZGY2ZmI3ZTQxMDk4ZjYyYzNlOTVmOWY1MDQ1L3NlYzozNWExYWRmNmZiN2U0MTA5OGY2MmMzZTk1ZjlmNTA0NV8xMzYvZnJhZzo4MmFmMTVlYTQ1MzY0NDlkOTIwNDMyYzNjMDQwNTUxNi90YWJsZToyNzllODNkMThkZDk0NzBkYjBiYWE2Yzk2MDRkYjk5MS90YWJsZXJhbmdlOjI3OWU4M2QxOGRkOTQ3MGRiMGJhYTZjOTYwNGRiOTkxXzIyLTEtMS0xLTM4OTMxMQ_c29d3814-b535-4e05-aa9c-f31f19c5d7fe"">14,104</ix:nonFraction>",iXBRL context ibdba93a89b424b04bcf640f45f119103_D20220101-20221231,codex-independent-source-review,2026-08-15T17:30:00+00:00,Verified from consolidated dimension-free NetCashProvidedByUsedInOperatingActivities iXBRL fact before benchmark extraction,false
gold-ee02-ups-0001090727-23-000006-operating_profit,UNITED PARCEL SERVICE INC,UPS,ee02-ups-0001090727-23-000006,operating_profit,13094,million,USD,6,1,2022-12-31,2022-01-01,current_fy,statutory,"<ix:nonFraction unitRef=""usd"" contextRef=""ibdba93a89b424b04bcf640f45f119103_D20220101-20221231"" decimals=""-6"" name=""us-gaap:OperatingIncomeLoss"" format=""ixt:num-dot-decimal"" scale=""6"" id=""id3VybDovL2RvY3MudjEvZG9jOjM1YTFhZGY2ZmI3ZTQxMDk4ZjYyYzNlOTVmOWY1MDQ1L3NlYzozNWExYWRmNmZiN2U0MTA5OGY2MmMzZTk1ZjlmNTA0NV8xMzAvZnJhZzo5MzU0NGUwZjQyMmI0MzE3YTQ5OWE2YTE1NzE0YzNmZC90YWJsZTo4MGI0NDZlYjcwMDA0NzYxYTlkYTdkZTg4MGVhN2RlNy90YWJsZXJhbmdlOjgwYjQ0NmViNzAwMDQ3NjFhOWRhN2RlODgwZWE3ZGU3XzEyLTEtMS0xLTM4OTMxMQ_c5a86084-d6d8-4c08-831c-5d69e1089e72"">13,094</ix:nonFraction>",iXBRL context ibdba93a89b424b04bcf640f45f119103_D20220101-20221231,codex-independent-source-review,2026-08-15T17:30:00+00:00,Verified from consolidated dimension-free OperatingIncomeLoss iXBRL fact before benchmark extraction,false
gold-ee02-ups-0001090727-23-000006-receivables,UNITED PARCEL SERVICE INC,UPS,ee02-ups-0001090727-23-000006,receivables,12583,million,USD,6,1,2022-12-31,,current_instant,statutory,"<ix:nonFraction unitRef=""usd"" contextRef=""ibd57e2e66966478c8c0d88c85da54b63_I20221231"" decimals=""-6"" name=""us-gaap:AccountsReceivableNetCurrent"" format=""ixt:num-dot-decimal"" scale=""6"" id=""id3VybDovL2RvY3MudjEvZG9jOjM1YTFhZGY2ZmI3ZTQxMDk4ZjYyYzNlOTVmOWY1MDQ1L3NlYzozNWExYWRmNmZiN2U0MTA5OGY2MmMzZTk1ZjlmNTA0NV8xMjcvZnJhZzowZWM4ZjU2ZjBhN2U0NDUyYmFmNmI0M2YxZTVjZmNmNi90YWJsZTo1MTQ4MTA2OGVkZTI0MTAzYTAzMjA2ZGE3OWI5ZWQ4Yy90YWJsZXJhbmdlOjUxNDgxMDY4ZWRlMjQxMDNhMDMyMDZkYTc5YjllZDhjXzgtMS0xLTEtMzg5MzEx_32c59bc3-d5b3-40a8-bee7-9c2884a97d35"">12,583</ix:nonFraction>",iXBRL context ibd57e2e66966478c8c0d88c85da54b63_I20221231,codex-independent-source-review,2026-08-15T17:30:00+00:00,Verified from consolidated dimension-free AccountsReceivableNetCurrent iXBRL fact before benchmark extraction,false
gold-ee02-ups-0001090727-23-000006-revenue,UNITED PARCEL SERVICE INC,UPS,ee02-ups-0001090727-23-000006,revenue,100338,million,USD,6,1,2022-12-31,2022-01-01,current_fy,statutory,"<ix:nonFraction unitRef=""usd"" contextRef=""ibdba93a89b424b04bcf640f45f119103_D20220101-20221231"" decimals=""-6"" name=""us-gaap:RevenueFromContractWithCustomerExcludingAssessedTax"" format=""ixt:num-dot-decimal"" scale=""6"" id=""id3VybDovL2RvY3MudjEvZG9jOjM1YTFhZGY2ZmI3ZTQxMDk4ZjYyYzNlOTVmOWY1MDQ1L3NlYzozNWExYWRmNmZiN2U0MTA5OGY2MmMzZTk1ZjlmNTA0NV8xMzAvZnJhZzo5MzU0NGUwZjQyMmI0MzE3YTQ5OWE2YTE1NzE0YzNmZC90YWJsZTo4MGI0NDZlYjcwMDA0NzYxYTlkYTdkZTg4MGVhN2RlNy90YWJsZXJhbmdlOjgwYjQ0NmViNzAwMDQ3NjFhOWRhN2RlODgwZWE3ZGU3XzItMS0xLTEtMzg5MzEx_58e0fc91-75ca-4bde-b1e7-e5cf90e639e3"">100,338</ix:nonFraction>",iXBRL context ibdba93a89b424b04bcf640f45f119103_D20220101-20221231,codex-independent-source-review,2026-08-15T17:30:00+00:00,Verified from consolidated dimension-free RevenueFromContractWithCustomerExcludingAssessedTax iXBRL fact before benchmark extraction,false
gold-ee02-ups-0001090727-24-000008-capex,UNITED PARCEL SERVICE INC,UPS,ee02-ups-0001090727-24-000008,capex,5158,million,USD,6,1,2023-12-31,2023-01-01,current_fy,statutory,"<ix:nonFraction unitRef=""usd"" contextRef=""c-1"" decimals=""-6"" name=""us-gaap:PaymentsToAcquirePropertyPlantAndEquipment"" format=""ixt:num-dot-decimal"" scale=""6"" id=""f-248"">5,158</ix:nonFraction>",iXBRL context c-1,codex-independent-source-review,2026-08-15T17:30:00+00:00,Verified from consolidated dimension-free PaymentsToAcquirePropertyPlantAndEquipment iXBRL fact before benchmark extraction,false
gold-ee02-ups-0001090727-24-000008-impairment_charges,UNITED PARCEL SERVICE INC,UPS,ee02-ups-0001090727-24-000008,impairment_charges,236,million,USD,6,1,2023-12-31,2023-01-01,current_fy,statutory,"<ix:nonFraction unitRef=""usd"" contextRef=""c-1"" decimals=""-6"" name=""us-gaap:GoodwillAndIntangibleAssetImpairment"" scale=""6"" id=""f-2957"">236</ix:nonFraction>",iXBRL context c-1,codex-independent-source-review,2026-08-15T17:30:00+00:00,Verified from consolidated dimension-free GoodwillAndIntangibleAssetImpairment iXBRL fact before benchmark extraction,false
gold-ee02-ups-0001090727-24-000008-inventory,UNITED PARCEL SERVICE INC,UPS,ee02-ups-0001090727-24-000008,inventory,935,million,USD,6,1,2023-12-31,,current_instant,statutory,"<ix:nonFraction unitRef=""usd"" contextRef=""c-8"" decimals=""-6"" name=""us-gaap:InventoryNet"" scale=""6"" id=""f-326"">935</ix:nonFraction>",iXBRL context c-8,codex-independent-source-review,2026-08-15T17:30:00+00:00,Verified from consolidated dimension-free InventoryNet iXBRL fact before benchmark extraction,false
gold-ee02-ups-0001090727-24-000008-operating_cash_flow,UNITED PARCEL SERVICE INC,UPS,ee02-ups-0001090727-24-000008,operating_cash_flow,10238,million,USD,6,1,2023-12-31,2023-01-01,current_fy,statutory,"<ix:nonFraction unitRef=""usd"" contextRef=""c-1"" decimals=""-6"" name=""us-gaap:NetCashProvidedByUsedInOperatingActivities"" format=""ixt:num-dot-decimal"" scale=""6"" id=""f-245"">10,238</ix:nonFraction>",iXBRL context c-1,codex-independent-source-review,2026-08-15T17:30:00+00:00,Verified from consolidated dimension-free NetCashProvidedByUsedInOperatingActivities iXBRL fact before benchmark extraction,false
gold-ee02-ups-0001090727-24-000008-operating_profit,UNITED PARCEL SERVICE INC,UPS,ee02-ups-0001090727-24-000008,operating_profit,9141,million,USD,6,1,2023-12-31,2023-01-01,current_fy,statutory,"<ix:nonFraction unitRef=""usd"" contextRef=""c-1"" decimals=""-6"" name=""us-gaap:OperatingIncomeLoss"" format=""ixt:num-dot-decimal"" scale=""6"" id=""f-158"">9,141</ix:nonFraction>",iXBRL context c-1,codex-independent-source-review,2026-08-15T17:30:00+00:00,Verified from consolidated dimension-free OperatingIncomeLoss iXBRL fact before benchmark extraction,false
gold-ee02-ups-0001090727-24-000008-receivables,UNITED PARCEL SERVICE INC,UPS,ee02-ups-0001090727-24-000008,receivables,11216,million,USD,6,1,2023-12-31,,current_instant,statutory,"<ix:nonFraction unitRef=""usd"" contextRef=""c-8"" decimals=""-6"" name=""us-gaap:AccountsReceivableNetCurrent"" format=""ixt:num-dot-decimal"" scale=""6"" id=""f-57"">11,216</ix:nonFraction>",iXBRL context c-8,codex-independent-source-review,2026-08-15T17:30:00+00:00,Verified from consolidated dimension-free AccountsReceivableNetCurrent iXBRL fact before benchmark extraction,false
gold-ee02-ups-0001090727-24-000008-revenue,UNITED PARCEL SERVICE INC,UPS,ee02-ups-0001090727-24-000008,revenue,90958,million,USD,6,1,2023-12-31,2023-01-01,current_fy,statutory,"<ix:nonFraction unitRef=""usd"" contextRef=""c-1"" decimals=""-6"" name=""us-gaap:RevenueFromContractWithCustomerExcludingAssessedTax"" format=""ixt:num-dot-decimal"" scale=""6"" id=""f-131"">90,958</ix:nonFraction>",iXBRL context c-1,codex-independent-source-review,2026-08-15T17:30:00+00:00,Verified from consolidated dimension-free RevenueFromContractWithCustomerExcludingAssessedTax iXBRL fact before benchmark extraction,false
gold-ee02-ups-0001090727-24-000064-capex,UNITED PARCEL SERVICE INC,UPS,ee02-ups-0001090727-24-000064,capex,2811,million,USD,6,1,2024-09-30,2024-01-01,current_ytd,statutory,"<ix:nonFraction unitRef=""usd"" contextRef=""c-1"" decimals=""-6"" name=""us-gaap:PaymentsToAcquirePropertyPlantAndEquipment"" format=""ixt:num-dot-decimal"" scale=""6"" id=""f-248"">2,811</ix:nonFraction>",iXBRL context c-1,codex-independent-source-review,2026-08-15T17:30:00+00:00,Verified from consolidated dimension-free PaymentsToAcquirePropertyPlantAndEquipment iXBRL fact before benchmark extraction,false
gold-ee02-ups-0001090727-24-000064-operating_cash_flow,UNITED PARCEL SERVICE INC,UPS,ee02-ups-0001090727-24-000064,operating_cash_flow,6807,million,USD,6,1,2024-09-30,2024-01-01,current_ytd,statutory,"<ix:nonFraction unitRef=""usd"" contextRef=""c-1"" decimals=""-6"" name=""us-gaap:NetCashProvidedByUsedInOperatingActivities"" format=""ixt:num-dot-decimal"" scale=""6"" id=""f-246"">6,807</ix:nonFraction>",iXBRL context c-1,codex-independent-source-review,2026-08-15T17:30:00+00:00,Verified from consolidated dimension-free NetCashProvidedByUsedInOperatingActivities iXBRL fact before benchmark extraction,false
gold-ee02-ups-0001090727-24-000064-operating_profit,UNITED PARCEL SERVICE INC,UPS,ee02-ups-0001090727-24-000064,operating_profit,5542,million,USD,6,1,2024-09-30,2024-01-01,current_ytd,statutory,"<ix:nonFraction unitRef=""usd"" contextRef=""c-1"" decimals=""-6"" name=""us-gaap:OperatingIncomeLoss"" format=""ixt:num-dot-decimal"" scale=""6"" id=""f-160"">5,542</ix:nonFraction>",iXBRL context c-1,codex-independent-source-review,2026-08-15T17:30:00+00:00,Verified from consolidated dimension-free OperatingIncomeLoss iXBRL fact before benchmark extraction,false
gold-ee02-ups-0001090727-24-000064-receivables,UNITED PARCEL SERVICE INC,UPS,ee02-ups-0001090727-24-000064,receivables,9195,million,USD,6,1,2024-09-30,,current_instant,statutory,"<ix:nonFraction unitRef=""usd"" contextRef=""c-7"" decimals=""-6"" name=""us-gaap:AccountsReceivableNetCurrent"" format=""ixt:num-dot-decimal"" scale=""6"" id=""f-48"">9,195</ix:nonFraction>",iXBRL context c-7,codex-independent-source-review,2026-08-15T17:30:00+00:00,Verified from consolidated dimension-free AccountsReceivableNetCurrent iXBRL fact before benchmark extraction,false
gold-ee02-ups-0001090727-24-000064-revenue,UNITED PARCEL SERVICE INC,UPS,ee02-ups-0001090727-24-000064,revenue,65769,million,USD,6,1,2024-09-30,2024-01-01,current_ytd,statutory,"<ix:nonFraction unitRef=""usd"" contextRef=""c-1"" decimals=""-6"" name=""us-gaap:RevenueFromContractWithCustomerExcludingAssessedTax"" format=""ixt:num-dot-decimal"" scale=""6"" id=""f-124"">65,769</ix:nonFraction>",iXBRL context c-1,codex-independent-source-review,2026-08-15T17:30:00+00:00,Verified from consolidated dimension-free RevenueFromContractWithCustomerExcludingAssessedTax iXBRL fact before benchmark extraction,false
