gold_event_id,company,ticker,document_id,event_type,category,reporting_period,exact_evidence_span,page_or_section,context_status,should_extract_current,reviewer,review_timestamp,notes,ambiguity_flag
gold-event-0001,Apple Inc.,AAPL,ee02-aapl-0000320193-23-000106,restructuring,positive_current,2023-09-30,"Restrictive measures can require the Company to take various actions, including changing suppliers, restructuring business relationships, and ceasing to offer third-party applications on its platforms.",visible filing text,current_or_general,true,codex-independent-context-review,2026-08-15T17:30:00+00:00,Gold context classified before benchmark aggregation,false
gold-event-0002,Apple Inc.,AAPL,ee02-aapl-0000320193-23-000106,redundancy,positive_current,2023-09-30,"System upgrades, redundancy and other continuity measures may be ineffective or inadequate, and the Company’s or its vendors’ business continuity and disaster recovery planning may not be sufficient for all eventualities.",visible filing text,current_or_general,true,codex-independent-context-review,2026-08-15T17:30:00+00:00,Gold context classified before benchmark aggregation,false
gold-event-0003,Apple Inc.,AAPL,ee02-aapl-0000320193-23-000106,cost_reduction,positive_current,2023-09-30,"dollar and lower Products volume, partially offset by cost savings and a different Products mix.",visible filing text,current_or_general,true,codex-independent-context-review,2026-08-15T17:30:00+00:00,Gold context classified before benchmark aggregation,false
gold-event-0004,Apple Inc.,AAPL,ee02-aapl-0000320193-23-000106,cost_reduction,positive_current,2023-09-30,"Products gross margin percentage increased during 2023 compared to 2022 due to cost savings and a different Products mix, partially offset by the weakness in foreign currencies relative to the U.S.",visible filing text,current_or_general,true,codex-independent-context-review,2026-08-15T17:30:00+00:00,Gold context classified before benchmark aggregation,false
gold-event-0005,Apple Inc.,AAPL,ee02-aapl-0000320193-24-000081,cost_reduction,positive_current,2024-06-29,"Year-over-year Products gross margin percentage increased during the first nine months of 2024 due primarily to cost savings, partially offset by a different Products mix and the weakness in foreign currencies relative to the U.S.",visible filing text,current_or_general,true,codex-independent-context-review,2026-08-15T17:30:00+00:00,Gold context classified before benchmark aggregation,false
gold-event-0006,Apple Inc.,AAPL,ee02-aapl-0000320193-24-000123,restructuring,positive_current,2024-09-28,"Restrictive measures can increase the cost of the Company’s products and the components and raw materials that go into them, and can require the Company to take various actions, including changing suppliers, restructuring business relationships and operations, and ceasing to offer and distribute affected products, services and third-party applications to its customers.",visible filing text,current_or_general,true,codex-independent-context-review,2026-08-15T17:30:00+00:00,Gold context classified before benchmark aggregation,false
gold-event-0007,Apple Inc.,AAPL,ee02-aapl-0000320193-24-000123,redundancy,positive_current,2024-09-28,"System upgrades, redundancy and other continuity measures may be ineffective or inadequate, and the Company’s or its vendors’ business continuity and disaster recovery planning may not be sufficient for all eventualities.",visible filing text,current_or_general,true,codex-independent-context-review,2026-08-15T17:30:00+00:00,Gold context classified before benchmark aggregation,false
gold-event-0008,Apple Inc.,AAPL,ee02-aapl-0000320193-24-000123,cost_reduction,positive_current,2024-09-28,"| 2024 Form 10-K | 23 Gross Margin Products and Services gross margin and gross margin percentage for 2024, 2023 and 2022 were as follows (dollars in millions): 2024 2023 2022 Gross margin: Products $ 109,633 $ 108,803 $ 114,728 Services 71,050 60,345 56,054 Total gross margin $ 180,683 $ 169,148 $ 170,782 Gross margin percentage: Products 37.2 % 36.5 % 36.3 % Services 73.9 % 70.8 % 71.7 % Total gross margin percentage 46.2 % 44.1 % 43.3 % Products Gross Margin Products gross margin and Products gross margin percentage increased during 2024 compared to 2023 due to cost savings, partially offset by a different Products mix and the weakness in foreign currencies relative to the U.S.",visible filing text,current_or_general,true,codex-independent-context-review,2026-08-15T17:30:00+00:00,Gold context classified before benchmark aggregation,false
gold-event-0009,ALBEMARLE CORP,ALB,ee02-alb-0000915913-23-000039,growth_language,positive_current,2022-12-31,"Research and Development We believe that in order to generate revenue growth, maintain our margins and remain competitive, we must continually invest in research and development, product and process improvements and specialized customer services.",visible filing text,current_or_general,true,codex-independent-context-review,2026-08-15T17:30:00+00:00,Gold context classified before benchmark aggregation,false
gold-event-0010,ALBEMARLE CORP,ALB,ee02-alb-0000915913-23-000039,restructuring,positive_current,2022-12-31,"For example, most of our employees in Europe are represented by works councils that must approve any changes in conditions of employment, including salaries and benefits and staff changes, and may impede efforts to restructure our workforce.",visible filing text,current_or_general,true,codex-independent-context-review,2026-08-15T17:30:00+00:00,Gold context classified before benchmark aggregation,false
gold-event-0011,ALBEMARLE CORP,ALB,ee02-alb-0000915913-23-000039,refinancing,positive_current,2022-12-31,"If we are unable to service our debt obligations, we may need to refinance all or a portion of our indebtedness on or before maturity, reduce or delay capital expenditures, sell assets or raise additional equity.",visible filing text,current_or_general,true,codex-independent-context-review,2026-08-15T17:30:00+00:00,Gold context classified before benchmark aggregation,false
gold-event-0012,ALBEMARLE CORP,ALB,ee02-alb-0000915913-23-000039,refinancing,negative_context,2022-12-31,"We may not be able to refinance any of our indebtedness, sell assets or raise additional equity on commercially reasonable terms or at all, which could cause us to default on our obligations and impair our liquidity.",visible filing text,negated,false,codex-independent-context-review,2026-08-15T17:30:00+00:00,Gold context classified before benchmark aggregation,true
gold-event-0013,ALBEMARLE CORP,ALB,ee02-alb-0000915913-23-000039,refinancing,positive_current,2022-12-31,"Our inability to generate sufficient cash flow or use existing cash balances to satisfy our debt obligations, or to refinance our obligations on commercially reasonable terms, could have a material adverse effect on our business and financial condition.",visible filing text,current_or_general,true,codex-independent-context-review,2026-08-15T17:30:00+00:00,Gold context classified before benchmark aggregation,false
gold-event-0014,ALBEMARLE CORP,ALB,ee02-alb-0000915913-23-000039,supply_chain_constraint,positive_current,2022-12-31,"We have experienced, and may continue to experience, volatility and increases in the price of certain raw materials and in transportation and energy costs as a result of global market and supply chain disruptions and the broader inflationary environment.",visible filing text,current_or_general,true,codex-independent-context-review,2026-08-15T17:30:00+00:00,Gold context classified before benchmark aggregation,false
gold-event-0015,ALBEMARLE CORP,ALB,ee02-alb-0000915913-23-000039,cost_reduction,positive_current,2022-12-31,"If we are unable to increase the prices to our customers of our products to offset inflationary cost trends, or if we are unable to achieve cost savings to offset such cost increases, we could fail to meet our cost expectations, and our profits and operating results could be adversely affected.",visible filing text,current_or_general,true,codex-independent-context-review,2026-08-15T17:30:00+00:00,Gold context classified before benchmark aggregation,false
gold-event-0016,ALBEMARLE CORP,ALB,ee02-alb-0000915913-23-000039,simplification,positive_current,2022-12-31,"Therefore, as a simplification, to calculate mineral resources, exclusive of reserves, the quantity of lithium pumped in the life of mine plan was subtracted from the overall resource without modification to lithium concentration.",visible filing text,current_or_general,true,codex-independent-context-review,2026-08-15T17:30:00+00:00,Gold context classified before benchmark aggregation,false
gold-event-0017,ALBEMARLE CORP,ALB,ee02-alb-0000915913-23-000039,restructuring,positive_current,2022-12-31,"Narwold served as Special Counsel with Kelley Drye & Warren LLP and with Symmetry Advisors where she worked in the areas of strategic, financial and capital structure planning and restructuring for public and private companies.",visible filing text,current_or_general,true,codex-independent-context-review,2026-08-15T17:30:00+00:00,Gold context classified before benchmark aggregation,false
gold-event-0018,ALBEMARLE CORP,ALB,ee02-alb-0000915913-23-000039,restructuring,positive_current,2022-12-31,"Barichivich began his career at Georgia Pacific, where he worked as an internal auditor and was a financial analyst supporting the restructuring of the Distribution Division.",visible filing text,current_or_general,true,codex-independent-context-review,2026-08-15T17:30:00+00:00,Gold context classified before benchmark aggregation,false
gold-event-0019,ALBEMARLE CORP,ALB,ee02-alb-0000915913-23-000039,cost_reduction,positive_current,2022-12-31,"We believe our disciplined cost reduction efforts and ongoing productivity improvements, among other factors, position us well to take advantage of strengthening economic conditions as they occur, while softening the negative impact of the current challenging global economic environment.",visible filing text,current_or_general,true,codex-independent-context-review,2026-08-15T17:30:00+00:00,Gold context classified before benchmark aggregation,false
gold-event-0020,ALBEMARLE CORP,ALB,ee02-alb-0000915913-23-000039,new_facility,positive_current,2022-12-31,"We anticipate that innovations from the new site will enhance lithium recovery, improve production methods, and introduce new forms of lithium to enable breakthrough levels of battery performance.",visible filing text,current_or_general,true,codex-independent-context-review,2026-08-15T17:30:00+00:00,Gold context classified before benchmark aggregation,false
gold-event-0021,ALBEMARLE CORP,ALB,ee02-alb-0000915913-23-000039,capacity_expansion,positive_current,2022-12-31,"In particular, the market for lithium battery and energy storage, particularly for electric vehicles (“EVs”), remains strong, providing the opportunity to continue to develop high quality and innovative products while managing the high cost of expanding capacity.",visible filing text,current_or_general,true,codex-independent-context-review,2026-08-15T17:30:00+00:00,Gold context classified before benchmark aggregation,false
gold-event-0022,ALBEMARLE CORP,ALB,ee02-alb-0000915913-23-000039,cost_reduction,positive_current,2022-12-31,"In addition, Specialties’ ongoing cost savings initiatives and higher pricing are expected to offset higher freight and raw material costs such as lithium chloride.",visible filing text,current_or_general,true,codex-independent-context-review,2026-08-15T17:30:00+00:00,Gold context classified before benchmark aggregation,false
gold-event-0023,ALBEMARLE CORP,ALB,ee02-alb-0000915913-23-000039,restructuring,positive_current,2022-12-31,"These non-operating, non-recurring or unusual items may include acquisition and integration-related costs, gains or losses on sales of businesses, restructuring charges, facility divestiture charges, certain litigation and arbitration costs and charges, non-operating pension and OPEB items and other significant non-recurring items.",visible filing text,current_or_general,true,codex-independent-context-review,2026-08-15T17:30:00+00:00,Gold context classified before benchmark aggregation,false
gold-event-0024,ALBEMARLE CORP,ALB,ee02-alb-0000915913-23-000039,site_closure,positive_current,2022-12-31,"• SG&A - $4.3 million related to facility closure expenses of offices in Germany, $2.8 million of charges for environmental reserves at sites not part of our operations, $2.8 million of shortfall contributions for our multiemployer plan financial improvement plan, $1.9 million of expense primarily related to one-time retention payments for certain employees during the Catalysts strategic review, partially offset by $4.3 million of gains from the sale of legacy properties not part of our operations.",visible filing text,current_or_general,true,codex-independent-context-review,2026-08-15T17:30:00+00:00,Gold context classified before benchmark aggregation,false
gold-event-0025,ALBEMARLE CORP,ALB,ee02-alb-0000915913-23-000039,site_closure,positive_current,2022-12-31,"(e) In 2021, we recorded facility closure related to offices in Germany, and severance expenses in Germany and Belgium, in SG&A.",visible filing text,current_or_general,true,codex-independent-context-review,2026-08-15T17:30:00+00:00,Gold context classified before benchmark aggregation,false
gold-event-0026,ALBEMARLE CORP,ALB,ee02-alb-0000915913-23-000039,growth_language,positive_current,2022-12-31,"Future cash flows for all reporting units include assumptions about revenue growth rates, adjusted EBITDA margins, discount rate as well as other economic or industry-related factors.",visible filing text,current_or_general,true,codex-independent-context-review,2026-08-15T17:30:00+00:00,Gold context classified before benchmark aggregation,false
gold-event-0027,ALBEMARLE CORP,ALB,ee02-alb-0000915913-23-000039,growth_language,positive_current,2022-12-31,"For the Refining Solutions reporting unit, the revenue growth rates, adjusted EBITDA margins and the discount rate were deemed to be significant assumptions.",visible filing text,current_or_general,true,codex-independent-context-review,2026-08-15T17:30:00+00:00,Gold context classified before benchmark aggregation,false
gold-event-0028,ALBEMARLE CORP,ALB,ee02-alb-0000915913-23-000039,refinancing,positive_current,2022-12-31,"We have the ability and intent to refinance our borrowings under our other existing credit lines with borrowings under the 2018 Credit Agreement, as applicable.",visible filing text,current_or_general,true,codex-independent-context-review,2026-08-15T17:30:00+00:00,Gold context classified before benchmark aggregation,false
gold-event-0029,ALBEMARLE CORP,ALB,ee02-alb-0000915913-23-000039,cost_reduction,positive_current,2022-12-31,"Our main focus in the short-term, during the continued uncertainty surrounding the global economy, including caused by the ongoing COVID-19 pandemic and recent inflationary trends, is to continue to maintain financial flexibility by continuing our cost savings initiative, while still protecting our employees and customers, committing to shareholder returns and maintaining an investment grade rating.",visible filing text,current_or_general,true,codex-independent-context-review,2026-08-15T17:30:00+00:00,Gold context classified before benchmark aggregation,false
gold-event-0030,ALBEMARLE CORP,ALB,ee02-alb-0000915913-23-000039,refinancing,positive_current,2022-12-31,"Federal Reserve or similar national reserve banks in other countries decide to continue tightening the monetary supply, we may incur increased borrowing costs (as interest rates increase on our variable rate credit facilities, as our various credit facilities mature or as we refinance any maturing fixed rate debt obligations), although these cost increases would be partially offset by increased income rates on portions of our cash deposits.",visible filing text,current_or_general,true,codex-independent-context-review,2026-08-15T17:30:00+00:00,Gold context classified before benchmark aggregation,false
gold-event-0031,ALBEMARLE CORP,ALB,ee02-alb-0000915913-23-000039,growth_language,positive_current,2022-12-31,"Management’s cash flow projections for the Refining Solutions reporting unit included significant judgment and assumptions relating to revenue growth rates, adjusted EBITDA margins and the discount rate.",visible filing text,current_or_general,true,codex-independent-context-review,2026-08-15T17:30:00+00:00,Gold context classified before benchmark aggregation,false
gold-event-0032,ALBEMARLE CORP,ALB,ee02-alb-0000915913-23-000039,growth_language,positive_current,2022-12-31,"The principal considerations for our determination that performing procedures relating to the goodwill impairment assessment of the Refining Solutions reporting unit is a critical audit matter are (i) the significant judgment by management when developing the fair value measurement of the reporting unit; (ii) a high degree of auditor judgment, subjectivity, and effort in performing procedures and evaluating management’s significant assumptions related to revenue growth rates, adjusted EBITDA margins, and the discount rate; and (iii) the audit effort involved the use of professionals with specialized skill and knowledge.",visible filing text,current_or_general,true,codex-independent-context-review,2026-08-15T17:30:00+00:00,Gold context classified before benchmark aggregation,false
gold-event-0033,ALBEMARLE CORP,ALB,ee02-alb-0000915913-23-000039,growth_language,positive_current,2022-12-31,"These procedures also included, among others (i) testing management’s process for developing the fair value estimate of the Refining Solutions reporting unit; (ii) evaluating the appropriateness of the discounted cash flow model; (iii) testing the completeness and accuracy of underlying data used in the model; and (iv) evaluating the significant assumptions used by management related to the revenue growth rates, adjusted EBITDA margins, and the discount rate.",visible filing text,current_or_general,true,codex-independent-context-review,2026-08-15T17:30:00+00:00,Gold context classified before benchmark aggregation,false
gold-event-0034,ALBEMARLE CORP,ALB,ee02-alb-0000915913-23-000039,growth_language,positive_current,2022-12-31,Evaluating management’s assumptions related to the revenue growth rates and adjusted EBITDA margins involved evaluating whether the assumptions used by management were reasonable considering (i) the current and past performance of the reporting unit; (ii) the consistency with external economic and industry data; and (iii) whether these assumptions were consistent with evidence obtained in other areas of the audit.,visible filing text,current_or_general,true,codex-independent-context-review,2026-08-15T17:30:00+00:00,Gold context classified before benchmark aggregation,false
gold-event-0035,ALBEMARLE CORP,ALB,ee02-alb-0000915913-23-000039,new_facility,positive_current,2022-12-31,The grant will be received over the life of the construction period for the new facility (projected as 2023 to 2026) as reimbursement for capital expenditures.,visible filing text,current_or_general,true,codex-independent-context-review,2026-08-15T17:30:00+00:00,Gold context classified before benchmark aggregation,false
gold-event-0036,ALBEMARLE CORP,ALB,ee02-alb-0000915913-23-000039,refinancing,positive_current,2022-12-31,"At December 31, 2022 and 2021, we had the ability and intent to refinance our borrowings under our other existing credit lines with borrowings under the 2018 Credit Agreement.",visible filing text,current_or_general,true,codex-independent-context-review,2026-08-15T17:30:00+00:00,Gold context classified before benchmark aggregation,false
gold-event-0037,ALBEMARLE CORP,ALB,ee02-alb-0000915913-23-000039,restructuring,positive_current,2022-12-31,"These non-operating, non-recurring or unusual items may include acquisition and integration related costs, gains or losses on sales of businesses, restructuring charges, facility divestiture charges, certain litigation and arbitration costs and charges, non-operating pension and OPEB items and other significant non-recurring items.",visible filing text,current_or_general,true,codex-independent-context-review,2026-08-15T17:30:00+00:00,Gold context classified before benchmark aggregation,false
gold-event-0038,ALBEMARLE CORP,ALB,ee02-alb-0000915913-23-000039,site_closure,positive_current,2022-12-31,"• SG&A - $ 4.3 million primarily related to facility closure expenses of offices in Germany, $ 2.8 million of charges for environmental reserves at sites not part of our operations, $ 2.8 million of shortfall contributions for our multiemployer plan financial improvement plan, $ 1.9 million of expense related to one-time retention payments for certain employees during the Catalysts strategic review, partially offset by $ 4.3 million of gains from the sale of legacy properties not part of our operations.",visible filing text,current_or_general,true,codex-independent-context-review,2026-08-15T17:30:00+00:00,Gold context classified before benchmark aggregation,false
gold-event-0039,ALBEMARLE CORP,ALB,ee02-alb-0000915913-24-000016,growth_language,positive_current,2023-12-31,"Research and Development We believe that in order to generate revenue growth, maintain our margins and remain competitive, we must continually invest in research and development, product and process improvements and specialized customer services.",visible filing text,current_or_general,true,codex-independent-context-review,2026-08-15T17:30:00+00:00,Gold context classified before benchmark aggregation,false
gold-event-0040,ALBEMARLE CORP,ALB,ee02-alb-0000915913-24-000016,restructuring,positive_current,2023-12-31,"On October 18, 2023, the Company closed on the restructuring of the MARBL joint venture with Mineral Resources Limited (“MRL”).",visible filing text,current_or_general,true,codex-independent-context-review,2026-08-15T17:30:00+00:00,Gold context classified before benchmark aggregation,false
gold-event-0041,ALBEMARLE CORP,ALB,ee02-alb-0000915913-24-000016,restructuring,positive_current,2023-12-31,"Following this restructuring, Albemarle and MRL each own 50% of Wodgina, and MRL operates the Wodgina mine on behalf of the joint venture.",visible filing text,current_or_general,true,codex-independent-context-review,2026-08-15T17:30:00+00:00,Gold context classified before benchmark aggregation,false
gold-event-0042,ALBEMARLE CORP,ALB,ee02-alb-0000915913-24-000016,restructuring,positive_current,2023-12-31,"For example, most of our employees in Europe are represented by works councils that must approve any changes in conditions of employment, including salaries and benefits and staff changes, and may impede efforts to restructure our workforce.",visible filing text,current_or_general,true,codex-independent-context-review,2026-08-15T17:30:00+00:00,Gold context classified before benchmark aggregation,false
gold-event-0043,ALBEMARLE CORP,ALB,ee02-alb-0000915913-24-000016,refinancing,positive_current,2023-12-31,"If we are unable to service our debt obligations, we may need to refinance all or a portion of our indebtedness on or before maturity, reduce or delay capital expenditures, sell assets or raise additional equity.",visible filing text,current_or_general,true,codex-independent-context-review,2026-08-15T17:30:00+00:00,Gold context classified before benchmark aggregation,false
gold-event-0044,ALBEMARLE CORP,ALB,ee02-alb-0000915913-24-000016,refinancing,negative_context,2023-12-31,"We may not be able to refinance any of our indebtedness, sell assets or raise additional equity on commercially reasonable terms or at all, which could cause us to default on our obligations and impair our liquidity.",visible filing text,negated,false,codex-independent-context-review,2026-08-15T17:30:00+00:00,Gold context classified before benchmark aggregation,true
gold-event-0045,ALBEMARLE CORP,ALB,ee02-alb-0000915913-24-000016,refinancing,positive_current,2023-12-31,"Our inability to generate sufficient cash flow or use existing cash balances to satisfy our debt obligations, or to refinance our obligations on commercially reasonable terms, could have a material adverse effect on our business and financial condition.",visible filing text,current_or_general,true,codex-independent-context-review,2026-08-15T17:30:00+00:00,Gold context classified before benchmark aggregation,false
gold-event-0046,ALBEMARLE CORP,ALB,ee02-alb-0000915913-24-000016,supply_chain_constraint,positive_current,2023-12-31,"We have experienced, and may continue to experience, volatility and increases in the price of certain raw materials and in transportation and energy costs as a result of global market and supply chain disruptions and the broader inflationary environment.",visible filing text,current_or_general,true,codex-independent-context-review,2026-08-15T17:30:00+00:00,Gold context classified before benchmark aggregation,false
gold-event-0047,ALBEMARLE CORP,ALB,ee02-alb-0000915913-24-000016,cost_reduction,positive_current,2023-12-31,"If we are unable to increase the prices to our customers of our products to offset inflationary cost trends, or if we are unable to achieve cost savings to offset such cost increases, we could fail to meet our cost expectations, and our profits and operating results could be adversely affected.",visible filing text,current_or_general,true,codex-independent-context-review,2026-08-15T17:30:00+00:00,Gold context classified before benchmark aggregation,false
gold-event-0048,ALBEMARLE CORP,ALB,ee02-alb-0000915913-24-000016,restructuring,negative_context,2023-12-31,"On October 18, 2023, we completed the restructuring of our MARBL joint venture, which reduced our ownership percentage of Wodgina from 60% to 50%.",visible filing text,historical_or_completed,false,codex-independent-context-review,2026-08-15T17:30:00+00:00,Gold context classified before benchmark aggregation,true
gold-event-0049,ALBEMARLE CORP,ALB,ee02-alb-0000915913-24-000016,restructuring,negative_context,2023-12-31,"Production amounts presented from Wodgina represent 60% of production of the Wodgina mine which is attributable to the Company’s interest in the MARBL joint venture until October 18, 2023, when we reduced our ownership percentage to 50% following the restructuring of the MARBL joint venture with MRL.",visible filing text,historical_or_completed,false,codex-independent-context-review,2026-08-15T17:30:00+00:00,Gold context classified before benchmark aggregation,true
gold-event-0050,ALBEMARLE CORP,ALB,ee02-alb-0000915913-24-000016,restructuring,positive_current,2023-12-31,"On October 18, 2023, we closed on the restructuring of the MARBL joint venture with MRL, which resulted in the reduction of our ownership interest in Wodgina to 50% from 60%.",visible filing text,current_or_general,true,codex-independent-context-review,2026-08-15T17:30:00+00:00,Gold context classified before benchmark aggregation,false
gold-event-0051,ALBEMARLE CORP,ALB,ee02-alb-0000915913-24-000016,restructuring,positive_current,2023-12-31,"The decrease in mineral resources was driven by the change in ownership interest in Wodgina from 60% to 50% as a result of the restructuring of the MARBL joint venture agreement, and depletion during the year.",visible filing text,current_or_general,true,codex-independent-context-review,2026-08-15T17:30:00+00:00,Gold context classified before benchmark aggregation,false
gold-event-0052,ALBEMARLE CORP,ALB,ee02-alb-0000915913-24-000016,simplification,positive_current,2023-12-31,"Therefore, as a simplification, to calculate mineral resources, exclusive of reserves, the quantity of lithium pumped in the life of mine plan was subtracted from the overall resource without modification to lithium concentration.",visible filing text,current_or_general,true,codex-independent-context-review,2026-08-15T17:30:00+00:00,Gold context classified before benchmark aggregation,false
gold-event-0053,ALBEMARLE CORP,ALB,ee02-alb-0000915913-24-000016,restructuring,positive_current,2023-12-31,"Barichivich began his career at Georgia Pacific, where he worked as an internal auditor and was a financial analyst supporting the restructuring of the Distribution Division.",visible filing text,current_or_general,true,codex-independent-context-review,2026-08-15T17:30:00+00:00,Gold context classified before benchmark aggregation,false
gold-event-0054,ALBEMARLE CORP,ALB,ee02-alb-0000915913-24-000016,cost_reduction,positive_current,2023-12-31,"We believe our disciplined cost reduction efforts and ongoing productivity improvements, among other factors, position us well to take advantage of strengthening economic conditions as they occur, while softening the negative impact of the current challenging global economic environment.",visible filing text,current_or_general,true,codex-independent-context-review,2026-08-15T17:30:00+00:00,Gold context classified before benchmark aggregation,false
gold-event-0055,ALBEMARLE CORP,ALB,ee02-alb-0000915913-24-000016,restructuring,positive_current,2023-12-31,"In connection with this restructuring, we paid MRL approximately $380 million in cash.",visible filing text,current_or_general,true,codex-independent-context-review,2026-08-15T17:30:00+00:00,Gold context classified before benchmark aggregation,false
gold-event-0056,ALBEMARLE CORP,ALB,ee02-alb-0000915913-24-000016,capacity_expansion,positive_current,2023-12-31,"In particular, we believe that the market for lithium battery and energy storage, particularly for EVs, remains strong, providing the 56 Albemarle Corporation and Subsidiaries opportunity to continue to develop high quality and innovative products while managing the high cost of expanding capacity.",visible filing text,current_or_general,true,codex-independent-context-review,2026-08-15T17:30:00+00:00,Gold context classified before benchmark aggregation,false
gold-event-0057,ALBEMARLE CORP,ALB,ee02-alb-0000915913-24-000016,restructuring,positive_current,2023-12-31,"The restructured agreements, among other things, increase our interest in the first two conversion trains of the Kemerton processing plant from 60% to 100%.",visible filing text,current_or_general,true,codex-independent-context-review,2026-08-15T17:30:00+00:00,Gold context classified before benchmark aggregation,false
gold-event-0058,ALBEMARLE CORP,ALB,ee02-alb-0000915913-24-000016,demand_weakness,positive_current,2023-12-31,"We have taken measures to reduce the negative impact of lower demand, which we expect to show positive impacts in 2024.",visible filing text,current_or_general,true,codex-independent-context-review,2026-08-15T17:30:00+00:00,Gold context classified before benchmark aggregation,false
gold-event-0059,ALBEMARLE CORP,ALB,ee02-alb-0000915913-24-000016,restructuring,positive_current,2023-12-31,"See Note 17, “Commitments and Contingencies,” for further details • Higher compensation expenses across all businesses and Corporate • Higher spending to support business growth, primarily in Energy Storage • Partially offset by productivity improvements and a reduction in certain administrative costs Research and Development Expenses In thousands 2023 2022 $ Change % Change Research and development expenses $ 85,725 $ 71,981 $ 13,744 19 % Percentage of Net sales 0.9 % 1.0 % • Increased research and development spending in each of our businesses (Gain) Loss on Change in Interest in Properties/Sale of Business, Net In thousands 2023 2022 $ Change % Change (Gain) loss on change in interest in properties/sale of business, net $ (71,190) $ 8,400 $ (79,590) • Gain in 2023 resulting from the restructuring of the MARBL joint venture with MRL.",visible filing text,current_or_general,true,codex-independent-context-review,2026-08-15T17:30:00+00:00,Gold context classified before benchmark aggregation,false
gold-event-0060,ALBEMARLE CORP,ALB,ee02-alb-0000915913-24-000016,restructuring,positive_current,2023-12-31,"These non-operating, non-recurring or unusual items may include acquisition and integration-related costs, gains or losses on sales of businesses, restructuring charges, facility divestiture charges, certain litigation and arbitration costs and charges, non-operating pension and OPEB items and other significant non-recurring items.",visible filing text,current_or_general,true,codex-independent-context-review,2026-08-15T17:30:00+00:00,Gold context classified before benchmark aggregation,false
gold-event-0061,ALBEMARLE CORP,ALB,ee02-alb-0000915913-24-000016,restructuring,positive_current,2023-12-31,"(b) Gain recorded during the year ended December 31, 2023 resulting from the restructuring of the MARBL joint venture with MRL.",visible filing text,current_or_general,true,codex-independent-context-review,2026-08-15T17:30:00+00:00,Gold context classified before benchmark aggregation,false
gold-event-0062,ALBEMARLE CORP,ALB,ee02-alb-0000915913-24-000016,site_closure,positive_current,2023-12-31,"• SG&A - $9.5 million of separation and other severance costs to employees in Corporate and the Ketjen business which are primarily expected to be paid out during 2023, $2.3 million of facility closure expenses related to offices in Germany, $1.9 million of charges primarily for environmental reserves at sites not part of our operations and $1.8 million of various expenses including for certain legal costs and shortfall contributions for a multiemployer plan financial improvement plan.",visible filing text,current_or_general,true,codex-independent-context-review,2026-08-15T17:30:00+00:00,Gold context classified before benchmark aggregation,false
gold-event-0063,ALBEMARLE CORP,ALB,ee02-alb-0000915913-24-000016,site_closure,positive_current,2023-12-31,"• SG&A - $4.3 million primarily related to facility closure expenses of offices in Germany, $2.8 million of charges for environmental reserves at sites not part of our operations, $2.8 million of shortfall contributions for our multiemployer plan financial improvement plan, $1.9 million of expense related to one-time retention payments for certain employees during the Catalysts strategic review, partially offset by $4.3 million of gains from the sale of legacy properties not part of our operations.",visible filing text,current_or_general,true,codex-independent-context-review,2026-08-15T17:30:00+00:00,Gold context classified before benchmark aggregation,false
gold-event-0064,ALBEMARLE CORP,ALB,ee02-alb-0000915913-24-000016,site_closure,negative_context,2023-12-31,"• SG&A - $11.5 million of legal fees related to a legacy Rockwood legal matter noted above, $9.8 million of expenses primarily related to non-routine labor and compensation related costs that are outside normal compensation arrangements, a $4.0 million loss resulting from the sale of property, plant and equipment, $3.8 million of charges for environmental reserves at a sites not part of our operations and $3.2 million of facility closure costs related to offices in Germany, and severance expenses in Germany and Belgium.",visible filing text,negated,false,codex-independent-context-review,2026-08-15T17:30:00+00:00,Gold context classified before benchmark aggregation,true
gold-event-0065,ALBEMARLE CORP,ALB,ee02-alb-0000915913-24-000016,growth_language,positive_current,2023-12-31,"Future cash flows for all reporting units include assumptions about revenue growth rates, adjusted EBITDA margins, discount rate as well as other economic or industry-related factors.",visible filing text,current_or_general,true,codex-independent-context-review,2026-08-15T17:30:00+00:00,Gold context classified before benchmark aggregation,false
gold-event-0066,ALBEMARLE CORP,ALB,ee02-alb-0000915913-24-000016,growth_language,positive_current,2023-12-31,"The Company defines adjusted EBITDA as earnings before interest and financing expense, income tax expenses, depreciation and amortization, as adjusted on a consistent basis for certain non-operating, non-recurring or unusual items in a balanced manner and on a segment basis.For the Refining Solutions reporting unit, within the Ketjen segment, the revenue growth rates, adjusted EBITDA margins and the discount rate were deemed to be significant assumptions.",visible filing text,current_or_general,true,codex-independent-context-review,2026-08-15T17:30:00+00:00,Gold context classified before benchmark aggregation,false
gold-event-0067,ALBEMARLE CORP,ALB,ee02-alb-0000915913-24-000016,restructuring,positive_current,2023-12-31,"During 2023, cash on hand, cash provided by operations and net proceeds from net borrowings of commercial paper and long-term debt of $944.2 million funded $2.1 billion of capital expenditures for plant, machinery and equipment, net; approximately $380 million paid to MRL for the restructuring of the MARBL joint venture; $218.5 million to resolve the legal matter with the DOJ and SEC; investments in marketable securities, primarily public equity securities, of $204.5 million; and dividends to shareholders of $187.2 million.",visible filing text,current_or_general,true,codex-independent-context-review,2026-08-15T17:30:00+00:00,Gold context classified before benchmark aggregation,false
gold-event-0068,ALBEMARLE CORP,ALB,ee02-alb-0000915913-24-000016,restructuring,positive_current,2023-12-31,"On October 18, 2023, the Company closed on the restructuring of the MARBL joint venture with MRL.",visible filing text,current_or_general,true,codex-independent-context-review,2026-08-15T17:30:00+00:00,Gold context classified before benchmark aggregation,false
gold-event-0069,ALBEMARLE CORP,ALB,ee02-alb-0000915913-24-000016,simplification,positive_current,2023-12-31,"This updated structure is intended to significantly simplify the commercial operation agreements previously entered into, allow us to retain full control of downstream conversion assets and to provide greater strategic opportunities for each company based on their global operations and the evolving lithium market.",visible filing text,current_or_general,true,codex-independent-context-review,2026-08-15T17:30:00+00:00,Gold context classified before benchmark aggregation,false
gold-event-0070,ALBEMARLE CORP,ALB,ee02-alb-0000915913-24-000016,refinancing,negative_context,2023-12-31,"In that situation, the Company may not be able to raise sufficient debt or equity capital, or divest assets, to refinance or repay the lenders.",visible filing text,negated,false,codex-independent-context-review,2026-08-15T17:30:00+00:00,Gold context classified before benchmark aggregation,true
gold-event-0071,ALBEMARLE CORP,ALB,ee02-alb-0000915913-24-000016,refinancing,positive_current,2023-12-31,"We have the ability and intent to refinance our borrowings under our other existing credit lines with borrowings under the 2022 Credit Agreement, as applicable.",visible filing text,current_or_general,true,codex-independent-context-review,2026-08-15T17:30:00+00:00,Gold context classified before benchmark aggregation,false
gold-event-0072,ALBEMARLE CORP,ALB,ee02-alb-0000915913-24-000016,cost_reduction,positive_current,2023-12-31,"Our main focus in the short-term, during the continued uncertainty surrounding the global economy, including lithium market pricing and recent inflationary trends, is to continue to maintain financial flexibility by 76 Albemarle Corporation and Subsidiaries continuing our cost savings initiative, while still protecting our employees and customers, committing to shareholder returns and maintaining an investment grade rating.",visible filing text,current_or_general,true,codex-independent-context-review,2026-08-15T17:30:00+00:00,Gold context classified before benchmark aggregation,false
gold-event-0073,ALBEMARLE CORP,ALB,ee02-alb-0000915913-24-000016,refinancing,positive_current,2023-12-31,"Federal Reserve or similar national reserve banks in other countries decide to continue tightening the monetary supply, we may incur increased borrowing costs (as interest rates increase on our variable rate credit facilities, as our various credit facilities mature or as we refinance any maturing fixed rate debt obligations), although these cost increases would be partially offset by increased income rates on portions of our cash deposits.",visible filing text,current_or_general,true,codex-independent-context-review,2026-08-15T17:30:00+00:00,Gold context classified before benchmark aggregation,false
gold-event-0074,ALBEMARLE CORP,ALB,ee02-alb-0000915913-24-000016,growth_language,positive_current,2023-12-31,"For the Refining Solutions reporting unit, the revenue growth rates, adjusted EBITDA (earnings before interest and financing expenses, income tax expense, depreciation and amortization) margins, and the discount rate were deemed to be significant assumptions.",visible filing text,current_or_general,true,codex-independent-context-review,2026-08-15T17:30:00+00:00,Gold context classified before benchmark aggregation,false
gold-event-0075,ALBEMARLE CORP,ALB,ee02-alb-0000915913-24-000016,growth_language,positive_current,2023-12-31,"The principal considerations for our determination that performing procedures relating to the goodwill impairment assessment of the Refining Solutions reporting unit is a critical audit matter are (i) the significant judgment by management when developing the fair value estimate of the Refining Solutions reporting unit; (ii) a high degree of auditor judgment, subjectivity, and effort in performing procedures and evaluating management’s significant assumptions related to revenue growth rates, adjusted EBITDA margins, and the discount rate; and (iii) the audit effort involved the use of professionals with specialized skill and knowledge.",visible filing text,current_or_general,true,codex-independent-context-review,2026-08-15T17:30:00+00:00,Gold context classified before benchmark aggregation,false
gold-event-0076,ALBEMARLE CORP,ALB,ee02-alb-0000915913-24-000016,growth_language,positive_current,2023-12-31,"These procedures also included, among others (i) testing management’s process for developing the fair value estimate of the Refining Solutions reporting unit; (ii) evaluating the appropriateness of the discounted cash flow model used by management; (iii) testing the completeness and accuracy of underlying data used in the discounted cash flow model; and (iv) evaluating the reasonableness of the significant assumptions used by management related to revenue growth rates, adjusted EBITDA margins, and the discount rate.",visible filing text,current_or_general,true,codex-independent-context-review,2026-08-15T17:30:00+00:00,Gold context classified before benchmark aggregation,false
gold-event-0077,ALBEMARLE CORP,ALB,ee02-alb-0000915913-24-000016,growth_language,positive_current,2023-12-31,Evaluating management’s assumptions related to revenue growth rates and adjusted EBITDA margins involved evaluating whether the assumptions used by management were reasonable considering (i) the current and past performance of the Refining Solutions reporting unit; (ii) the consistency with external market and industry data; and (iii) whether the assumptions were consistent with evidence obtained in other areas of the audit.,visible filing text,current_or_general,true,codex-independent-context-review,2026-08-15T17:30:00+00:00,Gold context classified before benchmark aggregation,false
gold-event-0078,ALBEMARLE CORP,ALB,ee02-alb-0000915913-24-000016,restructuring,positive_current,2023-12-31,"As described in Note 10, “Investments,” the Company closed on the restructuring of the MARBL joint venture with Mineral Resources Limited (“MRL”) on October 18, 2023 to reduce our ownership interest in the MARBL joint venture to 50 % from 60 %.",visible filing text,current_or_general,true,codex-independent-context-review,2026-08-15T17:30:00+00:00,Gold context classified before benchmark aggregation,false
gold-event-0079,ALBEMARLE CORP,ALB,ee02-alb-0000915913-24-000016,growth_language,positive_current,2023-12-31,"For the Refining Solutions reporting unit, the revenue growth rates, adjusted EBITDA margins and the discount rate were deemed to be significant assumptions.",visible filing text,current_or_general,true,codex-independent-context-review,2026-08-15T17:30:00+00:00,Gold context classified before benchmark aggregation,false
gold-event-0080,ALBEMARLE CORP,ALB,ee02-alb-0000915913-24-000016,new_facility,positive_current,2023-12-31,The grant will be received over the life of the construction period for the new facility (projected as 2024 to 2026) as reimbursement for capital expenditures.,visible filing text,current_or_general,true,codex-independent-context-review,2026-08-15T17:30:00+00:00,Gold context classified before benchmark aggregation,false
gold-event-0081,ALBEMARLE CORP,ALB,ee02-alb-0000915913-24-000016,restructuring,positive_current,2023-12-31,"Proportionately Consolidated Joint Ventures On October 18, 2023, the Company closed on the restructuring of the MARBL joint venture with MRL.",visible filing text,current_or_general,true,codex-independent-context-review,2026-08-15T17:30:00+00:00,Gold context classified before benchmark aggregation,false
gold-event-0082,ALBEMARLE CORP,ALB,ee02-alb-0000915913-24-000016,restructuring,positive_current,2023-12-31,"Following this restructuring, Albemarle and MRL each own 50 % of Wodgina, and MRL operates the Wodgina mine on behalf of the joint venture.",visible filing text,current_or_general,true,codex-independent-context-review,2026-08-15T17:30:00+00:00,Gold context classified before benchmark aggregation,false
gold-event-0083,ALBEMARLE CORP,ALB,ee02-alb-0000915913-24-000016,restructuring,negative_context,2023-12-31,"On October 18, 2023, we completed the restructuring the MARBL joint venture, which reduced the Company’s ownership percentage from 60 % to 50 %.",visible filing text,historical_or_completed,false,codex-independent-context-review,2026-08-15T17:30:00+00:00,Gold context classified before benchmark aggregation,true
gold-event-0084,ALBEMARLE CORP,ALB,ee02-alb-0000915913-24-000016,refinancing,positive_current,2023-12-31,"At December 31, 2023 and 2022, we had the ability and intent to refinance our borrowings under our other existing credit lines with borrowings under the 2022 Credit Agreement.",visible filing text,current_or_general,true,codex-independent-context-review,2026-08-15T17:30:00+00:00,Gold context classified before benchmark aggregation,false
gold-event-0085,ALBEMARLE CORP,ALB,ee02-alb-0000915913-24-000016,restructuring,positive_current,2023-12-31,"These non-operating, non-recurring or unusual items may include acquisition and integration related costs, gains or losses on sales of businesses, restructuring charges, facility divestiture charges, certain litigation and arbitration costs and charges, non-operating pension and OPEB items and other significant non-recurring items.",visible filing text,current_or_general,true,codex-independent-context-review,2026-08-15T17:30:00+00:00,Gold context classified before benchmark aggregation,false
gold-event-0086,ALBEMARLE CORP,ALB,ee02-alb-0000915913-24-000016,site_closure,positive_current,2023-12-31,"• SG&A - $ 9.5 million of separation and other severance costs to employees in Corporate and the Ketjen business which are primarily expected to be paid out during 2023, $ 2.3 million of facility closure expenses related to offices in Germany, $ 1.9 million of charges primarily for environmental reserves at sites not part of our operations and $ 1.8 million of various expenses including for certain legal costs and shortfall contributions for a multiemployer plan financial improvement plan.",visible filing text,current_or_general,true,codex-independent-context-review,2026-08-15T17:30:00+00:00,Gold context classified before benchmark aggregation,false
gold-event-0087,ALBEMARLE CORP,ALB,ee02-alb-0000915913-24-000016,site_closure,positive_current,2023-12-31,"• SG&A - $ 4.3 million primarily related to facility closure expenses of offices in Germany, $ 2.8 million of charges for environmental reserves at sites not part of our operations, $ 2.8 million of shortfall contributions for our multiemployer plan financial improvement plan, $ 1.9 million of expense related to one-time retention payments for certain employees during the Catalysts strategic review, partially offset by $ 4.3 million of gains from the sale of legacy properties not part of our operations.",visible filing text,current_or_general,true,codex-independent-context-review,2026-08-15T17:30:00+00:00,Gold context classified before benchmark aggregation,false
gold-event-0088,ALBEMARLE CORP,ALB,ee02-alb-0000915913-24-000016,site_closure,negative_context,2023-12-31,"• SG&A - $ 11.5 million of legal fees related to a legacy Rockwood legal matter noted above, $ 9.8 million of expenses primarily related to non-routine labor and compensation related costs that are outside normal compensation arrangements, a $ 4.0 million loss resulting from the sale of property, plant and equipment, $ 3.8 million of charges for environmental reserves at a sites not part of our operations and $ 3.2 million of facility closure costs related to offices in Germany, and severance expenses in Germany and Belgium.",visible filing text,negated,false,codex-independent-context-review,2026-08-15T17:30:00+00:00,Gold context classified before benchmark aggregation,true
gold-event-0089,ADVANCED MICRO DEVICES INC,AMD,ee02-amd-0000002488-23-000047,labour_constraint,positive_current,2022-12-31,"If the supply of our products to customers is delayed, reduced or canceled due to disruptions encountered by our third-party manufacturers, back-end manufacturers, warehouses, partners, suppliers or vendors as a result of facility closures, border and port restrictions or closures, transportation delays, lockdown measures, labor shortages or workforce mobility limitations, it could have a material adverse effect on our business.",visible filing text,current_or_general,true,codex-independent-context-review,2026-08-15T17:30:00+00:00,Gold context classified before benchmark aggregation,false
gold-event-0090,ADVANCED MICRO DEVICES INC,AMD,ee02-amd-0000002488-23-000047,site_closure,positive_current,2022-12-31,"If the supply of our products to customers is delayed, reduced or canceled due to disruptions encountered by our third-party manufacturers, back-end manufacturers, warehouses, partners, suppliers or vendors as a result of facility closures, border and port restrictions or closures, transportation delays, lockdown measures, labor shortages or workforce mobility limitations, it could have a material adverse effect on our business.",visible filing text,current_or_general,true,codex-independent-context-review,2026-08-15T17:30:00+00:00,Gold context classified before benchmark aggregation,false
gold-event-0091,ADVANCED MICRO DEVICES INC,AMD,ee02-amd-0000002488-23-000047,growth_language,positive_current,2022-12-31,The markets in which our products are sold are very competitive and delivering the latest and best products to market on a timely basis is critical to achieving revenue growth.,visible filing text,current_or_general,true,codex-independent-context-review,2026-08-15T17:30:00+00:00,Gold context classified before benchmark aggregation,false
gold-event-0092,ADVANCED MICRO DEVICES INC,AMD,ee02-amd-0000002488-23-000047,simplification,positive_current,2022-12-31,We continuously work on simplifying our information systems and applications through consolidation and standardization efforts.,visible filing text,current_or_general,true,codex-independent-context-review,2026-08-15T17:30:00+00:00,Gold context classified before benchmark aggregation,false
gold-event-0093,ADVANCED MICRO DEVICES INC,AMD,ee02-amd-0000002488-23-000047,refinancing,positive_current,2022-12-31,"If we are not able to generate sufficient cash flow from operations, we may be required to sell assets or equity, reduce expenditures, refinance all or a portion of our existing debt or obtain additional financing.",visible filing text,current_or_general,true,codex-independent-context-review,2026-08-15T17:30:00+00:00,Gold context classified before benchmark aggregation,false
gold-event-0094,ADVANCED MICRO DEVICES INC,AMD,ee02-amd-0000002488-23-000047,restructuring,positive_current,2022-12-31,"In addition, any future restructuring plans may adversely impact our ability to attract and retain key employees.",visible filing text,current_or_general,true,codex-independent-context-review,2026-08-15T17:30:00+00:00,Gold context classified before benchmark aggregation,false
gold-event-0095,ADVANCED MICRO DEVICES INC,AMD,ee02-amd-0000002488-23-000047,growth_language,negative_context,2022-12-31,"Significant estimates in valuing developed technology, in-process research and development, customer relationships and other identifiable intangible assets include, but are not limited to, expected future revenue growth rates and margins, future changes in technology, time to recreate customer relationships, useful lives, and discount rates.",visible filing text,negated,false,codex-independent-context-review,2026-08-15T17:30:00+00:00,Gold context classified before benchmark aggregation,true
gold-event-0096,ADVANCED MICRO DEVICES INC,AMD,ee02-amd-0000002488-23-000047,growth_language,negative_context,2022-12-31,"Critical estimates in valuing intangible assets include, but are not limited to, expected future revenue growth rates and margins, future changes in technology, time to recreate customer relationships, useful lives, and discount rates.",visible filing text,negated,false,codex-independent-context-review,2026-08-15T17:30:00+00:00,Gold context classified before benchmark aggregation,true
gold-event-0097,ADVANCED MICRO DEVICES INC,AMD,ee02-amd-0000002488-23-000047,growth_language,positive_current,2022-12-31,"The significant assumptions used to estimate the value of these intangible assets included certain assumptions that form the basis of the forecasted results, specifically, revenue growth rates, technology migration curves, and time to recreate customer relationships.",visible filing text,current_or_general,true,codex-independent-context-review,2026-08-15T17:30:00+00:00,Gold context classified before benchmark aggregation,false
gold-event-0098,ADVANCED MICRO DEVICES INC,AMD,ee02-amd-0000002488-24-000012,growth_language,positive_current,2023-12-30,Competition The markets in which our products are sold are highly competitive and delivering the latest and best products to market on a timely basis is critical to achieving revenue growth.,visible filing text,current_or_general,true,codex-independent-context-review,2026-08-15T17:30:00+00:00,Gold context classified before benchmark aggregation,false
gold-event-0099,ADVANCED MICRO DEVICES INC,AMD,ee02-amd-0000002488-24-000012,growth_language,positive_current,2023-12-30,The markets in which our products are sold are highly competitive and delivering the latest and best products to market on a timely basis is critical to achieving revenue growth.,visible filing text,current_or_general,true,codex-independent-context-review,2026-08-15T17:30:00+00:00,Gold context classified before benchmark aggregation,false
gold-event-0100,ADVANCED MICRO DEVICES INC,AMD,ee02-amd-0000002488-24-000012,simplification,positive_current,2023-12-30,We continuously work on simplifying our information systems and applications through consolidation and standardization efforts.,visible filing text,current_or_general,true,codex-independent-context-review,2026-08-15T17:30:00+00:00,Gold context classified before benchmark aggregation,false
gold-event-0101,ADVANCED MICRO DEVICES INC,AMD,ee02-amd-0000002488-24-000012,refinancing,positive_current,2023-12-30,"If we are not able to generate sufficient cash flow from operations, we may be required to sell assets or equity, reduce expenditures, refinance all or a portion of our existing debt or obtain additional financing.",visible filing text,current_or_general,true,codex-independent-context-review,2026-08-15T17:30:00+00:00,Gold context classified before benchmark aggregation,false
gold-event-0102,ADVANCED MICRO DEVICES INC,AMD,ee02-amd-0000002488-24-000012,restructuring,positive_current,2023-12-30,"In addition, any future restructuring plans may adversely impact our ability to attract and retain key employees.",visible filing text,current_or_general,true,codex-independent-context-review,2026-08-15T17:30:00+00:00,Gold context classified before benchmark aggregation,false
gold-event-0103,ADVANCED MICRO DEVICES INC,AMD,ee02-amd-0000002488-24-000012,growth_language,negative_context,2023-12-30,"Critical estimates in valuing intangible assets include, but are not limited to, expected future revenue growth rates and margins, future changes in technology, time to recreate customer relationships, useful lives, and discount rates.",visible filing text,negated,false,codex-independent-context-review,2026-08-15T17:30:00+00:00,Gold context classified before benchmark aggregation,true
gold-event-0104,ADVANCED MICRO DEVICES INC,AMD,ee02-amd-0000002488-24-000163,growth_language,positive_current,2024-09-28,The increase in both periods was primarily due to an increase in go-to-market activities driven by revenue growth.,visible filing text,current_or_general,true,codex-independent-context-review,2026-08-15T17:30:00+00:00,Gold context classified before benchmark aggregation,false
gold-event-0105,ADVANCED MICRO DEVICES INC,AMD,ee02-amd-0000002488-24-000163,simplification,positive_current,2024-09-28,We continuously work on simplifying our information systems and applications through consolidation and standardization efforts.,visible filing text,current_or_general,true,codex-independent-context-review,2026-08-15T17:30:00+00:00,Gold context classified before benchmark aggregation,false
gold-event-0106,ADVANCED MICRO DEVICES INC,AMD,ee02-amd-0000002488-24-000163,restructuring,positive_current,2024-09-28,"In addition, any future restructuring plans may adversely impact our ability to attract and retain key employees.",visible filing text,current_or_general,true,codex-independent-context-review,2026-08-15T17:30:00+00:00,Gold context classified before benchmark aggregation,false
gold-event-0107,BOEING CO,BA,ee02-ba-0000012927-23-000007,cost_reduction,positive_current,2022-12-31,We are focused on improving our products and processes and continuing cost reduction efforts.,visible filing text,current_or_general,true,codex-independent-context-review,2026-08-15T17:30:00+00:00,Gold context classified before benchmark aggregation,false
gold-event-0108,BOEING CO,BA,ee02-ba-0000012927-23-000007,supply_chain_constraint,positive_current,2022-12-31,"We and our suppliers are experiencing supply chain disruptions as a result of the lingering impacts of COVID-19, global supply chain constraints, and labor instability.",visible filing text,current_or_general,true,codex-independent-context-review,2026-08-15T17:30:00+00:00,Gold context classified before benchmark aggregation,false
gold-event-0109,BOEING CO,BA,ee02-ba-0000012927-23-000007,supply_chain_constraint,positive_current,2022-12-31,"Many of our suppliers are experiencing inflationary pressures, as well as disruptions due to the lingering impacts of COVID-19, global supply chain constraints, and labor instability.",visible filing text,current_or_general,true,codex-independent-context-review,2026-08-15T17:30:00+00:00,Gold context classified before benchmark aggregation,false
gold-event-0110,BOEING CO,BA,ee02-ba-0000012927-23-000007,cost_reduction,positive_current,2022-12-31,"While fixed-price contracts enable us to benefit from performance improvements, cost reductions and efficiencies, they also subject us to the risk of reduced margins or incurring losses if we are unable to achieve estimated costs and revenues.",visible filing text,current_or_general,true,codex-independent-context-review,2026-08-15T17:30:00+00:00,Gold context classified before benchmark aggregation,false
gold-event-0111,BOEING CO,BA,ee02-ba-0000012927-23-000007,supply_chain_constraint,positive_current,2022-12-31,"These factors include continued production disruption due to labor instability and supply chain disruption, customer negotiations, further production rate adjustments for the 777X or other commercial aircraft programs, contraction of the accounting quantity and potential risks associated with the testing program and the timing of aircraft certification.",visible filing text,current_or_general,true,codex-independent-context-review,2026-08-15T17:30:00+00:00,Gold context classified before benchmark aggregation,false
gold-event-0112,BOEING CO,BA,ee02-ba-0000012927-23-000007,supply_chain_constraint,positive_current,2022-12-31,The increase was primarily driven by a decision in the fourth quarter of 2022 to slow down near-term production due to supply chain constraints and increased inspection and rework costs.,visible filing text,current_or_general,true,codex-independent-context-review,2026-08-15T17:30:00+00:00,Gold context classified before benchmark aggregation,false
gold-event-0113,BOEING CO,BA,ee02-ba-0000012927-23-000007,cost_reduction,negative_context,2022-12-31,"Factors that could result in lower margins (or a material charge if an airplane program has or is determined to have reach-forward losses) include the following: changes to the program accounting quantity, customer and model mix, production costs and rates, changes to price escalation factors due to changes in the inflation rate or other economic indicators, performance or reliability issues involving completed aircraft, capital expenditures and other costs associated with increasing or adding new production capacity, learning curve, additional change incorporation, achieving anticipated cost reductions, the addition of regulatory requirements in connection with certification in one or more jurisdictions, flight test and certification schedules, costs, schedule and demand for new airplanes and derivatives and status of customer claims, supplier claims or assertions and other contractual negotiations.",visible filing text,historical_or_completed,false,codex-independent-context-review,2026-08-15T17:30:00+00:00,Gold context classified before benchmark aggregation,true
gold-event-0114,BOEING CO,BA,ee02-ba-0000012927-23-000007,growth_language,positive_current,2022-12-31,Continued access to global markets remains vital to our ability to fully realize our sales growth potential and long-term investment returns.,visible filing text,current_or_general,true,codex-independent-context-review,2026-08-15T17:30:00+00:00,Gold context classified before benchmark aggregation,false
gold-event-0115,BOEING CO,BA,ee02-ba-0000012927-23-000007,refinancing,positive_current,2022-12-31,"While we may be required to fund a number of new aircraft deliveries in 2023 and/or provide refinancing for existing bridge debt, we expect alternative financing will be available at reasonable prices from broad and globally diverse sources.",visible filing text,current_or_general,true,codex-independent-context-review,2026-08-15T17:30:00+00:00,Gold context classified before benchmark aggregation,false
gold-event-0116,BOEING CO,BA,ee02-ba-0000012927-23-000007,refinancing,positive_current,2022-12-31,"(Dollars in millions) Total Amounts Committed/Maximum Amount of Loss Less than 1 year 1-3 years 4-5 years After 5 years Standby letters of credit and surety bonds $5,070 $3,859 $1,036 $10 $165 Commercial aircraft financing commitments 16,105 3,084 5,989 4,075 2,957 Total commercial commitments $21,175 $6,943 $7,025 $4,085 $3,122 Commercial aircraft financing commitments include commitments to provide financing related to aircraft on order, under option for deliveries or proposed as part of sales campaigns or refinancing with respect to delivered aircraft, based on estimated earliest potential funding dates.",visible filing text,current_or_general,true,codex-independent-context-review,2026-08-15T17:30:00+00:00,Gold context classified before benchmark aggregation,false
gold-event-0117,BOEING CO,BA,ee02-ba-0000012927-23-000007,refinancing,positive_current,2022-12-31,"84 Table of Contents Financing Commitments Financing commitments related to aircraft on order, including options and those proposed in sales campaigns, and refinancing of delivered aircraft, totaled $ 16,105 and $ 12,905 as of December 31, 2022 and 2021.",visible filing text,current_or_general,true,codex-independent-context-review,2026-08-15T17:30:00+00:00,Gold context classified before benchmark aggregation,false
gold-event-0118,BOEING CO,BA,ee02-ba-0000012927-23-000007,supply_chain_constraint,positive_current,2022-12-31,"During the year ended December 31, 2022, we increased the reach-forward loss on the KC-46A Tanker program by $ 1,374 primarily reflecting higher production and supply chain costs partially driven by labor instability and supply chain disruption, most of which was recorded during the third quarter of 2022.",visible filing text,current_or_general,true,codex-independent-context-review,2026-08-15T17:30:00+00:00,Gold context classified before benchmark aggregation,false
gold-event-0119,BOEING CO,BA,ee02-ba-0000012927-23-000007,supply_chain_constraint,positive_current,2022-12-31,The increase in production costs was primarily driven by factory unit time performance expectations that assume continued production disruption due to labor instability and supply chain disruption.,visible filing text,current_or_general,true,codex-independent-context-review,2026-08-15T17:30:00+00:00,Gold context classified before benchmark aggregation,false
gold-event-0120,BOEING CO,BA,ee02-ba-0000012927-23-000007,supply_chain_constraint,positive_current,2022-12-31,"We increased the estimated reach-forward loss by $ 552 during the year ended December 31, 2022 primarily driven by ongoing supply chain negotiations (which are impacted by supply chain constraints and inflationary pressures), and design revisions, as well as an increase in the number of expected units in the initial production lots.",visible filing text,current_or_general,true,codex-independent-context-review,2026-08-15T17:30:00+00:00,Gold context classified before benchmark aggregation,false
gold-event-0121,BOEING CO,BA,ee02-ba-0000012927-23-000007,supply_chain_constraint,positive_current,2022-12-31,"The ongoing effects of macroeconomic challenges, including supply chain disruption, labor shortages, and inflationary pressures compound these complexities and related financial risks.",visible filing text,current_or_general,true,codex-independent-context-review,2026-08-15T17:30:00+00:00,Gold context classified before benchmark aggregation,false
gold-event-0122,BOEING CO,BA,ee02-ba-0000012927-23-000007,labour_constraint,positive_current,2022-12-31,"The ongoing effects of macroeconomic challenges, including supply chain disruption, labor shortages, and inflationary pressures compound these complexities and related financial risks.",visible filing text,current_or_general,true,codex-independent-context-review,2026-08-15T17:30:00+00:00,Gold context classified before benchmark aggregation,false
gold-event-0123,BOEING CO,BA,ee02-ba-0000012927-23-000007,supply_chain_constraint,positive_current,2022-12-31,"• We evaluated the reasonableness of judgments made and significant assumptions used by management relating to key cost and schedule estimates, including the effects of supply chain disruptions, labor shortages, and inflationary pressures.",visible filing text,current_or_general,true,codex-independent-context-review,2026-08-15T17:30:00+00:00,Gold context classified before benchmark aggregation,false
gold-event-0124,BOEING CO,BA,ee02-ba-0000012927-23-000007,labour_constraint,positive_current,2022-12-31,"• We evaluated the reasonableness of judgments made and significant assumptions used by management relating to key cost and schedule estimates, including the effects of supply chain disruptions, labor shortages, and inflationary pressures.",visible filing text,current_or_general,true,codex-independent-context-review,2026-08-15T17:30:00+00:00,Gold context classified before benchmark aggregation,false
gold-event-0125,BOEING CO,BA,ee02-ba-0000012927-23-000007,supply_chain_constraint,positive_current,2022-12-31,"Program Accounting Revenue Estimates for the 787 Program — Refer to Notes 1, 7, and 22 to the financial statements Critical Audit Matter Description Production quality issues and supply chain disruption for the 787 program have resulted in increased risk associated with forecasted revenue estimates primarily due to the difficulty in assessing the value of consideration expected to be provided to customers as a result of delivery delays.",visible filing text,current_or_general,true,codex-independent-context-review,2026-08-15T17:30:00+00:00,Gold context classified before benchmark aggregation,false
gold-event-0126,BOEING CO,BA,ee02-ba-0000012927-23-000007,supply_chain_constraint,positive_current,2022-12-31,"How the Critical Audit Matter Was Addressed in the Audit Our audit procedures related to the estimated revenues for the 787 program included the following, among others: • We inquired of management, including operational and supply chain leadership, to assess the assumptions related to the supply chain disruption impacts on the delivery schedule and the estimated timeline for completion of rework.",visible filing text,current_or_general,true,codex-independent-context-review,2026-08-15T17:30:00+00:00,Gold context classified before benchmark aggregation,false
gold-event-0127,BOEING CO,BA,ee02-ba-0000012927-23-000007,supply_chain_constraint,positive_current,2022-12-31,"• We evaluated the appropriateness and consistency of management’s method used in developing the delivery schedule assumptions, including the impact of production quality issues and supply chain disruption.",visible filing text,current_or_general,true,codex-independent-context-review,2026-08-15T17:30:00+00:00,Gold context classified before benchmark aggregation,false
gold-event-0128,BOEING CO,BA,ee02-ba-0000012927-24-000010,cost_reduction,positive_current,2023-12-31,We are focused on improving our products and processes and continuing cost reduction efforts.,visible filing text,current_or_general,true,codex-independent-context-review,2026-08-15T17:30:00+00:00,Gold context classified before benchmark aggregation,false
gold-event-0129,BOEING CO,BA,ee02-ba-0000012927-24-000010,supply_chain_constraint,positive_current,2023-12-31,"We and our suppliers are experiencing supply chain disruptions and constraints, labor instability and inflationary pressures.",visible filing text,current_or_general,true,codex-independent-context-review,2026-08-15T17:30:00+00:00,Gold context classified before benchmark aggregation,false
gold-event-0130,BOEING CO,BA,ee02-ba-0000012927-24-000010,supply_chain_constraint,positive_current,2023-12-31,"Many of our suppliers are experiencing inflationary pressures, as well as resource constraints and disruptions due to production quality issues, global supply chain constraints, and labor instability.",visible filing text,current_or_general,true,codex-independent-context-review,2026-08-15T17:30:00+00:00,Gold context classified before benchmark aggregation,false
gold-event-0131,BOEING CO,BA,ee02-ba-0000012927-24-000010,cost_reduction,positive_current,2023-12-31,"While fixed-price contracts enable us to benefit from performance improvements, cost reductions and efficiencies, they also subject us to the risk of reduced margins or incurring losses if we are unable to achieve estimated costs and revenues.",visible filing text,current_or_general,true,codex-independent-context-review,2026-08-15T17:30:00+00:00,Gold context classified before benchmark aggregation,false
gold-event-0132,BOEING CO,BA,ee02-ba-0000012927-24-000010,supply_chain_constraint,positive_current,2023-12-31,"We and our suppliers are experiencing supply chain disruptions as a result of production quality issues, global supply chain constraints, and labor instability.",visible filing text,current_or_general,true,codex-independent-context-review,2026-08-15T17:30:00+00:00,Gold context classified before benchmark aggregation,false
gold-event-0133,BOEING CO,BA,ee02-ba-0000012927-24-000010,supply_chain_constraint,positive_current,2023-12-31,Supply Chain We and our suppliers are experiencing supply chain disruptions as a result of global supply chain constraints and labor instability.,visible filing text,current_or_general,true,codex-independent-context-review,2026-08-15T17:30:00+00:00,Gold context classified before benchmark aggregation,false
gold-event-0134,BOEING CO,BA,ee02-ba-0000012927-24-000010,supply_chain_constraint,negative_context,2023-12-31,"These factors include aircraft certification requirements and timing, change incorporation on completed aircraft, production disruption due to labor instability and supply chain disruption, customer negotiations, further 33 Table of Contents production rate adjustments for the 777X or other commercial aircraft programs, and contraction of the accounting quantity.",visible filing text,historical_or_completed,false,codex-independent-context-review,2026-08-15T17:30:00+00:00,Gold context classified before benchmark aggregation,true
gold-event-0135,BOEING CO,BA,ee02-ba-0000012927-24-000010,cost_reduction,negative_context,2023-12-31,"Factors that could result in lower margins (or a material charge if an airplane program has or is determined to have reach-forward losses) include: changes to the program accounting quantity, customer and model mix, production costs and rates, changes to price escalation factors due to changes in the inflation rate or other economic indicators, performance or reliability issues involving completed aircraft, capital expenditures and other costs associated with increasing or adding new production capacity, learning curve, additional change incorporation, rework or safety enhancements, operational and supply chain challenges, achieving anticipated cost reductions, additional regulatory requirements in connection with certification in one or more jurisdictions, flight test and certification schedules, costs, schedule and demand for new airplanes and derivatives and status of customer claims, supplier claims or assertions and other contractual negotiations.",visible filing text,historical_or_completed,false,codex-independent-context-review,2026-08-15T17:30:00+00:00,Gold context classified before benchmark aggregation,true
gold-event-0136,BOEING CO,BA,ee02-ba-0000012927-24-000010,growth_language,positive_current,2023-12-31,Continued access to global markets remains vital to our ability to fully realize our sales growth potential and long-term investment returns.,visible filing text,current_or_general,true,codex-independent-context-review,2026-08-15T17:30:00+00:00,Gold context classified before benchmark aggregation,false
gold-event-0137,BOEING CO,BA,ee02-ba-0000012927-24-000010,refinancing,positive_current,2023-12-31,"(Dollars in millions) Total Amounts Committed/Maximum Amount of Loss Less than 1 year 1-3 years 4-5 years After 5 years Standby letters of credit and surety bonds $4,548 $3,150 $1,210 $25 $163 Commercial aircraft financing commitments 17,003 1,946 7,927 4,062 3,068 Total commercial commitments $21,551 $5,096 $9,137 $4,087 $3,231 Commercial aircraft financing commitments include commitments to provide financing related to aircraft on order, under option for deliveries or proposed as part of sales campaigns or refinancing with respect to delivered aircraft, based on estimated earliest potential funding dates.",visible filing text,current_or_general,true,codex-independent-context-review,2026-08-15T17:30:00+00:00,Gold context classified before benchmark aggregation,false
gold-event-0138,BOEING CO,BA,ee02-ba-0000012927-24-000010,supply_chain_constraint,positive_current,2023-12-31,"Factors that influence these estimates include inflationary trends, technical and schedule risk, internal and supplier performance trends, production quality, labor instability, global supply chain constraints, business volume assumptions, asset utilization, and anticipated labor agreements.",visible filing text,current_or_general,true,codex-independent-context-review,2026-08-15T17:30:00+00:00,Gold context classified before benchmark aggregation,false
gold-event-0139,BOEING CO,BA,ee02-ba-0000012927-24-000010,supply_chain_constraint,negative_context,2023-12-31,"Factors that influence these estimates include production rates, internal and supplier performance trends, production quality, labor instability, global supply chain constraints, learning curve, change incorporation, rework or safety enhancements, regulatory requirements, flight test and certification requirements and schedules, performance or reliability issues involving completed aircraft, customer and/or supplier claims or assertions, asset utilization, anticipated labor agreements, and inflationary or deflationary trends.",visible filing text,historical_or_completed,false,codex-independent-context-review,2026-08-15T17:30:00+00:00,Gold context classified before benchmark aggregation,true
gold-event-0140,BOEING CO,BA,ee02-ba-0000012927-24-000010,refinancing,positive_current,2023-12-31,"81 Table of Contents Financing Commitments Financing commitments related to aircraft on order, including options and those proposed in sales campaigns, and refinancing of delivered aircraft, totaled $ 17,003 and $ 16,105 as of December 31, 2023 and 2022.",visible filing text,current_or_general,true,codex-independent-context-review,2026-08-15T17:30:00+00:00,Gold context classified before benchmark aggregation,false
gold-event-0141,BOEING CO,BA,ee02-ba-0000012927-24-000082,supply_chain_constraint,negative_context,2024-09-30,"Commercial airplane cash outflows reflect slowed production and deliveries as a result of ongoing safety and quality improvement actions the Company is taking following the Alaska Airlines accident on January 5, 2024, as well as supply chain constraints.",visible filing text,historical_or_completed,false,codex-independent-context-review,2026-08-15T17:30:00+00:00,Gold context classified before benchmark aggregation,true
gold-event-0142,BOEING CO,BA,ee02-ba-0000012927-24-000082,supply_chain_constraint,negative_context,2024-09-30,"These factors include aircraft certification requirements and timing, change incorporation on completed aircraft, production disruption due to labor instability (including the ongoing work stoppage) and supply chain disruption, customer delivery timing and negotiations, further production rate adjustments for the 777X or other commercial aircraft programs, and contraction of the accounting quantity.",visible filing text,historical_or_completed,false,codex-independent-context-review,2026-08-15T17:30:00+00:00,Gold context classified before benchmark aggregation,true
gold-event-0143,BOEING CO,BA,ee02-ba-0000012927-24-000082,refinancing,positive_current,2024-09-30,"Financing Commitments Financing commitments related to aircraft on order, including options and those proposed in sales campaigns, and refinancing of delivered aircraft, totaled $ 17,379 and $ 17,003 as of September 30, 2024 and December 31, 2023.",visible filing text,current_or_general,true,codex-independent-context-review,2026-08-15T17:30:00+00:00,Gold context classified before benchmark aggregation,false
gold-event-0144,BOEING CO,BA,ee02-ba-0000012927-24-000082,supply_chain_constraint,positive_current,2024-09-30,"During the first quarter of 2024, we increased the reach-forward loss by $ 128 , primarily due to factory disruption associated with supply chain constraints.",visible filing text,current_or_general,true,codex-independent-context-review,2026-08-15T17:30:00+00:00,Gold context classified before benchmark aggregation,false
gold-event-0145,BOEING CO,BA,ee02-ba-0000012927-24-000082,supply_chain_constraint,positive_current,2024-09-30,"During the second quarter of 2024, we increased the reach-forward loss on the contract by $ 391 , primarily reflecting higher than anticipated factory disruption, including supply chain constraints and parts shortages.",visible filing text,current_or_general,true,codex-independent-context-review,2026-08-15T17:30:00+00:00,Gold context classified before benchmark aggregation,false
gold-event-0146,BOEING CO,BA,ee02-ba-0000012927-24-000082,new_facility,positive_current,2024-09-30,We will be initiating final assembly operations at our new facility at Mid-America St.,visible filing text,current_or_general,true,codex-independent-context-review,2026-08-15T17:30:00+00:00,Gold context classified before benchmark aggregation,false
gold-event-0147,BOEING CO,BA,ee02-ba-0000012927-24-000082,supply_chain_constraint,positive_current,2024-09-30,"44 Table of Contents Supply Chain We and our suppliers are experiencing inflationary pressures, as well as supply chain disruptions as a result of global supply chain constraints and labor instability.",visible filing text,current_or_general,true,codex-independent-context-review,2026-08-15T17:30:00+00:00,Gold context classified before benchmark aggregation,false
gold-event-0148,BOEING CO,BA,ee02-ba-0000012927-24-000082,supply_chain_constraint,positive_current,2024-09-30,"787 Program During the first quarter of 2024, we disclosed that we were slowing near-term production to below 5 per month due to supply chain constraints.",visible filing text,current_or_general,true,codex-independent-context-review,2026-08-15T17:30:00+00:00,Gold context classified before benchmark aggregation,false
gold-event-0149,BOEING CO,BA,ee02-ba-0000012927-24-000082,supply_chain_constraint,positive_current,2024-09-30,The program continues to experience supply chain constraints and production issues.,visible filing text,current_or_general,true,codex-independent-context-review,2026-08-15T17:30:00+00:00,Gold context classified before benchmark aggregation,false
gold-event-0150,BOEING CO,BA,ee02-ba-0000012927-24-000082,supply_chain_constraint,negative_context,2024-09-30,"Commercial airplane cash outflows reflect slowed and/or paused production and lower deliveries as a result of ongoing safety and quality improvement actions the Company is taking following the Alaska Airlines accident on January 5, 2024, supply chain constraints, and the ongoing work stoppage initiated on September 13, 2024, by IAM 751.",visible filing text,historical_or_completed,false,codex-independent-context-review,2026-08-15T17:30:00+00:00,Gold context classified before benchmark aggregation,true
gold-event-0151,BOEING CO,BA,ee02-ba-0000012927-24-000082,restructuring,positive_current,2024-09-30,"If we continue to require cash to fund our operations or require additional funding in order to pay off existing debt, address further impacts to our business related to the strike by IAM 751 or market developments, fund outstanding financing commitments or meet other business requirements, we may need to refinance or restructure our debt, reduce or delay capital investments, or seek to raise additional capital including through the issuance of equity or equity-linked securities, and these activities could have terms that are unfavorable or could be dilutive.",visible filing text,current_or_general,true,codex-independent-context-review,2026-08-15T17:30:00+00:00,Gold context classified before benchmark aggregation,false
gold-event-0152,BOEING CO,BA,ee02-ba-0000012927-24-000082,refinancing,positive_current,2024-09-30,"If we continue to require cash to fund our operations or require additional funding in order to pay off existing debt, address further impacts to our business related to the strike by IAM 751 or market developments, fund outstanding financing commitments or meet other business requirements, we may need to refinance or restructure our debt, reduce or delay capital investments, or seek to raise additional capital including through the issuance of equity or equity-linked securities, and these activities could have terms that are unfavorable or could be dilutive.",visible filing text,current_or_general,true,codex-independent-context-review,2026-08-15T17:30:00+00:00,Gold context classified before benchmark aggregation,false
gold-event-0153,CATERPILLAR INC,CAT,ee02-cat-0000018230-23-000011,supply_chain_constraint,positive_current,2022-12-31,"However, in some cases, increases in demand or supply chain disruptions have led to parts and components constraints across some products.",visible filing text,current_or_general,true,codex-independent-context-review,2026-08-15T17:30:00+00:00,Gold context classified before benchmark aggregation,false
gold-event-0154,CATERPILLAR INC,CAT,ee02-cat-0000018230-23-000011,supply_chain_constraint,positive_current,2022-12-31,and elsewhere and has led to volatility in customer demand for the Company’s products and services and caused supply chain disruptions.,visible filing text,current_or_general,true,codex-independent-context-review,2026-08-15T17:30:00+00:00,Gold context classified before benchmark aggregation,false
gold-event-0155,CATERPILLAR INC,CAT,ee02-cat-0000018230-23-000011,cost_reduction,positive_current,2022-12-31,"Increases in the prices of such commodities would increase our costs, negatively impacting our business, results of operations and financial condition if we are unable to fully offset the effect of these increased costs through price increases, productivity improvements or cost reduction programs.",visible filing text,current_or_general,true,codex-independent-context-review,2026-08-15T17:30:00+00:00,Gold context classified before benchmark aggregation,false
gold-event-0156,CATERPILLAR INC,CAT,ee02-cat-0000018230-23-000011,restructuring,positive_current,2022-12-31,925 1.68 — — Restructuring costs .......................................................,visible filing text,current_or_general,true,codex-independent-context-review,2026-08-15T17:30:00+00:00,Gold context classified before benchmark aggregation,false
gold-event-0157,CATERPILLAR INC,CAT,ee02-cat-0000018230-23-000011,restructuring,positive_current,2022-12-31,"The increase was primarily due to favorable price realization and higher sales volume, partially offset by unfavorable manufacturing costs , a goodwill impairment charge, higher selling, general and administrative (SG&A) and research and development (R&D) expenses, lower mark-to-market gains for remeasurement of pension and other postemployment benefit (OPEB) plans and higher restructuring costs.",visible filing text,current_or_general,true,codex-independent-context-review,2026-08-15T17:30:00+00:00,Gold context classified before benchmark aggregation,false
gold-event-0158,CATERPILLAR INC,CAT,ee02-cat-0000018230-23-000011,growth_language,positive_current,2022-12-31,"In Energy & Transportation, we expect sales growth due to strong order rates in most applications.",visible filing text,current_or_general,true,codex-independent-context-review,2026-08-15T17:30:00+00:00,Gold context classified before benchmark aggregation,false
gold-event-0159,CATERPILLAR INC,CAT,ee02-cat-0000018230-23-000011,supply_chain_constraint,positive_current,2022-12-31,"Global Business Conditions We continue to monitor a variety of external factors around the world, such as supply chain disruptions, inflationary cost and labor pressures.",visible filing text,current_or_general,true,codex-independent-context-review,2026-08-15T17:30:00+00:00,Gold context classified before benchmark aggregation,false
gold-event-0160,CATERPILLAR INC,CAT,ee02-cat-0000018230-23-000011,restructuring,positive_current,2022-12-31,"The increase was primarily due to favorable price realization and higher sales volume, partially offset by higher manufacturing costs, a goodwill impairment charge, higher SG&A/R&D expenses and higher restructuring costs.",visible filing text,current_or_general,true,codex-independent-context-review,2026-08-15T17:30:00+00:00,Gold context classified before benchmark aggregation,false
gold-event-0161,CATERPILLAR INC,CAT,ee02-cat-0000018230-23-000011,restructuring,positive_current,2022-12-31,"In 2022, the company took a goodwill impairment charge of $925 million and restructuring costs of $193 million related to the Rail division, both primarily non-cash items.",visible filing text,current_or_general,true,codex-independent-context-review,2026-08-15T17:30:00+00:00,Gold context classified before benchmark aggregation,false
gold-event-0162,CATERPILLAR INC,CAT,ee02-cat-0000018230-23-000011,restructuring,positive_current,2022-12-31,$180 million of the total Rail restructuring costs were recognized in the fourth quarter of 2022.,visible filing text,current_or_general,true,codex-independent-context-review,2026-08-15T17:30:00+00:00,Gold context classified before benchmark aggregation,false
gold-event-0163,CATERPILLAR INC,CAT,ee02-cat-0000018230-23-000011,restructuring,positive_current,2022-12-31,The restructuring costs were primarily related to write-downs in the value of inventory.,visible filing text,current_or_general,true,codex-independent-context-review,2026-08-15T17:30:00+00:00,Gold context classified before benchmark aggregation,false
gold-event-0164,CATERPILLAR INC,CAT,ee02-cat-0000018230-23-000011,restructuring,positive_current,2022-12-31,"Corporate Items and Eliminations Expense for corporate items and eliminations was $2.409 billion in 2022, an increase of $929 million from 2021, primarily driven by a goodwill impairment charge and higher restructuring costs, partially offset by favorable impacts of segment reporting methodology and a favorable change in fair value adjustments related to deferred compensation plans.",visible filing text,current_or_general,true,codex-independent-context-review,2026-08-15T17:30:00+00:00,Gold context classified before benchmark aggregation,false
gold-event-0165,CATERPILLAR INC,CAT,ee02-cat-0000018230-23-000011,restructuring,positive_current,2022-12-31,"RESTRUCTURING COSTS On February 1, 2023, we closed on the divestiture of our Longwall business.",visible filing text,current_or_general,true,codex-independent-context-review,2026-08-15T17:30:00+00:00,Gold context classified before benchmark aggregation,false
gold-event-0166,CATERPILLAR INC,CAT,ee02-cat-0000018230-23-000011,restructuring,positive_current,2022-12-31,"This loss, primarily non-cash, will be included in our first quarter 2023 restructuring costs and is subject to the finalization of post-closing procedures.",visible filing text,current_or_general,true,codex-independent-context-review,2026-08-15T17:30:00+00:00,Gold context classified before benchmark aggregation,false
gold-event-0167,CATERPILLAR INC,CAT,ee02-cat-0000018230-23-000011,restructuring,positive_current,2022-12-31,"In addition, we expect to incur about $100 million of restructuring costs in 2023 primarily related to strategic actions to address a small number of products.",visible filing text,current_or_general,true,codex-independent-context-review,2026-08-15T17:30:00+00:00,Gold context classified before benchmark aggregation,false
gold-event-0168,CATERPILLAR INC,CAT,ee02-cat-0000018230-23-000011,restructuring,positive_current,2022-12-31,"We expect that prior restructuring actions will result in an incremental benefit to operating costs, primarily Costs of goods sold and SG&A expenses of about $100 million in 2023 compared with 2022.",visible filing text,current_or_general,true,codex-independent-context-review,2026-08-15T17:30:00+00:00,Gold context classified before benchmark aggregation,false
gold-event-0169,CATERPILLAR INC,CAT,ee02-cat-0000018230-23-000011,restructuring,positive_current,2022-12-31,"Additional information related to restructuring costs is included in Note 25 - ""Restructuring Costs"" of Part II, Item 8 ""Financial Statements and Supplemental Data."" GLOSSARY OF TERMS 1.",visible filing text,current_or_general,true,codex-independent-context-review,2026-08-15T17:30:00+00:00,Gold context classified before benchmark aggregation,false
gold-event-0170,CATERPILLAR INC,CAT,ee02-cat-0000018230-23-000011,restructuring,positive_current,2022-12-31,Adjusted Operating Profit Margin – Operating profit excluding goodwill impairment charges and restructuring income/costs as a percent of sales and revenues.,visible filing text,current_or_general,true,codex-independent-context-review,2026-08-15T17:30:00+00:00,Gold context classified before benchmark aggregation,false
gold-event-0171,CATERPILLAR INC,CAT,ee02-cat-0000018230-23-000011,restructuring,positive_current,2022-12-31,"Adjusted Profit Per Share – Profit per share excluding goodwill impairment charges, pension and OPEB mark-to-market gains/losses and restructuring income/costs.",visible filing text,current_or_general,true,codex-independent-context-review,2026-08-15T17:30:00+00:00,Gold context classified before benchmark aggregation,false
gold-event-0172,CATERPILLAR INC,CAT,ee02-cat-0000018230-23-000011,restructuring,positive_current,2022-12-31,"Corporate Items and Eliminations – Includes corporate-level expenses, timing differences (as some expenses are reported in segment profit on a cash basis), methodology differences between segment and consolidated external reporting, certain restructuring costs and inter-segment eliminations.",visible filing text,current_or_general,true,codex-independent-context-review,2026-08-15T17:30:00+00:00,Gold context classified before benchmark aggregation,false
gold-event-0173,CATERPILLAR INC,CAT,ee02-cat-0000018230-23-000011,restructuring,positive_current,2022-12-31,"Restructuring Costs – May include costs for employee separation, long-lived asset impairments and contract terminations.",visible filing text,current_or_general,true,codex-independent-context-review,2026-08-15T17:30:00+00:00,Gold context classified before benchmark aggregation,false
gold-event-0174,CATERPILLAR INC,CAT,ee02-cat-0000018230-23-000011,restructuring,positive_current,2022-12-31,"Restructuring costs also include other exit-related costs, which may consist of accelerated depreciation, inventory write-downs, building demolition, equipment relocation and project management costs and LIFO inventory decrement benefits from inventory liquidations at closed facilities, all of which are primarily included in Cost of goods sold.",visible filing text,current_or_general,true,codex-independent-context-review,2026-08-15T17:30:00+00:00,Gold context classified before benchmark aggregation,false
gold-event-0175,CATERPILLAR INC,CAT,ee02-cat-0000018230-23-000011,restructuring,positive_current,2022-12-31,"These items consist of (i) goodwill impairment, (ii) restructuring costs and (iii) pension and OPEB mark-to-market (gains) losses resulting from plan remeasurements.",visible filing text,current_or_general,true,codex-independent-context-review,2026-08-15T17:30:00+00:00,Gold context classified before benchmark aggregation,false
gold-event-0176,CATERPILLAR INC,CAT,ee02-cat-0000018230-23-000011,restructuring,positive_current,2022-12-31,"GAAP $ 7,904 13.3 % $ 8,752 $ 2,067 23.6 % $ 6,705 $ 12.64 Goodwill impairment 925 1.6 % 925 36 3.9 % 889 1.68 Restructuring costs 299 0.5 % 299 72 24.0 % 227 0.43 Pension/OPEB mark-to-market (gains) losses $ — — % (606) (124) 20.5 % (482) (0.91) Twelve Months Ended December 31, 2022 - Adjusted $ 9,128 15.4 % $ 9,370 $ 2,051 21.9 % $ 7,339 $ 13.84 Twelve Months Ended December 31, 2021 - U.S.",visible filing text,current_or_general,true,codex-independent-context-review,2026-08-15T17:30:00+00:00,Gold context classified before benchmark aggregation,false
gold-event-0177,CATERPILLAR INC,CAT,ee02-cat-0000018230-23-000011,restructuring,positive_current,2022-12-31,"GAAP $ 6,878 13.5 % $ 8,204 $ 1,742 21.2 % $ 6,489 $ 11.83 Restructuring costs 90 0.2 % 90 4 4.4 % 86 $ 0.15 Pension/OPEB mark-to-market (gains) losses — — % (833) (190) 22.8 % (643) $ (1.17) Twelve Months Ended December 31, 2021 - Adjusted $ 6,968 13.7 % $ 7,461 $ 1,556 20.9 % $ 5,932 $ 10.81 Reconciliations of ME&T free cash flow to the most directly comparable GAAP measure, net cash provided by operating activities are as follows: Millions of dollars Twelve Months Ended December 31, 2022 2021 ME&T net cash provided by operating activities 1 $ 6,358 $ 7,177 ME&T discretionary pension contributions — — ME&T capital expenditures (1,298) (1,129) Cash payments related to settlements with the U.S.",visible filing text,current_or_general,true,codex-independent-context-review,2026-08-15T17:30:00+00:00,Gold context classified before benchmark aggregation,false
gold-event-0178,CATERPILLAR INC,CAT,ee02-cat-0000018230-23-000011,refinancing,positive_current,2022-12-31,Cat Financial’s wholesale inventory receivables generally may be repaid or refinanced without penalty prior to contractual maturity.,visible filing text,current_or_general,true,codex-independent-context-review,2026-08-15T17:30:00+00:00,Gold context classified before benchmark aggregation,false
gold-event-0179,CATERPILLAR INC,CAT,ee02-cat-0000018230-23-000011,refinancing,positive_current,2022-12-31,Cat Financial’s finance receivables generally may be repaid or refinanced without penalty prior to contractual maturity.,visible filing text,current_or_general,true,codex-independent-context-review,2026-08-15T17:30:00+00:00,Gold context classified before benchmark aggregation,false
gold-event-0180,CATERPILLAR INC,CAT,ee02-cat-0000018230-23-000011,restructuring,positive_current,2022-12-31,Contracts on non-accrual status are generally more than 120 days past due or have been restructured in a troubled debt restructuring (TDR).,visible filing text,current_or_general,true,codex-independent-context-review,2026-08-15T17:30:00+00:00,Gold context classified before benchmark aggregation,false
gold-event-0181,CATERPILLAR INC,CAT,ee02-cat-0000018230-23-000011,restructuring,positive_current,2022-12-31,Troubled debt restructurings A restructuring of a finance receivable constitutes a TDR when the lender grants a concession it would not otherwise consider to a borrower experiencing financial difficulties.,visible filing text,current_or_general,true,codex-independent-context-review,2026-08-15T17:30:00+00:00,Gold context classified before benchmark aggregation,false
gold-event-0182,CATERPILLAR INC,CAT,ee02-cat-0000018230-23-000011,restructuring,positive_current,2022-12-31,"• Restructuring costs: May include costs for employee separation, long-lived asset impairments and contract terminations.",visible filing text,current_or_general,true,codex-independent-context-review,2026-08-15T17:30:00+00:00,Gold context classified before benchmark aggregation,false
gold-event-0183,CATERPILLAR INC,CAT,ee02-cat-0000018230-23-000011,restructuring,positive_current,2022-12-31,Only certain restructuring costs in 2020 were excluded from segment profit.,visible filing text,current_or_general,true,codex-independent-context-review,2026-08-15T17:30:00+00:00,Gold context classified before benchmark aggregation,false
gold-event-0184,CATERPILLAR INC,CAT,ee02-cat-0000018230-23-000011,restructuring,positive_current,2022-12-31,Restructuring costs Our accounting for employee separations is dependent upon how the particular program is designed.,visible filing text,current_or_general,true,codex-independent-context-review,2026-08-15T17:30:00+00:00,Gold context classified before benchmark aggregation,false
gold-event-0185,CATERPILLAR INC,CAT,ee02-cat-0000018230-23-000011,restructuring,positive_current,2022-12-31,"Restructuring costs for 2022, 2021 and 2020 were as follows: (Millions of dollars) 2022 2021 2020 Employee separations 1 $ 77 $ 92 $ 271 Contract terminations 1 1 2 2 Long-lived asset impairments 1 6 ( 63 ) 38 Other 2 215 59 43 Total restructuring costs $ 299 $ 90 $ 354 1 Recognized in Other operating (income) expenses.",visible filing text,current_or_general,true,codex-independent-context-review,2026-08-15T17:30:00+00:00,Gold context classified before benchmark aggregation,false
gold-event-0186,CATERPILLAR INC,CAT,ee02-cat-0000018230-23-000011,restructuring,positive_current,2022-12-31,"2 Represents costs related to our restructuring programs, primarily for inventory write-downs, accelerated depreciation, equipment relocation, project management and building demolition, all of which are primarily included in Cost of goods sold.",visible filing text,current_or_general,true,codex-independent-context-review,2026-08-15T17:30:00+00:00,Gold context classified before benchmark aggregation,false
gold-event-0187,CATERPILLAR INC,CAT,ee02-cat-0000018230-23-000011,restructuring,positive_current,2022-12-31,"The restructuring costs in 2022 were primarily related to actions across the company, including $ 193 million related to the Rail division that was primarily inventory write-downs, and other strategic actions to address a small number of products.",visible filing text,current_or_general,true,codex-independent-context-review,2026-08-15T17:30:00+00:00,Gold context classified before benchmark aggregation,false
gold-event-0188,CATERPILLAR INC,CAT,ee02-cat-0000018230-23-000011,restructuring,positive_current,2022-12-31,"The restructuring costs in 2021 were primarily related to actions across the company including strategic actions to address a small number of products, which were partially offset by a gain on the sale of a manufacturing facility that had been closed.",visible filing text,current_or_general,true,codex-independent-context-review,2026-08-15T17:30:00+00:00,Gold context classified before benchmark aggregation,false
gold-event-0189,CATERPILLAR INC,CAT,ee02-cat-0000018230-23-000011,restructuring,positive_current,2022-12-31,"The restructuring costs in 2020 were primarily related to various voluntary and involuntary employee separation programs implemented across the company and strategic actions to address a small number of products, which were partially offset by a gain on the sale of a manufacturing facility that had been closed.",visible filing text,current_or_general,true,codex-independent-context-review,2026-08-15T17:30:00+00:00,Gold context classified before benchmark aggregation,false
gold-event-0190,CATERPILLAR INC,CAT,ee02-cat-0000018230-23-000011,restructuring,positive_current,2022-12-31,"121 Table of Contents In 2022 and 2021, all restructuring costs were excluded from segment profit.",visible filing text,current_or_general,true,codex-independent-context-review,2026-08-15T17:30:00+00:00,Gold context classified before benchmark aggregation,false
gold-event-0191,CATERPILLAR INC,CAT,ee02-cat-0000018230-23-000011,restructuring,positive_current,2022-12-31,"In 2020, only certain restructuring costs were excluded from segment profit.",visible filing text,current_or_general,true,codex-independent-context-review,2026-08-15T17:30:00+00:00,Gold context classified before benchmark aggregation,false
gold-event-0192,CATERPILLAR INC,CAT,ee02-cat-0000018230-23-000011,restructuring,positive_current,2022-12-31,"Restructuring costs included in segment profit were as follows: (Millions of dollars) 2020 Construction Industries $ 13 Resource Industries 19 Energy & Transportation 55 Financial Products Segment — The following table summarizes the 2022 and 2021 employee separation activity: (Millions of dollars) 2022 2021 Liability balance, beginning of period $ 61 $ 164 Increase in liability (separation charges) 77 92 Reduction in liability (payments) ( 99 ) ( 195 ) Liability balance, end of period $ 39 $ 61 Most of the remaining liability balance as of December 31, 2022 is expected to be paid in 2023.",visible filing text,current_or_general,true,codex-independent-context-review,2026-08-15T17:30:00+00:00,Gold context classified before benchmark aggregation,false
gold-event-0193,CATERPILLAR INC,CAT,ee02-cat-0000018230-24-000009,supply_chain_constraint,positive_current,2023-12-31,"However, in some cases, increases in demand or supply chain disruptions have led to parts and components constraints across some products.",visible filing text,current_or_general,true,codex-independent-context-review,2026-08-15T17:30:00+00:00,Gold context classified before benchmark aggregation,false
gold-event-0194,CATERPILLAR INC,CAT,ee02-cat-0000018230-24-000009,supply_chain_constraint,positive_current,2023-12-31,and elsewhere and lead to volatility in customer demand for the Company’s products and services and cause supply chain disruptions.,visible filing text,current_or_general,true,codex-independent-context-review,2026-08-15T17:30:00+00:00,Gold context classified before benchmark aggregation,false
gold-event-0195,CATERPILLAR INC,CAT,ee02-cat-0000018230-24-000009,cost_reduction,positive_current,2023-12-31,"Increases in the prices of such commodities would increase our costs, negatively impacting our business, results of operations and financial condition if we are unable to fully offset the effect of these increased costs through price increases, productivity improvements, cost reduction programs or hedging programs.",visible filing text,current_or_general,true,codex-independent-context-review,2026-08-15T17:30:00+00:00,Gold context classified before benchmark aggregation,false
gold-event-0196,CATERPILLAR INC,CAT,ee02-cat-0000018230-24-000009,restructuring,positive_current,2023-12-31,"Full Year 2023 Full Year 2022 (Dollars in millions except per share data) Profit Before Taxes Profit Per Share Profit Before Taxes Profit Per Share Profit $ 13,050 $ 20.12 $ 8,752 $ 12.64 Restructuring costs - Longwall divestiture 586 1.14 — — Other restructuring costs 194 0.30 299 0.43 Mark-to-market (gains) losses (97) (0.14) (606) (0.91) Deferred tax valuation allowance adjustments — (0.21) — — Goodwill impairment — — 925 1.68 Adjusted profit $ 13,733 $ 21.21 $ 9,370 $ 13.84 • Enterprise operating cash flow was $12.9 billion in 2023.",visible filing text,current_or_general,true,codex-independent-context-review,2026-08-15T17:30:00+00:00,Gold context classified before benchmark aggregation,false
gold-event-0197,CATERPILLAR INC,CAT,ee02-cat-0000018230-24-000009,restructuring,positive_current,2023-12-31,"In 2024, we expect restructuring costs to be between $300 million and $450 million and expect capital expenditures to be in the range of $2.0 billion to $2.5 billion.",visible filing text,current_or_general,true,codex-independent-context-review,2026-08-15T17:30:00+00:00,Gold context classified before benchmark aggregation,false
gold-event-0198,CATERPILLAR INC,CAT,ee02-cat-0000018230-24-000009,supply_chain_constraint,positive_current,2023-12-31,"Global Business Conditions We continue to monitor a variety of external factors around the world, such as supply chain disruptions, inflationary cost and labor pressures.",visible filing text,current_or_general,true,codex-independent-context-review,2026-08-15T17:30:00+00:00,Gold context classified before benchmark aggregation,false
gold-event-0199,CATERPILLAR INC,CAT,ee02-cat-0000018230-24-000009,restructuring,positive_current,2023-12-31,"Corporate Items and Eliminations Expense for corporate items and eliminations was $2.090 billion in 2023, a decrease of $319 million from 2022, primarily driven by the absence of a 2022 goodwill impairment charge related to the Rail division and decreased expenses due to timing differences, partially offset by higher restructuring costs, which included the impact of the divestiture of the company's Longwall business and other restructuring costs, higher corporate costs, an unfavorable change in fair value adjustments related to deferred compensation plans and unfavorable impacts of segment reporting methodology differences.",visible filing text,current_or_general,true,codex-independent-context-review,2026-08-15T17:30:00+00:00,Gold context classified before benchmark aggregation,false
gold-event-0200,CATERPILLAR INC,CAT,ee02-cat-0000018230-24-000009,restructuring,positive_current,2023-12-31,This impact was included in total restructuring costs.,visible filing text,current_or_general,true,codex-independent-context-review,2026-08-15T17:30:00+00:00,Gold context classified before benchmark aggregation,false
gold-event-0201,CATERPILLAR INC,CAT,ee02-cat-0000018230-24-000009,restructuring,positive_current,2023-12-31,"RESTRUCTURING COSTS In 2024, we expect to incur about $300 to $450 million of restructuring costs.",visible filing text,current_or_general,true,codex-independent-context-review,2026-08-15T17:30:00+00:00,Gold context classified before benchmark aggregation,false
gold-event-0202,CATERPILLAR INC,CAT,ee02-cat-0000018230-24-000009,restructuring,positive_current,2023-12-31,"We expect that prior restructuring actions will result in an incremental benefit to operating costs, primarily Costs of goods sold and SG&A expenses of about $25 million in 2024 compared with 2023.",visible filing text,current_or_general,true,codex-independent-context-review,2026-08-15T17:30:00+00:00,Gold context classified before benchmark aggregation,false
gold-event-0203,CATERPILLAR INC,CAT,ee02-cat-0000018230-24-000009,restructuring,positive_current,2023-12-31,"Additional information related to restructuring costs is included in Note 25 — ""Restructuring Costs"" of Part II, Item 8 ""Financial Statements and Supplemental Data."" GLOSSARY OF TERMS 1.",visible filing text,current_or_general,true,codex-independent-context-review,2026-08-15T17:30:00+00:00,Gold context classified before benchmark aggregation,false
gold-event-0204,CATERPILLAR INC,CAT,ee02-cat-0000018230-24-000009,restructuring,positive_current,2023-12-31,"Adjusted Operating Profit Margin – Operating profit excluding restructuring costs, which include the divestiture of the company's Longwall business, and 2022 goodwill impairment charges as a percent of sales and revenues.",visible filing text,current_or_general,true,codex-independent-context-review,2026-08-15T17:30:00+00:00,Gold context classified before benchmark aggregation,false
gold-event-0205,CATERPILLAR INC,CAT,ee02-cat-0000018230-24-000009,restructuring,positive_current,2023-12-31,"Adjusted Profit Per Share – Profit per share excluding restructuring costs, which include the divestiture of the company's Longwall business, certain deferred tax valuation allowance adjustments, pension and OPEB mark-to-market gains/losses and 2022 goodwill impairment charges.",visible filing text,current_or_general,true,codex-independent-context-review,2026-08-15T17:30:00+00:00,Gold context classified before benchmark aggregation,false
gold-event-0206,CATERPILLAR INC,CAT,ee02-cat-0000018230-24-000009,restructuring,positive_current,2023-12-31,"Corporate Items and Eliminations – Includes corporate-level expenses, timing differences (as some expenses are reported in segment profit on a cash basis), methodology differences between segment and consolidated external reporting, certain restructuring costs and inter-segment eliminations.",visible filing text,current_or_general,true,codex-independent-context-review,2026-08-15T17:30:00+00:00,Gold context classified before benchmark aggregation,false
gold-event-0207,CATERPILLAR INC,CAT,ee02-cat-0000018230-24-000009,restructuring,positive_current,2023-12-31,"Restructuring Costs – May include costs for employee separation, long-lived asset impairments, contract terminations and divestiture impacts.",visible filing text,current_or_general,true,codex-independent-context-review,2026-08-15T17:30:00+00:00,Gold context classified before benchmark aggregation,false
gold-event-0208,CATERPILLAR INC,CAT,ee02-cat-0000018230-24-000009,restructuring,positive_current,2023-12-31,"Restructuring costs also include other exit-related costs, which may consist of accelerated depreciation, inventory write-downs, building demolition, equipment relocation and project management costs and LIFO inventory decrement benefits from inventory liquidations at closed facilities, all of which are primarily included in Cost of goods sold.",visible filing text,current_or_general,true,codex-independent-context-review,2026-08-15T17:30:00+00:00,Gold context classified before benchmark aggregation,false
gold-event-0209,CATERPILLAR INC,CAT,ee02-cat-0000018230-24-000009,restructuring,positive_current,2023-12-31,"These items consist of (i) restructuring costs related to the divestiture of the company's Longwall business, (ii) other restructuring costs, (iii) pension and OPEB mark-to-market gains/losses resulting from plan remeasurements, (iv) certain deferred tax valuation allowance adjustments and (v) goodwill impairment in 2022.",visible filing text,current_or_general,true,codex-independent-context-review,2026-08-15T17:30:00+00:00,Gold context classified before benchmark aggregation,false
gold-event-0210,CATERPILLAR INC,CAT,ee02-cat-0000018230-24-000009,restructuring,positive_current,2023-12-31,"GAAP $ 12,966 19.3 % $ 13,050 $ 2,781 21.3 % $ 10,335 $ 20.12 Restructuring costs - Longwall divestiture 586 0.9 % 586 — — % 586 1.14 Other restructuring costs 194 0.3 % 194 48 25.0 % 146 0.30 Pension/OPEB mark-to-market (gains) losses — — % (97) (26) 26.8 % (71) (0.14) Deferred tax valuation allowance adjustments — — % — 106 — % (106) (0.21) Twelve Months Ended December 31, 2023 - Adjusted $ 13,746 20.5 % $ 13,733 $ 2,909 21.2 % $ 10,890 $ 21.21 Twelve Months Ended December 31, 2022 - U.S.",visible filing text,current_or_general,true,codex-independent-context-review,2026-08-15T17:30:00+00:00,Gold context classified before benchmark aggregation,false
gold-event-0211,CATERPILLAR INC,CAT,ee02-cat-0000018230-24-000009,restructuring,positive_current,2023-12-31,"GAAP $ 7,904 13.3 % $ 8,752 $ 2,067 23.6 % $ 6,705 $ 12.64 Goodwill impairment 925 1.6 % 925 36 3.9 % 889 1.68 Restructuring costs 299 0.5 % 299 72 24.0 % 227 0.43 Pension/OPEB mark-to-market (gains) losses — — % (606) (124) 20.5 % (482) (0.91) Twelve Months Ended December 31, 2022 - Adjusted $ 9,128 15.4 % $ 9,370 $ 2,051 21.9 % $ 7,339 $ 13.84 Reconciliations of ME&T free cash flow to the most directly comparable GAAP measure, net cash provided by operating activities are as follows: Millions of dollars Twelve Months Ended December 31, 2023 2022 ME&T net cash provided by operating activities 1 $ 11,688 $ 6,358 ME&T capital expenditures (1,663) (1,298) Cash payments related to settlements with the U.S.",visible filing text,current_or_general,true,codex-independent-context-review,2026-08-15T17:30:00+00:00,Gold context classified before benchmark aggregation,false
gold-event-0212,CATERPILLAR INC,CAT,ee02-cat-0000018230-24-000009,refinancing,positive_current,2023-12-31,Cat Financial’s wholesale inventory receivables generally may be repaid or refinanced without penalty prior to contractual maturity.,visible filing text,current_or_general,true,codex-independent-context-review,2026-08-15T17:30:00+00:00,Gold context classified before benchmark aggregation,false
gold-event-0213,CATERPILLAR INC,CAT,ee02-cat-0000018230-24-000009,refinancing,positive_current,2023-12-31,Cat Financial’s finance receivables generally may be repaid or refinanced without penalty prior to contractual maturity.,visible filing text,current_or_general,true,codex-independent-context-review,2026-08-15T17:30:00+00:00,Gold context classified before benchmark aggregation,false
gold-event-0214,CATERPILLAR INC,CAT,ee02-cat-0000018230-24-000009,restructuring,positive_current,2023-12-31,"• Restructuring costs: May include costs for employee separation, long-lived asset impairments and contract terminations.",visible filing text,current_or_general,true,codex-independent-context-review,2026-08-15T17:30:00+00:00,Gold context classified before benchmark aggregation,false
gold-event-0215,CATERPILLAR INC,CAT,ee02-cat-0000018230-24-000009,restructuring,positive_current,2023-12-31,Restructuring costs Our accounting for employee separations is dependent upon how the particular program is designed.,visible filing text,current_or_general,true,codex-independent-context-review,2026-08-15T17:30:00+00:00,Gold context classified before benchmark aggregation,false
gold-event-0216,CATERPILLAR INC,CAT,ee02-cat-0000018230-24-000009,restructuring,positive_current,2023-12-31,"Restructuring costs for 2023, 2022 and 2021 were as follows: (Millions of dollars) 2023 2022 2021 Employee separations 1 $ 74 $ 77 $ 92 Longwall divestiture 1 586 — — Contract terminations 1 7 1 2 Long-lived asset impairments 1 3 6 ( 63 ) Other 2 110 215 59 Total restructuring costs $ 780 $ 299 $ 90 1 Recognized in Other operating (income) expenses.",visible filing text,current_or_general,true,codex-independent-context-review,2026-08-15T17:30:00+00:00,Gold context classified before benchmark aggregation,false
gold-event-0217,CATERPILLAR INC,CAT,ee02-cat-0000018230-24-000009,restructuring,positive_current,2023-12-31,"2 Represents costs related to our restructuring programs, primarily for inventory write-downs, accelerated depreciation, project management and equipment relocation, all of which are primarily included in Cost of goods sold.",visible filing text,current_or_general,true,codex-independent-context-review,2026-08-15T17:30:00+00:00,Gold context classified before benchmark aggregation,false
gold-event-0218,CATERPILLAR INC,CAT,ee02-cat-0000018230-24-000009,restructuring,positive_current,2023-12-31,The restructuring costs in 2023 were primarily related to the divestiture of the company's Longwall business within Resource Industries.,visible filing text,current_or_general,true,codex-independent-context-review,2026-08-15T17:30:00+00:00,Gold context classified before benchmark aggregation,false
gold-event-0219,CATERPILLAR INC,CAT,ee02-cat-0000018230-24-000009,restructuring,positive_current,2023-12-31,"The restructuring costs in 2022 were primarily related to actions across the company, including $ 193 million related to the Rail division that was primarily inventory write-downs, and other strategic actions to address a small number of products.",visible filing text,current_or_general,true,codex-independent-context-review,2026-08-15T17:30:00+00:00,Gold context classified before benchmark aggregation,false
gold-event-0220,CATERPILLAR INC,CAT,ee02-cat-0000018230-24-000009,restructuring,positive_current,2023-12-31,"The restructuring costs in 2021 were primarily related to actions across the company including strategic actions to address a small number of products, which were partially offset by a gain on the sale of a manufacturing facility that had been closed.",visible filing text,current_or_general,true,codex-independent-context-review,2026-08-15T17:30:00+00:00,Gold context classified before benchmark aggregation,false
gold-event-0221,CATERPILLAR INC,CAT,ee02-cat-0000018230-24-000009,restructuring,positive_current,2023-12-31,"In 2023, 2022 and 2021, all restructuring costs were excluded from segment profit.",visible filing text,current_or_general,true,codex-independent-context-review,2026-08-15T17:30:00+00:00,Gold context classified before benchmark aggregation,false
gold-event-0222,CATERPILLAR INC,CAT,ee02-cat-0000018230-24-000053,restructuring,positive_current,2024-09-30,"• Restructuring income/costs: May include costs for employee separation, long-lived asset impairments, contract terminations and (gains)/losses on divestitures.",visible filing text,current_or_general,true,codex-independent-context-review,2026-08-15T17:30:00+00:00,Gold context classified before benchmark aggregation,false
gold-event-0223,CATERPILLAR INC,CAT,ee02-cat-0000018230-24-000053,restructuring,positive_current,2024-09-30,"Restructuring costs also include other exit-related costs, which may consist of accelerated depreciation, inventory write-downs, building demolition, equipment relocation and project management costs and LIFO inventory decrement benefits from inventory liquidations at closed facilities, all of which are primarily included in Cost of goods sold.",visible filing text,current_or_general,true,codex-independent-context-review,2026-08-15T17:30:00+00:00,Gold context classified before benchmark aggregation,false
gold-event-0224,CATERPILLAR INC,CAT,ee02-cat-0000018230-24-000053,restructuring,positive_current,2024-09-30,Restructuring income/costs Our accounting for employee separations is dependent upon how the particular program is designed.,visible filing text,current_or_general,true,codex-independent-context-review,2026-08-15T17:30:00+00:00,Gold context classified before benchmark aggregation,false
gold-event-0225,CATERPILLAR INC,CAT,ee02-cat-0000018230-24-000053,restructuring,positive_current,2024-09-30,"Restructuring costs for the three and nine months ended September 30, 2024 and 2023 were as follows: (Millions of dollars) Three Months Ended September 30, Nine Months Ended September 30, 2024 2023 2024 2023 Employee separations 1 $ 17 $ 10 $ 49 $ 32 Divestitures 1 — — 164 586 Contract terminations 1 6 — 7 — Long-lived asset impairments 1 — 2 7 4 Other 2 47 34 95 66 Total restructuring (income) costs $ 70 $ 46 $ 322 $ 688 1 Recognized in Other operating (income) expenses.",visible filing text,current_or_general,true,codex-independent-context-review,2026-08-15T17:30:00+00:00,Gold context classified before benchmark aggregation,false
gold-event-0226,CATERPILLAR INC,CAT,ee02-cat-0000018230-24-000053,restructuring,positive_current,2024-09-30,"2 Represents costs related to our restructuring programs, primarily for inventory write-downs, project management, equipment relocation and accelerated depreciation, all of which are primarily included in Cost of goods sold.",visible filing text,current_or_general,true,codex-independent-context-review,2026-08-15T17:30:00+00:00,Gold context classified before benchmark aggregation,false
gold-event-0227,CATERPILLAR INC,CAT,ee02-cat-0000018230-24-000053,restructuring,positive_current,2024-09-30,"The restructuring costs for the nine months ended September 30, 2024 were primarily related to the divestitures of certain non-US entities.",visible filing text,current_or_general,true,codex-independent-context-review,2026-08-15T17:30:00+00:00,Gold context classified before benchmark aggregation,false
gold-event-0228,CATERPILLAR INC,CAT,ee02-cat-0000018230-24-000053,restructuring,positive_current,2024-09-30,"The restructuring costs for the nine months ended September 30, 2023 were primarily related to the divestiture of the company's Longwall business within Resource Industries.",visible filing text,current_or_general,true,codex-independent-context-review,2026-08-15T17:30:00+00:00,Gold context classified before benchmark aggregation,false
gold-event-0229,CATERPILLAR INC,CAT,ee02-cat-0000018230-24-000053,restructuring,positive_current,2024-09-30,"In 2024 and 2023, all restructuring costs are excluded from segment profit.",visible filing text,current_or_general,true,codex-independent-context-review,2026-08-15T17:30:00+00:00,Gold context classified before benchmark aggregation,false
gold-event-0230,CATERPILLAR INC,CAT,ee02-cat-0000018230-24-000053,restructuring,positive_current,2024-09-30,"Three Months Ended September 30, 2024 Three Months Ended September 30, 2023 Nine Months Ended September 30, 2024 Nine Months Ended September 30, 2023 (Dollars in millions except per share data) Profit Before Taxes Profit Per Share Profit Before Taxes Profit Per Share Profit Before Taxes Profit Per Share Profit Before Taxes Profit Per Share Profit $ 3,098 $ 5.06 $ 3,515 $ 5.45 $ 10,130 $ 16.27 $ 9,801 $ 14.85 Restructuring (income) costs - divestitures of certain non-U.S.",visible filing text,current_or_general,true,codex-independent-context-review,2026-08-15T17:30:00+00:00,Gold context classified before benchmark aggregation,false
gold-event-0231,CATERPILLAR INC,CAT,ee02-cat-0000018230-24-000053,restructuring,positive_current,2024-09-30,"entities — — — — 164 0.22 — — Other restructuring (income) costs 70 0.11 46 0.07 158 0.26 102 0.17 Restructuring costs - Longwall divestiture — — — — — — 586 1.13 Deferred tax valuation allowance adjustments — — — — — — — (0.17) Adjusted profit $ 3,168 $ 5.17 $ 3,561 $ 5.52 $ 10,452 $ 16.75 $ 10,489 $ 15.98 Overview Total sales and revenues for the third quarter of 2024 were $16.106 billion, a decrease of $704 million, or 4 percent, compared with $16.810 billion in the third quarter of 2023.",visible filing text,current_or_general,true,codex-independent-context-review,2026-08-15T17:30:00+00:00,Gold context classified before benchmark aggregation,false
gold-event-0232,CATERPILLAR INC,CAT,ee02-cat-0000018230-24-000053,restructuring,positive_current,2024-09-30,"In the third quarters of 2024 and 2023, profit per share included restructuring costs.",visible filing text,current_or_general,true,codex-independent-context-review,2026-08-15T17:30:00+00:00,Gold context classified before benchmark aggregation,false
gold-event-0233,CATERPILLAR INC,CAT,ee02-cat-0000018230-24-000053,restructuring,positive_current,2024-09-30,We also expect restructuring costs to be approximately $400 million and expect capital expenditures to be around $2.0 billion.,visible filing text,current_or_general,true,codex-independent-context-review,2026-08-15T17:30:00+00:00,Gold context classified before benchmark aggregation,false
gold-event-0234,CATERPILLAR INC,CAT,ee02-cat-0000018230-24-000053,supply_chain_constraint,positive_current,2024-09-30,"Global Business Conditions We continue to monitor a variety of external factors around the world, such as supply chain disruptions, inflationary cost and labor pressures.",visible filing text,current_or_general,true,codex-independent-context-review,2026-08-15T17:30:00+00:00,Gold context classified before benchmark aggregation,false
gold-event-0235,CATERPILLAR INC,CAT,ee02-cat-0000018230-24-000053,restructuring,positive_current,2024-09-30,"Lower corporate costs were more than offset by an unfavorable change in fair value adjustments related to deferred compensation plans, increased expenses due to timing differences, unfavorable impacts of segment reporting methodology differences and higher restructuring costs.",visible filing text,current_or_general,true,codex-independent-context-review,2026-08-15T17:30:00+00:00,Gold context classified before benchmark aggregation,false
gold-event-0236,CATERPILLAR INC,CAT,ee02-cat-0000018230-24-000053,restructuring,positive_current,2024-09-30,The bar titled Longwall Divestiture is included in total restructuring costs.,visible filing text,current_or_general,true,codex-independent-context-review,2026-08-15T17:30:00+00:00,Gold context classified before benchmark aggregation,false
gold-event-0237,CATERPILLAR INC,CAT,ee02-cat-0000018230-24-000053,restructuring,positive_current,2024-09-30,"The increase was primarily due to favorable price realization of $1.292 billion, the absence of the impact of the divestiture of the company's Longwall business in 2023 of $586 million and favorable manufacturing costs of $247 million, partially offset by the profit impact of lower sales volume of $1.106 billion, higher SG&A/R&D expenses of $262 million, higher restructuring costs of $220 million and unfavorable currency impacts of $105 million.",visible filing text,current_or_general,true,codex-independent-context-review,2026-08-15T17:30:00+00:00,Gold context classified before benchmark aggregation,false
gold-event-0238,CATERPILLAR INC,CAT,ee02-cat-0000018230-24-000053,restructuring,positive_current,2024-09-30,"For the nine months ended September 30, 2024, restructuring costs increased primarily due to the divestitures of certain non-U.S.",visible filing text,current_or_general,true,codex-independent-context-review,2026-08-15T17:30:00+00:00,Gold context classified before benchmark aggregation,false
gold-event-0239,CATERPILLAR INC,CAT,ee02-cat-0000018230-24-000053,restructuring,positive_current,2024-09-30,"59 Table of Contents Corporate Items and Eliminations Expense for corporate items and eliminations was $1.484 billion for the nine months ended September 30, 2024, a decrease of $122 million from the nine months ended September 30, 2023, primarily driven by the absence of the impact of the divestiture of the company's Longwall business in 2023, partially offset by unfavorable impacts of segment reporting methodology differences and higher restructuring costs.",visible filing text,current_or_general,true,codex-independent-context-review,2026-08-15T17:30:00+00:00,Gold context classified before benchmark aggregation,false
gold-event-0240,CATERPILLAR INC,CAT,ee02-cat-0000018230-24-000053,restructuring,positive_current,2024-09-30,"RESTRUCTURING COSTS In 2024, we expect to incur about $400 million of restructuring costs.",visible filing text,current_or_general,true,codex-independent-context-review,2026-08-15T17:30:00+00:00,Gold context classified before benchmark aggregation,false
gold-event-0241,CATERPILLAR INC,CAT,ee02-cat-0000018230-24-000053,restructuring,positive_current,2024-09-30,"We expect that prior restructuring actions will result in an incremental benefit to operating costs, primarily Cost of goods sold and SG&A expenses, of about $40 million in 2024 compared with 2023.",visible filing text,current_or_general,true,codex-independent-context-review,2026-08-15T17:30:00+00:00,Gold context classified before benchmark aggregation,false
gold-event-0242,CATERPILLAR INC,CAT,ee02-cat-0000018230-24-000053,restructuring,positive_current,2024-09-30,"Additional information related to restructuring costs is included in Note 20 – ""Restructuring costs"" of Part I, Item 1 ""Financial Statements."" GLOSSARY OF TERMS 1.",visible filing text,current_or_general,true,codex-independent-context-review,2026-08-15T17:30:00+00:00,Gold context classified before benchmark aggregation,false
gold-event-0243,CATERPILLAR INC,CAT,ee02-cat-0000018230-24-000053,restructuring,positive_current,2024-09-30,Adjusted Operating Profit Margin – Operating profit excluding restructuring income/costs as a percent of sales and revenues.,visible filing text,current_or_general,true,codex-independent-context-review,2026-08-15T17:30:00+00:00,Gold context classified before benchmark aggregation,false
gold-event-0244,CATERPILLAR INC,CAT,ee02-cat-0000018230-24-000053,restructuring,positive_current,2024-09-30,Adjusted Profit Per Share – Profit per share excluding restructuring income/costs and a discrete tax benefit to adjust deferred tax balances.,visible filing text,current_or_general,true,codex-independent-context-review,2026-08-15T17:30:00+00:00,Gold context classified before benchmark aggregation,false
gold-event-0245,CATERPILLAR INC,CAT,ee02-cat-0000018230-24-000053,restructuring,positive_current,2024-09-30,"Corporate Items and Eliminations – Includes corporate-level expenses, timing differences (as some expenses are reported in segment profit on a cash basis), methodology differences between segment and consolidated external reporting, certain restructuring costs and inter-segment eliminations.",visible filing text,current_or_general,true,codex-independent-context-review,2026-08-15T17:30:00+00:00,Gold context classified before benchmark aggregation,false
gold-event-0246,CATERPILLAR INC,CAT,ee02-cat-0000018230-24-000053,restructuring,positive_current,2024-09-30,"Restructuring income/costs – May include costs for employee separation, long-lived asset impairments, contract terminations and (gains)/losses on divestitures.",visible filing text,current_or_general,true,codex-independent-context-review,2026-08-15T17:30:00+00:00,Gold context classified before benchmark aggregation,false
gold-event-0247,CATERPILLAR INC,CAT,ee02-cat-0000018230-24-000053,restructuring,positive_current,2024-09-30,These items consist of (i) restructuring income/costs related to the divestitures of certain non-U.S.,visible filing text,current_or_general,true,codex-independent-context-review,2026-08-15T17:30:00+00:00,Gold context classified before benchmark aggregation,false
gold-event-0248,CATERPILLAR INC,CAT,ee02-cat-0000018230-24-000053,restructuring,positive_current,2024-09-30,"entities in 2024, (ii) other restructuring income/costs, (iii) restructuring costs related to the divestiture of the company's Longwall business in 2023 and (iv) certain deferred tax valuation allowance adjustments in 2023.",visible filing text,current_or_general,true,codex-independent-context-review,2026-08-15T17:30:00+00:00,Gold context classified before benchmark aggregation,false
gold-event-0249,CATERPILLAR INC,CAT,ee02-cat-0000018230-24-000053,restructuring,positive_current,2024-09-30,"GAAP $ 3,147 19.5 % $ 3,098 $ 642 $ 2,464 $ 5.06 Other restructuring (income) costs 70 0.5 % 70 16 54 0.11 Three Months Ended September 30, 2024 - Adjusted $ 3,217 20.0 % $ 3,168 $ 658 $ 2,518 $ 5.17 Three Months Ended September 30, 2023 - U.S.",visible filing text,current_or_general,true,codex-independent-context-review,2026-08-15T17:30:00+00:00,Gold context classified before benchmark aggregation,false
gold-event-0250,CATERPILLAR INC,CAT,ee02-cat-0000018230-24-000053,restructuring,positive_current,2024-09-30,"GAAP $ 3,449 20.5 % $ 3,515 $ 734 $ 2,794 $ 5.45 Other restructuring (income) costs 46 0.3 % 46 10 36 0.07 Three Months Ended September 30, 2023 - Adjusted $ 3,495 20.8 % $ 3,561 $ 744 $ 2,830 $ 5.52 Nine Months Ended September 30, 2024 - U.S.",visible filing text,current_or_general,true,codex-independent-context-review,2026-08-15T17:30:00+00:00,Gold context classified before benchmark aggregation,false
gold-event-0251,CATERPILLAR INC,CAT,ee02-cat-0000018230-24-000053,restructuring,positive_current,2024-09-30,"GAAP $ 10,148 20.9 % $ 10,130 $ 2,166 $ 8,001 $ 16.27 Restructuring (income) costs - divestitures of certain non-U.S.",visible filing text,current_or_general,true,codex-independent-context-review,2026-08-15T17:30:00+00:00,Gold context classified before benchmark aggregation,false
gold-event-0252,CATERPILLAR INC,CAT,ee02-cat-0000018230-24-000053,restructuring,positive_current,2024-09-30,"entities 164 0.3 % 164 54 110 0.22 Other restructuring (income) costs 158 0.3 % 158 36 122 0.26 Nine Months Ended September 30, 2024 - Adjusted $ 10,470 21.5 % $ 10,452 $ 2,256 $ 8,233 $ 16.75 Nine Months Ended September 30, 2023 - U.S.",visible filing text,current_or_general,true,codex-independent-context-review,2026-08-15T17:30:00+00:00,Gold context classified before benchmark aggregation,false
gold-event-0253,CATERPILLAR INC,CAT,ee02-cat-0000018230-24-000053,restructuring,positive_current,2024-09-30,"GAAP $ 9,832 19.7 % $ 9,801 $ 2,194 $ 7,659 $ 14.85 Restructuring costs - Longwall divestiture 586 1.2 % 586 — 586 1.13 Other restructuring (income) costs 102 0.1 % 102 21 81 0.17 Deferred tax valuation allowance adjustments — — % — 88 (88) (0.17) Nine Months Ended September 30, 2023 - Adjusted $ 10,520 21.0 % $ 10,489 $ 2,303 $ 8,238 $ 15.98 We believe it is important to separately disclose our annual effective tax rate, excluding discrete items for our results to be meaningful to our readers.",visible filing text,current_or_general,true,codex-independent-context-review,2026-08-15T17:30:00+00:00,Gold context classified before benchmark aggregation,false
gold-event-0254,CATERPILLAR INC,CAT,ee02-cat-0000018230-24-000053,restructuring,positive_current,2024-09-30,"GAAP compensation expense, (iv) certain deferred tax valuation allowance adjustments in 2023, (v) the decrease in the annual effective tax rate in 2023 and (vi) restructuring costs related to the divestiture of the company's Longwall business in 2023.",visible filing text,current_or_general,true,codex-independent-context-review,2026-08-15T17:30:00+00:00,Gold context classified before benchmark aggregation,false
gold-event-0255,CATERPILLAR INC,CAT,ee02-cat-0000018230-24-000053,restructuring,positive_current,2024-09-30,"GAAP $ 3,098 $ 642 20.7 % Changes in estimates related to prior years — 47 Excess stock-based compensation — 7 Annual effective tax rate, excluding discrete items $ 3,098 $ 696 22.5 % Changes in estimates related to prior years — (47) Excess stock-based compensation — (7) Other restructuring (income) costs 70 16 Three Months Ended September 30, 2024 - Adjusted $ 3,168 $ 658 Three Months Ended September 30, 2023 - U.S.",visible filing text,current_or_general,true,codex-independent-context-review,2026-08-15T17:30:00+00:00,Gold context classified before benchmark aggregation,false
gold-event-0256,CATERPILLAR INC,CAT,ee02-cat-0000018230-24-000053,restructuring,positive_current,2024-09-30,"GAAP $ 3,515 $ 734 20.9 % Decrease in annual effective tax rate — 34 Excess stock-based compensation — 22 Annual effective tax rate, excluding discrete items $ 3,515 $ 790 22.5 % Decrease in annual effective tax rate — (34) Excess stock-based compensation — (22) Other restructuring (income) costs 46 10 Three Months Ended September 30, 2023 - Adjusted $ 3,561 $ 744 Nine Months Ended September 30, 2024 - U.S.",visible filing text,current_or_general,true,codex-independent-context-review,2026-08-15T17:30:00+00:00,Gold context classified before benchmark aggregation,false
gold-event-0257,CATERPILLAR INC,CAT,ee02-cat-0000018230-24-000053,restructuring,positive_current,2024-09-30,"GAAP $ 10,130 $ 2,166 21.4 % Restructuring (income) costs - divestitures of certain non-U.S.",visible filing text,current_or_general,true,codex-independent-context-review,2026-08-15T17:30:00+00:00,Gold context classified before benchmark aggregation,false
gold-event-0258,CATERPILLAR INC,CAT,ee02-cat-0000018230-24-000053,restructuring,positive_current,2024-09-30,"entities 164 54 Changes in estimates related to prior years — 47 Excess stock-based compensation — 49 Annual effective tax rate, excluding discrete items $ 10,294 $ 2,316 22.5 % Changes in estimates related to prior years — (47) Excess stock-based compensation — (49) Other restructuring (income) costs 158 36 Nine Months Ended September 30, 2024 - Adjusted $ 10,452 $ 2,256 Nine Months Ended September 30, 2023 - U.S.",visible filing text,current_or_general,true,codex-independent-context-review,2026-08-15T17:30:00+00:00,Gold context classified before benchmark aggregation,false
gold-event-0259,CATERPILLAR INC,CAT,ee02-cat-0000018230-24-000053,restructuring,positive_current,2024-09-30,"GAAP $ 9,801 $ 2,194 22.4 % Restructuring costs - Longwall divestiture 586 — Deferred tax valuation allowance adjustments — 88 Excess stock-based compensation — 54 Annual effective tax rate, excluding discrete items $ 10,387 $ 2,336 22.5 % Excess stock-based compensation — (54) Other restructuring (income) costs 102 21 Nine Months Ended September 30, 2023 - Adjusted $ 10,489 $ 2,303 In addition, we provide a calculation of ME&T free cash flow as we believe it is an important measure for investors to determine the cash generation available for financing activities including debt repayments, dividends and share repurchases.",visible filing text,current_or_general,true,codex-independent-context-review,2026-08-15T17:30:00+00:00,Gold context classified before benchmark aggregation,false
gold-event-0260,CLEVELAND-CLIFFS INC.,CLF,ee02-clf-0000764065-23-000032,major_investment,negative_context,2022-12-31,"With our facilities and equipment in the best shape since the acquisition of our steelmaking assets and no major investments expected until at least 2025, we are well positioned to benefit from operating efficiencies and improved capabilities in the coming years.",visible filing text,negated,false,codex-independent-context-review,2026-08-15T17:30:00+00:00,Gold context classified before benchmark aggregation,true
gold-event-0261,CLEVELAND-CLIFFS INC.,CLF,ee02-clf-0000764065-23-000032,supply_chain_constraint,negative_context,2022-12-31,"While production improved from the prior year, it remained below the prior ten-year average of approximately 16.0 million units primarily due to the global semiconductor shortage, as well as other material shortages and supply chain disruptions.",visible filing text,historical_or_completed,false,codex-independent-context-review,2026-08-15T17:30:00+00:00,Gold context classified before benchmark aggregation,true
gold-event-0262,CLEVELAND-CLIFFS INC.,CLF,ee02-clf-0000764065-23-000032,labour_constraint,positive_current,2022-12-31,"Even though many other employers are facing unprecedented labor shortages, we continued to grow during 2022.",visible filing text,current_or_general,true,codex-independent-context-review,2026-08-15T17:30:00+00:00,Gold context classified before benchmark aggregation,false
gold-event-0263,CLEVELAND-CLIFFS INC.,CLF,ee02-clf-0000764065-23-000032,supply_chain_constraint,positive_current,2022-12-31,"Automotive production and sales are cyclical and sensitive to general economic conditions and other factors, including interest rates, consumer credit, spending and preferences, and supply chain disruptions, such as the current semiconductor shortage.",visible filing text,current_or_general,true,codex-independent-context-review,2026-08-15T17:30:00+00:00,Gold context classified before benchmark aggregation,false
gold-event-0264,CLEVELAND-CLIFFS INC.,CLF,ee02-clf-0000764065-23-000032,supply_chain_constraint,positive_current,2022-12-31,"In addition, we have experienced, and may continue to experience, supply chain disruptions or operational issues with our vendors or logistics providers, as our suppliers and contractors face similar challenges related to the COVID-19 pandemic, including as a result of new or continued pandemic lockdowns in China.",visible filing text,current_or_general,true,codex-independent-context-review,2026-08-15T17:30:00+00:00,Gold context classified before benchmark aggregation,false
gold-event-0265,CLEVELAND-CLIFFS INC.,CLF,ee02-clf-0000764065-23-000032,refinancing,positive_current,2022-12-31,"Our ability to make scheduled payments on the principal, premium, if any, and interest on our debt, or to refinance our debt obligations, depends on our ability to generate cash in the future and our financial condition and operating performance, which are subject to prevailing economic and competitive conditions and to certain financial, business and other factors beyond our control, as described elsewhere in this “Risk Factors” section.",visible filing text,current_or_general,true,codex-independent-context-review,2026-08-15T17:30:00+00:00,Gold context classified before benchmark aggregation,false
gold-event-0266,CLEVELAND-CLIFFS INC.,CLF,ee02-clf-0000764065-23-000032,restructuring,positive_current,2022-12-31,"If we are unable to service our debt obligations, we could face substantial liquidity problems and we may be forced to reduce or delay investments and capital expenditures, or to sell assets, seek additional capital, including additional secured or unsecured debt, or restructure or refinance our debt, and we may be unable to continue as a going concern.",visible filing text,current_or_general,true,codex-independent-context-review,2026-08-15T17:30:00+00:00,Gold context classified before benchmark aggregation,false
gold-event-0267,CLEVELAND-CLIFFS INC.,CLF,ee02-clf-0000764065-23-000032,refinancing,positive_current,2022-12-31,"If we are unable to service our debt obligations, we could face substantial liquidity problems and we may be forced to reduce or delay investments and capital expenditures, or to sell assets, seek additional capital, including additional secured or unsecured debt, or restructure or refinance our debt, and we may be unable to continue as a going concern.",visible filing text,current_or_general,true,codex-independent-context-review,2026-08-15T17:30:00+00:00,Gold context classified before benchmark aggregation,false
gold-event-0268,CLEVELAND-CLIFFS INC.,CLF,ee02-clf-0000764065-23-000032,refinancing,positive_current,2022-12-31,"Our level of indebtedness could have further consequences, including, but not limited to, increasing our vulnerability to adverse economic or industry conditions, placing us at a competitive disadvantage compared to other businesses in the industries in which we operate that are not as leveraged and that may be better positioned to withstand economic downturns and recessionary environments, limiting our flexibility to plan for, or react to, changes in our businesses and the industries in which we operate, and requiring us to refinance all or a portion of our existing debt.",visible filing text,current_or_general,true,codex-independent-context-review,2026-08-15T17:30:00+00:00,Gold context classified before benchmark aggregation,false
gold-event-0269,CLEVELAND-CLIFFS INC.,CLF,ee02-clf-0000764065-23-000032,refinancing,negative_context,2022-12-31,"We may not be able to refinance on commercially reasonable terms or at all, and any refinancing of our debt could be at higher interest rates and may require us to comply with more onerous covenants, making it more difficult to obtain surety bonds, letters of credit or other financial assurances that may be demanded by our vendors 21 | CLF 2022 FORM 10-K Table of Contents or regulatory agencies, particularly during periods in which credit markets are weak.",visible filing text,negated,false,codex-independent-context-review,2026-08-15T17:30:00+00:00,Gold context classified before benchmark aggregation,true
gold-event-0270,CLEVELAND-CLIFFS INC.,CLF,ee02-clf-0000764065-23-000032,refinancing,positive_current,2022-12-31,"In addition, our cost of financing or refinancing, access to the capital markets, and the terms under which we purchase goods and services could be adversely affected if credit ratings agencies downgrade our ratings, whether due to factors specific to our business or debt profile, a prolonged cyclical downturn in the steel, scrap metal and mining industries or macroeconomic trends (such as global or regional recessions), increases in pension and OPEB obligations, recent adverse impacts of inflation and high interest rates, or trends in credit and capital markets more generally.",visible filing text,current_or_general,true,codex-independent-context-review,2026-08-15T17:30:00+00:00,Gold context classified before benchmark aggregation,false
gold-event-0271,CLEVELAND-CLIFFS INC.,CLF,ee02-clf-0000764065-23-000032,supply_chain_constraint,positive_current,2022-12-31,"Prices for electricity, natural gas, diesel fuel, oils and raw materials can fluctuate widely with availability and demand levels from other users, including fluctuations caused by the impact of recent inflationary pressures, supply chain constraints, the 22 | CLF 2022 FORM 10-K Table of Contents Russia-Ukraine conflict and the COVID-19 pandemic.",visible filing text,current_or_general,true,codex-independent-context-review,2026-08-15T17:30:00+00:00,Gold context classified before benchmark aggregation,false
gold-event-0272,CLEVELAND-CLIFFS INC.,CLF,ee02-clf-0000764065-23-000032,site_closure,positive_current,2022-12-31,"If faced with overcapacity in the market, regulatory challenges or other adverse conditions, we may seek to rationalize manufacturing and production assets through sales, temporary shutdowns, indefinite idles or facility closures.",visible filing text,current_or_general,true,codex-independent-context-review,2026-08-15T17:30:00+00:00,Gold context classified before benchmark aggregation,false
gold-event-0273,CLEVELAND-CLIFFS INC.,CLF,ee02-clf-0000764065-23-000032,site_closure,positive_current,2022-12-31,"To the extent an idled or closed facility formerly supplied critical inputs to our upstream production facilities, such as our recently closed Mountain State Carbon cokemaking facility, we may need to secure alternate sources for such critical inputs, the cost and availability of which may be uncertain.",visible filing text,current_or_general,true,codex-independent-context-review,2026-08-15T17:30:00+00:00,Gold context classified before benchmark aggregation,false
gold-event-0274,CLEVELAND-CLIFFS INC.,CLF,ee02-clf-0000764065-23-000032,site_closure,positive_current,2022-12-31,"The closure of a steelmaking or other operating facility or mining operation involves significant closure costs, including reclamation and other environmental costs, the costs of terminating long-term obligations, including customer, energy and transportation contracts and equipment and real property leases, costs associated with the altered tax profile of an idled or closed facility, and certain accounting charges, including asset impairment and accelerated depreciation.",visible filing text,current_or_general,true,codex-independent-context-review,2026-08-15T17:30:00+00:00,Gold context classified before benchmark aggregation,false
gold-event-0275,CLEVELAND-CLIFFS INC.,CLF,ee02-clf-0000764065-23-000032,cost_reduction,positive_current,2022-12-31,"Achieving this objective may be difficult due to a variety of factors, including fluctuations in the global economic and industry conditions, competitors’ hiring practices, cost reduction activities, and the effectiveness of our compensation programs.",visible filing text,current_or_general,true,codex-independent-context-review,2026-08-15T17:30:00+00:00,Gold context classified before benchmark aggregation,false
gold-event-0276,CLEVELAND-CLIFFS INC.,CLF,ee02-clf-0000764065-23-000032,labour_constraint,positive_current,2022-12-31,"We may encounter labor shortages for critical operational positions, which could adversely affect our ability to produce our products.",visible filing text,current_or_general,true,codex-independent-context-review,2026-08-15T17:30:00+00:00,Gold context classified before benchmark aggregation,false
gold-event-0277,CLEVELAND-CLIFFS INC.,CLF,ee02-clf-0000764065-23-000032,labour_constraint,positive_current,2022-12-31,"Due to the advanced age of much of our workforce, we may face potential labor shortages caused by senior employee attrition or otherwise, resulting in the loss of these experienced workers’ specialized institutional knowledge of our legacy businesses and systems, and we may have difficulty replacing them at competitive wages or at all.",visible filing text,current_or_general,true,codex-independent-context-review,2026-08-15T17:30:00+00:00,Gold context classified before benchmark aggregation,false
gold-event-0278,CLEVELAND-CLIFFS INC.,CLF,ee02-clf-0000764065-23-000032,redundancy,positive_current,2022-12-31,"Cliffs maintains exploration drill hole data in an externally-managed, access-controlled acQuire database that is backed up online at regularly scheduled intervals to provide data redundancy and security.",visible filing text,current_or_general,true,codex-independent-context-review,2026-08-15T17:30:00+00:00,Gold context classified before benchmark aggregation,false
gold-event-0279,CLEVELAND-CLIFFS INC.,CLF,ee02-clf-0000764065-23-000032,supply_chain_constraint,positive_current,2022-12-31,"While we have seen modest improvement, automotive production remains below historical levels and continues to be adversely affected by the global semiconductor shortage, as well as other material shortages and supply chain disruptions.",visible filing text,current_or_general,true,codex-independent-context-review,2026-08-15T17:30:00+00:00,Gold context classified before benchmark aggregation,false
gold-event-0280,CLEVELAND-CLIFFS INC.,CLF,ee02-clf-0000764065-23-000032,demand_weakness,positive_current,2022-12-31,"• These increases were partially offset by a decrease in the distributors and converters market of $1,283 million, or 17%, predominantly due to service center destocking, interest rate hikes driving caution on new business and pricing for metallics declining, which caused weaker demand from service centers for our steel products and large declines in spot steel pricing.",visible filing text,current_or_general,true,codex-independent-context-review,2026-08-15T17:30:00+00:00,Gold context classified before benchmark aggregation,false
gold-event-0281,CLEVELAND-CLIFFS INC.,CLF,ee02-clf-0000764065-23-000032,demand_weakness,positive_current,2022-12-31,"GROSS MARGIN Gross margin decreased by $2,053 million, or 45%, during the year ended December 31, 2022, as compared to the prior-year, primarily due to: • Increased costs of production (approximately $3.6 billion impact) driven by higher raw materials and utility costs, including natural gas, coal, coke, alloys and scrap, coupled with increased investment in maintenance and labor costs; and • A decrease in sales volumes (approximately $700 million impact) predominantly driven by lower shipments to the distributors and converters end market due to weaker demand.",visible filing text,current_or_general,true,codex-independent-context-review,2026-08-15T17:30:00+00:00,Gold context classified before benchmark aggregation,false
gold-event-0282,CLEVELAND-CLIFFS INC.,CLF,ee02-clf-0000764065-23-000032,major_investment,negative_context,2022-12-31,"With our facilities and equipment in the best shape since the acquisition, we do not expect any major investments until at least 2025.",visible filing text,negated,false,codex-independent-context-review,2026-08-15T17:30:00+00:00,Gold context classified before benchmark aggregation,true
gold-event-0283,CLEVELAND-CLIFFS INC.,CLF,ee02-clf-0000764065-23-000032,restructuring,positive_current,2022-12-31,"The 2020 pro forma net loss was adjusted to exclude restructuring costs of $ 1,820 million of non-recurring costs incurred by ArcelorMittal USA prior to the AM USA Transaction.",visible filing text,current_or_general,true,codex-independent-context-review,2026-08-15T17:30:00+00:00,Gold context classified before benchmark aggregation,false
gold-event-0284,CLEVELAND-CLIFFS INC.,CLF,ee02-clf-0000764065-23-000032,cost_reduction,negative_context,2022-12-31,"The unaudited pro forma financial information does not reflect the potential realization of synergies or cost savings, nor does it reflect other costs relating to the integration of the acquired companies.",visible filing text,negated,false,codex-independent-context-review,2026-08-15T17:30:00+00:00,Gold context classified before benchmark aggregation,true
